solid OpenSCAD_Model
  facet normal 0.24868989 -0.96858317 0
    outer loop
      vertex -3.2583592 9.717464 0.8
      vertex -3.5502849 9.64251 2.6
      vertex -3.5502849 9.64251 0.8
    endloop
  endfacet
  facet normal 0.24868989 -0.96858317 0
    outer loop
      vertex -3.2583592 9.717464 0.8
      vertex -3.2583592 9.717464 2.6
      vertex -3.5502849 9.64251 2.6
    endloop
  endfacet
  facet normal 0.36812454 -0.9297765 0
    outer loop
      vertex -2.9781296 9.828415 0.8
      vertex -3.2583592 9.717464 2.6
      vertex -3.2583592 9.717464 0.8
    endloop
  endfacet
  facet normal 0.36812454 -0.9297765 0
    outer loop
      vertex -2.9781296 9.828415 0.8
      vertex -2.9781296 9.828415 2.6
      vertex -3.2583592 9.717464 2.6
    endloop
  endfacet
  facet normal 0.48175368 -0.87630665 0
    outer loop
      vertex -2.7140157 9.973613 0.8
      vertex -2.9781296 9.828415 2.6
      vertex -2.9781296 9.828415 0.8
    endloop
  endfacet
  facet normal 0.48175368 -0.87630665 0
    outer loop
      vertex -2.7140157 9.973613 0.8
      vertex -2.7140157 9.973613 2.6
      vertex -2.9781296 9.828415 2.6
    endloop
  endfacet
  facet normal 0.58778524 -0.809017 0
    outer loop
      vertex -2.4701824 10.150768 0.8
      vertex -2.7140157 9.973613 2.6
      vertex -2.7140157 9.973613 0.8
    endloop
  endfacet
  facet normal 0.58778524 -0.809017 0
    outer loop
      vertex -2.4701824 10.150768 0.8
      vertex -2.4701824 10.150768 2.6
      vertex -2.7140157 9.973613 2.6
    endloop
  endfacet
  facet normal 0.6845471 -0.7289686 0
    outer loop
      vertex -2.2504754 10.357087 0.8
      vertex -2.4701824 10.150768 2.6
      vertex -2.4701824 10.150768 0.8
    endloop
  endfacet
  facet normal 0.6845471 -0.7289686 0
    outer loop
      vertex -2.2504754 10.357087 0.8
      vertex -2.2504754 10.357087 2.6
      vertex -2.4701824 10.150768 2.6
    endloop
  endfacet
  facet normal 0.77051324 -0.637424 0
    outer loop
      vertex -2.0583591 10.589315 0.8
      vertex -2.2504754 10.357087 2.6
      vertex -2.2504754 10.357087 0.8
    endloop
  endfacet
  facet normal 0.77051324 -0.637424 0
    outer loop
      vertex -2.0583591 10.589315 0.8
      vertex -2.0583591 10.589315 2.6
      vertex -2.2504754 10.357087 2.6
    endloop
  endfacet
  facet normal 0.8443279 -0.5358268 0
    outer loop
      vertex -1.8968639 10.843791 0.8
      vertex -2.0583591 10.589315 2.6
      vertex -2.0583591 10.589315 0.8
    endloop
  endfacet
  facet normal 0.8443279 -0.5358268 0
    outer loop
      vertex -1.8968639 10.843791 0.8
      vertex -1.8968639 10.843791 2.6
      vertex -2.0583591 10.589315 2.6
    endloop
  endfacet
  facet normal 0.90482706 -0.42577928 0
    outer loop
      vertex -1.7685364 11.116501 0.8
      vertex -1.8968639 10.843791 2.6
      vertex -1.8968639 10.843791 0.8
    endloop
  endfacet
  facet normal 0.90482706 -0.42577928 0
    outer loop
      vertex -1.7685364 11.116501 0.8
      vertex -1.7685364 11.116501 2.6
      vertex -1.8968639 10.843791 2.6
    endloop
  endfacet
  facet normal 0.95105654 -0.309017 0
    outer loop
      vertex -1.6754004 11.403144 0.8
      vertex -1.7685364 11.116501 2.6
      vertex -1.7685364 11.116501 0.8
    endloop
  endfacet
  facet normal 0.95105654 -0.309017 0
    outer loop
      vertex -1.6754004 11.403144 0.8
      vertex -1.6754004 11.403144 2.6
      vertex -1.7685364 11.116501 2.6
    endloop
  endfacet
  facet normal 0.9822872 -0.18738131 0
    outer loop
      vertex -1.6189247 11.699201 0.8
      vertex -1.6754004 11.403144 2.6
      vertex -1.6754004 11.403144 0.8
    endloop
  endfacet
  facet normal 0.9822872 -0.18738131 0
    outer loop
      vertex -1.6189247 11.699201 0.8
      vertex -1.6189247 11.699201 2.6
      vertex -1.6754004 11.403144 2.6
    endloop
  endfacet
  facet normal 0.9980267 -0.06279052 0
    outer loop
      vertex -1.6 12 0.8
      vertex -1.6189247 11.699201 2.6
      vertex -1.6189247 11.699201 0.8
    endloop
  endfacet
  facet normal 0.9980267 -0.06279052 0
    outer loop
      vertex -1.6 12 0.8
      vertex -1.6 12 2.6
      vertex -1.6189247 11.699201 2.6
    endloop
  endfacet
  facet normal 0.9980267 0.06279052 0
    outer loop
      vertex -1.6189247 12.300799 0.8
      vertex -1.6 12 2.6
      vertex -1.6 12 0.8
    endloop
  endfacet
  facet normal 0.9980267 0.06279052 0
    outer loop
      vertex -1.6189247 12.300799 0.8
      vertex -1.6189247 12.300799 2.6
      vertex -1.6 12 2.6
    endloop
  endfacet
  facet normal 0.9822872 0.18738131 0
    outer loop
      vertex -1.6754004 12.596856 0.8
      vertex -1.6189247 12.300799 2.6
      vertex -1.6189247 12.300799 0.8
    endloop
  endfacet
  facet normal 0.9822872 0.18738131 0
    outer loop
      vertex -1.6754004 12.596856 0.8
      vertex -1.6754004 12.596856 2.6
      vertex -1.6189247 12.300799 2.6
    endloop
  endfacet
  facet normal 0.95105654 0.309017 0
    outer loop
      vertex -1.7685364 12.883499 0.8
      vertex -1.6754004 12.596856 2.6
      vertex -1.6754004 12.596856 0.8
    endloop
  endfacet
  facet normal 0.95105654 0.309017 0
    outer loop
      vertex -1.7685364 12.883499 0.8
      vertex -1.7685364 12.883499 2.6
      vertex -1.6754004 12.596856 2.6
    endloop
  endfacet
  facet normal 0.90482706 0.42577928 0
    outer loop
      vertex -1.8968639 13.156209 0.8
      vertex -1.7685364 12.883499 2.6
      vertex -1.7685364 12.883499 0.8
    endloop
  endfacet
  facet normal 0.90482706 0.42577928 0
    outer loop
      vertex -1.8968639 13.156209 0.8
      vertex -1.8968639 13.156209 2.6
      vertex -1.7685364 12.883499 2.6
    endloop
  endfacet
  facet normal 0.8443279 0.5358268 0
    outer loop
      vertex -2.0583591 13.410685 0.8
      vertex -1.8968639 13.156209 2.6
      vertex -1.8968639 13.156209 0.8
    endloop
  endfacet
  facet normal 0.8443279 0.5358268 0
    outer loop
      vertex -2.0583591 13.410685 0.8
      vertex -2.0583591 13.410685 2.6
      vertex -1.8968639 13.156209 2.6
    endloop
  endfacet
  facet normal 0.77051324 0.637424 0
    outer loop
      vertex -2.2504754 13.642913 0.8
      vertex -2.0583591 13.410685 2.6
      vertex -2.0583591 13.410685 0.8
    endloop
  endfacet
  facet normal 0.77051324 0.637424 0
    outer loop
      vertex -2.2504754 13.642913 0.8
      vertex -2.2504754 13.642913 2.6
      vertex -2.0583591 13.410685 2.6
    endloop
  endfacet
  facet normal 0.6845471 0.7289686 0
    outer loop
      vertex -2.4701824 13.849232 0.8
      vertex -2.2504754 13.642913 2.6
      vertex -2.2504754 13.642913 0.8
    endloop
  endfacet
  facet normal 0.6845471 0.7289686 0
    outer loop
      vertex -2.4701824 13.849232 0.8
      vertex -2.4701824 13.849232 2.6
      vertex -2.2504754 13.642913 2.6
    endloop
  endfacet
  facet normal 0.58778524 0.809017 0
    outer loop
      vertex -2.7140157 14.026387 0.8
      vertex -2.4701824 13.849232 2.6
      vertex -2.4701824 13.849232 0.8
    endloop
  endfacet
  facet normal 0.58778524 0.809017 0
    outer loop
      vertex -2.7140157 14.026387 0.8
      vertex -2.7140157 14.026387 2.6
      vertex -2.4701824 13.849232 2.6
    endloop
  endfacet
  facet normal 0.48175368 0.87630665 0
    outer loop
      vertex -2.9781296 14.171585 0.8
      vertex -2.7140157 14.026387 2.6
      vertex -2.7140157 14.026387 0.8
    endloop
  endfacet
  facet normal 0.48175368 0.87630665 0
    outer loop
      vertex -2.9781296 14.171585 0.8
      vertex -2.9781296 14.171585 2.6
      vertex -2.7140157 14.026387 2.6
    endloop
  endfacet
  facet normal 0.36812454 0.9297765 0
    outer loop
      vertex -3.2583592 14.282536 0.8
      vertex -2.9781296 14.171585 2.6
      vertex -2.9781296 14.171585 0.8
    endloop
  endfacet
  facet normal 0.36812454 0.9297765 0
    outer loop
      vertex -3.2583592 14.282536 0.8
      vertex -3.2583592 14.282536 2.6
      vertex -2.9781296 14.171585 2.6
    endloop
  endfacet
  facet normal 0.24868989 0.96858317 0
    outer loop
      vertex -3.5502849 14.35749 0.8
      vertex -3.2583592 14.282536 2.6
      vertex -3.2583592 14.282536 0.8
    endloop
  endfacet
  facet normal 0.24868989 0.96858317 0
    outer loop
      vertex -3.5502849 14.35749 0.8
      vertex -3.5502849 14.35749 2.6
      vertex -3.2583592 14.282536 2.6
    endloop
  endfacet
  facet normal 0.12533323 0.9921147 0
    outer loop
      vertex -3.8493028 14.395264 0.8
      vertex -3.5502849 14.35749 2.6
      vertex -3.5502849 14.35749 0.8
    endloop
  endfacet
  facet normal 0.12533323 0.9921147 0
    outer loop
      vertex -3.8493028 14.395264 0.8
      vertex -3.8493028 14.395264 2.6
      vertex -3.5502849 14.35749 2.6
    endloop
  endfacet
  facet normal 0 1 0
    outer loop
      vertex -4.150697 14.395264 0.8
      vertex -3.8493028 14.395264 2.6
      vertex -3.8493028 14.395264 0.8
    endloop
  endfacet
  facet normal 0 1 0
    outer loop
      vertex -4.150697 14.395264 0.8
      vertex -4.150697 14.395264 2.6
      vertex -3.8493028 14.395264 2.6
    endloop
  endfacet
  facet normal -0.12533323 0.9921147 0
    outer loop
      vertex -4.449715 14.35749 0.8
      vertex -4.150697 14.395264 2.6
      vertex -4.150697 14.395264 0.8
    endloop
  endfacet
  facet normal -0.12533323 0.9921147 0
    outer loop
      vertex -4.449715 14.35749 0.8
      vertex -4.449715 14.35749 2.6
      vertex -4.150697 14.395264 2.6
    endloop
  endfacet
  facet normal -0.24868989 0.96858317 0
    outer loop
      vertex -4.7416406 14.282536 0.8
      vertex -4.449715 14.35749 2.6
      vertex -4.449715 14.35749 0.8
    endloop
  endfacet
  facet normal -0.24868989 0.96858317 0
    outer loop
      vertex -4.7416406 14.282536 0.8
      vertex -4.7416406 14.282536 2.6
      vertex -4.449715 14.35749 2.6
    endloop
  endfacet
  facet normal -0.36812454 0.9297765 0
    outer loop
      vertex -5.02187 14.171585 0.8
      vertex -4.7416406 14.282536 2.6
      vertex -4.7416406 14.282536 0.8
    endloop
  endfacet
  facet normal -0.36812454 0.9297765 0
    outer loop
      vertex -5.02187 14.171585 0.8
      vertex -5.02187 14.171585 2.6
      vertex -4.7416406 14.282536 2.6
    endloop
  endfacet
  facet normal -0.48175368 0.87630665 0
    outer loop
      vertex -5.2859845 14.026387 0.8
      vertex -5.02187 14.171585 2.6
      vertex -5.02187 14.171585 0.8
    endloop
  endfacet
  facet normal -0.48175368 0.87630665 0
    outer loop
      vertex -5.2859845 14.026387 0.8
      vertex -5.2859845 14.026387 2.6
      vertex -5.02187 14.171585 2.6
    endloop
  endfacet
  facet normal -0.58778524 0.809017 0
    outer loop
      vertex -5.5298176 13.849232 0.8
      vertex -5.2859845 14.026387 2.6
      vertex -5.2859845 14.026387 0.8
    endloop
  endfacet
  facet normal -0.58778524 0.809017 0
    outer loop
      vertex -5.5298176 13.849232 0.8
      vertex -5.5298176 13.849232 2.6
      vertex -5.2859845 14.026387 2.6
    endloop
  endfacet
  facet normal -0.6845471 0.7289686 0
    outer loop
      vertex -5.7495246 13.642913 0.8
      vertex -5.5298176 13.849232 2.6
      vertex -5.5298176 13.849232 0.8
    endloop
  endfacet
  facet normal -0.6845471 0.7289686 0
    outer loop
      vertex -5.7495246 13.642913 0.8
      vertex -5.7495246 13.642913 2.6
      vertex -5.5298176 13.849232 2.6
    endloop
  endfacet
  facet normal -0.77051324 0.637424 0
    outer loop
      vertex -5.941641 13.410685 0.8
      vertex -5.7495246 13.642913 2.6
      vertex -5.7495246 13.642913 0.8
    endloop
  endfacet
  facet normal -0.77051324 0.637424 0
    outer loop
      vertex -5.941641 13.410685 0.8
      vertex -5.941641 13.410685 2.6
      vertex -5.7495246 13.642913 2.6
    endloop
  endfacet
  facet normal -0.8443279 0.5358268 0
    outer loop
      vertex -6.103136 13.156209 0.8
      vertex -5.941641 13.410685 2.6
      vertex -5.941641 13.410685 0.8
    endloop
  endfacet
  facet normal -0.8443279 0.5358268 0
    outer loop
      vertex -6.103136 13.156209 0.8
      vertex -6.103136 13.156209 2.6
      vertex -5.941641 13.410685 2.6
    endloop
  endfacet
  facet normal -0.90482706 0.42577928 0
    outer loop
      vertex -6.2314634 12.883499 0.8
      vertex -6.103136 13.156209 2.6
      vertex -6.103136 13.156209 0.8
    endloop
  endfacet
  facet normal -0.90482706 0.42577928 0
    outer loop
      vertex -6.2314634 12.883499 0.8
      vertex -6.2314634 12.883499 2.6
      vertex -6.103136 13.156209 2.6
    endloop
  endfacet
  facet normal -0.95105654 0.309017 0
    outer loop
      vertex -6.3245997 12.596856 0.8
      vertex -6.2314634 12.883499 2.6
      vertex -6.2314634 12.883499 0.8
    endloop
  endfacet
  facet normal -0.95105654 0.309017 0
    outer loop
      vertex -6.3245997 12.596856 0.8
      vertex -6.3245997 12.596856 2.6
      vertex -6.2314634 12.883499 2.6
    endloop
  endfacet
  facet normal -0.9822872 0.18738131 0
    outer loop
      vertex -6.3810754 12.300799 0.8
      vertex -6.3245997 12.596856 2.6
      vertex -6.3245997 12.596856 0.8
    endloop
  endfacet
  facet normal -0.9822872 0.18738131 0
    outer loop
      vertex -6.3810754 12.300799 0.8
      vertex -6.3810754 12.300799 2.6
      vertex -6.3245997 12.596856 2.6
    endloop
  endfacet
  facet normal -0.9980267 0.06279052 0
    outer loop
      vertex -6.4 12 0.8
      vertex -6.3810754 12.300799 2.6
      vertex -6.3810754 12.300799 0.8
    endloop
  endfacet
  facet normal -0.9980267 0.06279052 0
    outer loop
      vertex -6.4 12 0.8
      vertex -6.4 12 2.6
      vertex -6.3810754 12.300799 2.6
    endloop
  endfacet
  facet normal -0.9980267 -0.06279052 0
    outer loop
      vertex -6.3810754 11.699201 0.8
      vertex -6.4 12 2.6
      vertex -6.4 12 0.8
    endloop
  endfacet
  facet normal -0.9980267 -0.06279052 0
    outer loop
      vertex -6.3810754 11.699201 0.8
      vertex -6.3810754 11.699201 2.6
      vertex -6.4 12 2.6
    endloop
  endfacet
  facet normal -0.9822872 -0.18738131 0
    outer loop
      vertex -6.3245997 11.403144 0.8
      vertex -6.3810754 11.699201 2.6
      vertex -6.3810754 11.699201 0.8
    endloop
  endfacet
  facet normal -0.9822872 -0.18738131 0
    outer loop
      vertex -6.3245997 11.403144 0.8
      vertex -6.3245997 11.403144 2.6
      vertex -6.3810754 11.699201 2.6
    endloop
  endfacet
  facet normal -0.95105654 -0.309017 0
    outer loop
      vertex -6.2314634 11.116501 0.8
      vertex -6.3245997 11.403144 2.6
      vertex -6.3245997 11.403144 0.8
    endloop
  endfacet
  facet normal -0.95105654 -0.309017 0
    outer loop
      vertex -6.2314634 11.116501 0.8
      vertex -6.2314634 11.116501 2.6
      vertex -6.3245997 11.403144 2.6
    endloop
  endfacet
  facet normal -0.90482706 -0.42577928 0
    outer loop
      vertex -6.103136 10.843791 0.8
      vertex -6.2314634 11.116501 2.6
      vertex -6.2314634 11.116501 0.8
    endloop
  endfacet
  facet normal -0.90482706 -0.42577928 0
    outer loop
      vertex -6.103136 10.843791 0.8
      vertex -6.103136 10.843791 2.6
      vertex -6.2314634 11.116501 2.6
    endloop
  endfacet
  facet normal -0.8443279 -0.5358268 0
    outer loop
      vertex -5.941641 10.589315 0.8
      vertex -6.103136 10.843791 2.6
      vertex -6.103136 10.843791 0.8
    endloop
  endfacet
  facet normal -0.8443279 -0.5358268 0
    outer loop
      vertex -5.941641 10.589315 0.8
      vertex -5.941641 10.589315 2.6
      vertex -6.103136 10.843791 2.6
    endloop
  endfacet
  facet normal -0.77051324 -0.637424 0
    outer loop
      vertex -5.7495246 10.357087 0.8
      vertex -5.941641 10.589315 2.6
      vertex -5.941641 10.589315 0.8
    endloop
  endfacet
  facet normal -0.77051324 -0.637424 0
    outer loop
      vertex -5.7495246 10.357087 0.8
      vertex -5.7495246 10.357087 2.6
      vertex -5.941641 10.589315 2.6
    endloop
  endfacet
  facet normal -0.6845471 -0.7289686 0
    outer loop
      vertex -5.5298176 10.150768 0.8
      vertex -5.7495246 10.357087 2.6
      vertex -5.7495246 10.357087 0.8
    endloop
  endfacet
  facet normal -0.6845471 -0.7289686 0
    outer loop
      vertex -5.5298176 10.150768 0.8
      vertex -5.5298176 10.150768 2.6
      vertex -5.7495246 10.357087 2.6
    endloop
  endfacet
  facet normal -0.58778524 -0.809017 0
    outer loop
      vertex -5.2859845 9.973613 0.8
      vertex -5.5298176 10.150768 2.6
      vertex -5.5298176 10.150768 0.8
    endloop
  endfacet
  facet normal -0.58778524 -0.809017 0
    outer loop
      vertex -5.2859845 9.973613 0.8
      vertex -5.2859845 9.973613 2.6
      vertex -5.5298176 10.150768 2.6
    endloop
  endfacet
  facet normal -0.48175368 -0.87630665 0
    outer loop
      vertex -5.02187 9.828415 0.8
      vertex -5.2859845 9.973613 2.6
      vertex -5.2859845 9.973613 0.8
    endloop
  endfacet
  facet normal -0.48175368 -0.87630665 0
    outer loop
      vertex -5.02187 9.828415 0.8
      vertex -5.02187 9.828415 2.6
      vertex -5.2859845 9.973613 2.6
    endloop
  endfacet
  facet normal -0.36812454 -0.9297765 0
    outer loop
      vertex -4.7416406 9.717464 0.8
      vertex -5.02187 9.828415 2.6
      vertex -5.02187 9.828415 0.8
    endloop
  endfacet
  facet normal -0.36812454 -0.9297765 0
    outer loop
      vertex -4.7416406 9.717464 0.8
      vertex -4.7416406 9.717464 2.6
      vertex -5.02187 9.828415 2.6
    endloop
  endfacet
  facet normal -0.24868989 -0.96858317 0
    outer loop
      vertex -4.449715 9.64251 0.8
      vertex -4.7416406 9.717464 2.6
      vertex -4.7416406 9.717464 0.8
    endloop
  endfacet
  facet normal -0.24868989 -0.96858317 0
    outer loop
      vertex -4.449715 9.64251 0.8
      vertex -4.449715 9.64251 2.6
      vertex -4.7416406 9.717464 2.6
    endloop
  endfacet
  facet normal -0.12533323 -0.9921147 0
    outer loop
      vertex -4.150697 9.604736 0.8
      vertex -4.449715 9.64251 2.6
      vertex -4.449715 9.64251 0.8
    endloop
  endfacet
  facet normal -0.12533323 -0.9921147 0
    outer loop
      vertex -4.150697 9.604736 0.8
      vertex -4.150697 9.604736 2.6
      vertex -4.449715 9.64251 2.6
    endloop
  endfacet
  facet normal 0 -1 0
    outer loop
      vertex -3.8493028 9.604736 0.8
      vertex -4.150697 9.604736 2.6
      vertex -4.150697 9.604736 0.8
    endloop
  endfacet
  facet normal 0 -1 0
    outer loop
      vertex -3.8493028 9.604736 0.8
      vertex -3.8493028 9.604736 2.6
      vertex -4.150697 9.604736 2.6
    endloop
  endfacet
  facet normal 0.12533323 -0.9921147 0
    outer loop
      vertex -3.5502849 9.64251 0.8
      vertex -3.8493028 9.604736 2.6
      vertex -3.8493028 9.604736 0.8
    endloop
  endfacet
  facet normal 0.12533323 -0.9921147 0
    outer loop
      vertex -3.5502849 9.64251 0.8
      vertex -3.5502849 9.64251 2.6
      vertex -3.8493028 9.604736 2.6
    endloop
  endfacet
  facet normal 0.24868989 -0.96858317 0
    outer loop
      vertex 4.7416406 9.717464 0.8
      vertex 4.449715 9.64251 2.6
      vertex 4.449715 9.64251 0.8
    endloop
  endfacet
  facet normal 0.24868989 -0.96858317 0
    outer loop
      vertex 4.7416406 9.717464 0.8
      vertex 4.7416406 9.717464 2.6
      vertex 4.449715 9.64251 2.6
    endloop
  endfacet
  facet normal 0.36812454 -0.9297765 0
    outer loop
      vertex 5.02187 9.828415 0.8
      vertex 4.7416406 9.717464 2.6
      vertex 4.7416406 9.717464 0.8
    endloop
  endfacet
  facet normal 0.36812454 -0.9297765 0
    outer loop
      vertex 5.02187 9.828415 0.8
      vertex 5.02187 9.828415 2.6
      vertex 4.7416406 9.717464 2.6
    endloop
  endfacet
  facet normal 0.48175368 -0.87630665 0
    outer loop
      vertex 5.2859845 9.973613 0.8
      vertex 5.02187 9.828415 2.6
      vertex 5.02187 9.828415 0.8
    endloop
  endfacet
  facet normal 0.48175368 -0.87630665 0
    outer loop
      vertex 5.2859845 9.973613 0.8
      vertex 5.2859845 9.973613 2.6
      vertex 5.02187 9.828415 2.6
    endloop
  endfacet
  facet normal 0.58778524 -0.809017 0
    outer loop
      vertex 5.5298176 10.150768 0.8
      vertex 5.2859845 9.973613 2.6
      vertex 5.2859845 9.973613 0.8
    endloop
  endfacet
  facet normal 0.58778524 -0.809017 0
    outer loop
      vertex 5.5298176 10.150768 0.8
      vertex 5.5298176 10.150768 2.6
      vertex 5.2859845 9.973613 2.6
    endloop
  endfacet
  facet normal 0.6845471 -0.7289686 0
    outer loop
      vertex 5.7495246 10.357087 0.8
      vertex 5.5298176 10.150768 2.6
      vertex 5.5298176 10.150768 0.8
    endloop
  endfacet
  facet normal 0.6845471 -0.7289686 0
    outer loop
      vertex 5.7495246 10.357087 0.8
      vertex 5.7495246 10.357087 2.6
      vertex 5.5298176 10.150768 2.6
    endloop
  endfacet
  facet normal 0.77051324 -0.637424 0
    outer loop
      vertex 5.941641 10.589315 0.8
      vertex 5.7495246 10.357087 2.6
      vertex 5.7495246 10.357087 0.8
    endloop
  endfacet
  facet normal 0.77051324 -0.637424 0
    outer loop
      vertex 5.941641 10.589315 0.8
      vertex 5.941641 10.589315 2.6
      vertex 5.7495246 10.357087 2.6
    endloop
  endfacet
  facet normal 0.8443279 -0.5358268 0
    outer loop
      vertex 6.103136 10.843791 0.8
      vertex 5.941641 10.589315 2.6
      vertex 5.941641 10.589315 0.8
    endloop
  endfacet
  facet normal 0.8443279 -0.5358268 0
    outer loop
      vertex 6.103136 10.843791 0.8
      vertex 6.103136 10.843791 2.6
      vertex 5.941641 10.589315 2.6
    endloop
  endfacet
  facet normal 0.90482706 -0.42577928 0
    outer loop
      vertex 6.2314634 11.116501 0.8
      vertex 6.103136 10.843791 2.6
      vertex 6.103136 10.843791 0.8
    endloop
  endfacet
  facet normal 0.90482706 -0.42577928 0
    outer loop
      vertex 6.2314634 11.116501 0.8
      vertex 6.2314634 11.116501 2.6
      vertex 6.103136 10.843791 2.6
    endloop
  endfacet
  facet normal 0.95105654 -0.309017 0
    outer loop
      vertex 6.3245997 11.403144 0.8
      vertex 6.2314634 11.116501 2.6
      vertex 6.2314634 11.116501 0.8
    endloop
  endfacet
  facet normal 0.95105654 -0.309017 0
    outer loop
      vertex 6.3245997 11.403144 0.8
      vertex 6.3245997 11.403144 2.6
      vertex 6.2314634 11.116501 2.6
    endloop
  endfacet
  facet normal 0.9822872 -0.18738131 0
    outer loop
      vertex 6.3810754 11.699201 0.8
      vertex 6.3245997 11.403144 2.6
      vertex 6.3245997 11.403144 0.8
    endloop
  endfacet
  facet normal 0.9822872 -0.18738131 0
    outer loop
      vertex 6.3810754 11.699201 0.8
      vertex 6.3810754 11.699201 2.6
      vertex 6.3245997 11.403144 2.6
    endloop
  endfacet
  facet normal 0.9980267 -0.06279052 0
    outer loop
      vertex 6.4 12 0.8
      vertex 6.3810754 11.699201 2.6
      vertex 6.3810754 11.699201 0.8
    endloop
  endfacet
  facet normal 0.9980267 -0.06279052 0
    outer loop
      vertex 6.4 12 0.8
      vertex 6.4 12 2.6
      vertex 6.3810754 11.699201 2.6
    endloop
  endfacet
  facet normal 0.9980267 0.06279052 0
    outer loop
      vertex 6.3810754 12.300799 0.8
      vertex 6.4 12 2.6
      vertex 6.4 12 0.8
    endloop
  endfacet
  facet normal 0.9980267 0.06279052 0
    outer loop
      vertex 6.3810754 12.300799 0.8
      vertex 6.3810754 12.300799 2.6
      vertex 6.4 12 2.6
    endloop
  endfacet
  facet normal 0.9822872 0.18738131 0
    outer loop
      vertex 6.3245997 12.596856 0.8
      vertex 6.3810754 12.300799 2.6
      vertex 6.3810754 12.300799 0.8
    endloop
  endfacet
  facet normal 0.9822872 0.18738131 0
    outer loop
      vertex 6.3245997 12.596856 0.8
      vertex 6.3245997 12.596856 2.6
      vertex 6.3810754 12.300799 2.6
    endloop
  endfacet
  facet normal 0.95105654 0.309017 0
    outer loop
      vertex 6.2314634 12.883499 0.8
      vertex 6.3245997 12.596856 2.6
      vertex 6.3245997 12.596856 0.8
    endloop
  endfacet
  facet normal 0.95105654 0.309017 0
    outer loop
      vertex 6.2314634 12.883499 0.8
      vertex 6.2314634 12.883499 2.6
      vertex 6.3245997 12.596856 2.6
    endloop
  endfacet
  facet normal 0.90482706 0.42577928 0
    outer loop
      vertex 6.103136 13.156209 0.8
      vertex 6.2314634 12.883499 2.6
      vertex 6.2314634 12.883499 0.8
    endloop
  endfacet
  facet normal 0.90482706 0.42577928 0
    outer loop
      vertex 6.103136 13.156209 0.8
      vertex 6.103136 13.156209 2.6
      vertex 6.2314634 12.883499 2.6
    endloop
  endfacet
  facet normal 0.8443279 0.5358268 0
    outer loop
      vertex 5.941641 13.410685 0.8
      vertex 6.103136 13.156209 2.6
      vertex 6.103136 13.156209 0.8
    endloop
  endfacet
  facet normal 0.8443279 0.5358268 0
    outer loop
      vertex 5.941641 13.410685 0.8
      vertex 5.941641 13.410685 2.6
      vertex 6.103136 13.156209 2.6
    endloop
  endfacet
  facet normal 0.77051324 0.637424 0
    outer loop
      vertex 5.7495246 13.642913 0.8
      vertex 5.941641 13.410685 2.6
      vertex 5.941641 13.410685 0.8
    endloop
  endfacet
  facet normal 0.77051324 0.637424 0
    outer loop
      vertex 5.7495246 13.642913 0.8
      vertex 5.7495246 13.642913 2.6
      vertex 5.941641 13.410685 2.6
    endloop
  endfacet
  facet normal 0.6845471 0.7289686 0
    outer loop
      vertex 5.5298176 13.849232 0.8
      vertex 5.7495246 13.642913 2.6
      vertex 5.7495246 13.642913 0.8
    endloop
  endfacet
  facet normal 0.6845471 0.7289686 0
    outer loop
      vertex 5.5298176 13.849232 0.8
      vertex 5.5298176 13.849232 2.6
      vertex 5.7495246 13.642913 2.6
    endloop
  endfacet
  facet normal 0.58778524 0.809017 0
    outer loop
      vertex 5.2859845 14.026387 0.8
      vertex 5.5298176 13.849232 2.6
      vertex 5.5298176 13.849232 0.8
    endloop
  endfacet
  facet normal 0.58778524 0.809017 0
    outer loop
      vertex 5.2859845 14.026387 0.8
      vertex 5.2859845 14.026387 2.6
      vertex 5.5298176 13.849232 2.6
    endloop
  endfacet
  facet normal 0.48175368 0.87630665 0
    outer loop
      vertex 5.02187 14.171585 0.8
      vertex 5.2859845 14.026387 2.6
      vertex 5.2859845 14.026387 0.8
    endloop
  endfacet
  facet normal 0.48175368 0.87630665 0
    outer loop
      vertex 5.02187 14.171585 0.8
      vertex 5.02187 14.171585 2.6
      vertex 5.2859845 14.026387 2.6
    endloop
  endfacet
  facet normal 0.36812454 0.9297765 0
    outer loop
      vertex 4.7416406 14.282536 0.8
      vertex 5.02187 14.171585 2.6
      vertex 5.02187 14.171585 0.8
    endloop
  endfacet
  facet normal 0.36812454 0.9297765 0
    outer loop
      vertex 4.7416406 14.282536 0.8
      vertex 4.7416406 14.282536 2.6
      vertex 5.02187 14.171585 2.6
    endloop
  endfacet
  facet normal 0.24868989 0.96858317 0
    outer loop
      vertex 4.449715 14.35749 0.8
      vertex 4.7416406 14.282536 2.6
      vertex 4.7416406 14.282536 0.8
    endloop
  endfacet
  facet normal 0.24868989 0.96858317 0
    outer loop
      vertex 4.449715 14.35749 0.8
      vertex 4.449715 14.35749 2.6
      vertex 4.7416406 14.282536 2.6
    endloop
  endfacet
  facet normal 0.12533323 0.9921147 0
    outer loop
      vertex 4.150697 14.395264 0.8
      vertex 4.449715 14.35749 2.6
      vertex 4.449715 14.35749 0.8
    endloop
  endfacet
  facet normal 0.12533323 0.9921147 0
    outer loop
      vertex 4.150697 14.395264 0.8
      vertex 4.150697 14.395264 2.6
      vertex 4.449715 14.35749 2.6
    endloop
  endfacet
  facet normal 0 1 0
    outer loop
      vertex 3.8493028 14.395264 0.8
      vertex 4.150697 14.395264 2.6
      vertex 4.150697 14.395264 0.8
    endloop
  endfacet
  facet normal 0 1 0
    outer loop
      vertex 3.8493028 14.395264 0.8
      vertex 3.8493028 14.395264 2.6
      vertex 4.150697 14.395264 2.6
    endloop
  endfacet
  facet normal -0.12533323 0.9921147 0
    outer loop
      vertex 3.5502849 14.35749 0.8
      vertex 3.8493028 14.395264 2.6
      vertex 3.8493028 14.395264 0.8
    endloop
  endfacet
  facet normal -0.12533323 0.9921147 0
    outer loop
      vertex 3.5502849 14.35749 0.8
      vertex 3.5502849 14.35749 2.6
      vertex 3.8493028 14.395264 2.6
    endloop
  endfacet
  facet normal -0.24868989 0.96858317 0
    outer loop
      vertex 3.2583592 14.282536 0.8
      vertex 3.5502849 14.35749 2.6
      vertex 3.5502849 14.35749 0.8
    endloop
  endfacet
  facet normal -0.24868989 0.96858317 0
    outer loop
      vertex 3.2583592 14.282536 0.8
      vertex 3.2583592 14.282536 2.6
      vertex 3.5502849 14.35749 2.6
    endloop
  endfacet
  facet normal -0.36812454 0.9297765 0
    outer loop
      vertex 2.9781296 14.171585 0.8
      vertex 3.2583592 14.282536 2.6
      vertex 3.2583592 14.282536 0.8
    endloop
  endfacet
  facet normal -0.36812454 0.9297765 0
    outer loop
      vertex 2.9781296 14.171585 0.8
      vertex 2.9781296 14.171585 2.6
      vertex 3.2583592 14.282536 2.6
    endloop
  endfacet
  facet normal -0.48175368 0.87630665 0
    outer loop
      vertex 2.7140157 14.026387 0.8
      vertex 2.9781296 14.171585 2.6
      vertex 2.9781296 14.171585 0.8
    endloop
  endfacet
  facet normal -0.48175368 0.87630665 0
    outer loop
      vertex 2.7140157 14.026387 0.8
      vertex 2.7140157 14.026387 2.6
      vertex 2.9781296 14.171585 2.6
    endloop
  endfacet
  facet normal -0.58778524 0.809017 0
    outer loop
      vertex 2.4701824 13.849232 0.8
      vertex 2.7140157 14.026387 2.6
      vertex 2.7140157 14.026387 0.8
    endloop
  endfacet
  facet normal -0.58778524 0.809017 0
    outer loop
      vertex 2.4701824 13.849232 0.8
      vertex 2.4701824 13.849232 2.6
      vertex 2.7140157 14.026387 2.6
    endloop
  endfacet
  facet normal -0.6845471 0.7289686 0
    outer loop
      vertex 2.2504754 13.642913 0.8
      vertex 2.4701824 13.849232 2.6
      vertex 2.4701824 13.849232 0.8
    endloop
  endfacet
  facet normal -0.6845471 0.7289686 0
    outer loop
      vertex 2.2504754 13.642913 0.8
      vertex 2.2504754 13.642913 2.6
      vertex 2.4701824 13.849232 2.6
    endloop
  endfacet
  facet normal -0.77051324 0.637424 0
    outer loop
      vertex 2.0583591 13.410685 0.8
      vertex 2.2504754 13.642913 2.6
      vertex 2.2504754 13.642913 0.8
    endloop
  endfacet
  facet normal -0.77051324 0.637424 0
    outer loop
      vertex 2.0583591 13.410685 0.8
      vertex 2.0583591 13.410685 2.6
      vertex 2.2504754 13.642913 2.6
    endloop
  endfacet
  facet normal -0.8443279 0.5358268 0
    outer loop
      vertex 1.8968639 13.156209 0.8
      vertex 2.0583591 13.410685 2.6
      vertex 2.0583591 13.410685 0.8
    endloop
  endfacet
  facet normal -0.8443279 0.5358268 0
    outer loop
      vertex 1.8968639 13.156209 0.8
      vertex 1.8968639 13.156209 2.6
      vertex 2.0583591 13.410685 2.6
    endloop
  endfacet
  facet normal -0.90482706 0.42577928 0
    outer loop
      vertex 1.7685364 12.883499 0.8
      vertex 1.8968639 13.156209 2.6
      vertex 1.8968639 13.156209 0.8
    endloop
  endfacet
  facet normal -0.90482706 0.42577928 0
    outer loop
      vertex 1.7685364 12.883499 0.8
      vertex 1.7685364 12.883499 2.6
      vertex 1.8968639 13.156209 2.6
    endloop
  endfacet
  facet normal -0.95105654 0.309017 0
    outer loop
      vertex 1.6754004 12.596856 0.8
      vertex 1.7685364 12.883499 2.6
      vertex 1.7685364 12.883499 0.8
    endloop
  endfacet
  facet normal -0.95105654 0.309017 0
    outer loop
      vertex 1.6754004 12.596856 0.8
      vertex 1.6754004 12.596856 2.6
      vertex 1.7685364 12.883499 2.6
    endloop
  endfacet
  facet normal -0.9822872 0.18738131 0
    outer loop
      vertex 1.6189247 12.300799 0.8
      vertex 1.6754004 12.596856 2.6
      vertex 1.6754004 12.596856 0.8
    endloop
  endfacet
  facet normal -0.9822872 0.18738131 0
    outer loop
      vertex 1.6189247 12.300799 0.8
      vertex 1.6189247 12.300799 2.6
      vertex 1.6754004 12.596856 2.6
    endloop
  endfacet
  facet normal -0.9980267 0.06279052 0
    outer loop
      vertex 1.6 12 0.8
      vertex 1.6189247 12.300799 2.6
      vertex 1.6189247 12.300799 0.8
    endloop
  endfacet
  facet normal -0.9980267 0.06279052 0
    outer loop
      vertex 1.6 12 0.8
      vertex 1.6 12 2.6
      vertex 1.6189247 12.300799 2.6
    endloop
  endfacet
  facet normal -0.9980267 -0.06279052 0
    outer loop
      vertex 1.6189247 11.699201 0.8
      vertex 1.6 12 2.6
      vertex 1.6 12 0.8
    endloop
  endfacet
  facet normal -0.9980267 -0.06279052 0
    outer loop
      vertex 1.6189247 11.699201 0.8
      vertex 1.6189247 11.699201 2.6
      vertex 1.6 12 2.6
    endloop
  endfacet
  facet normal -0.9822872 -0.18738131 0
    outer loop
      vertex 1.6754004 11.403144 0.8
      vertex 1.6189247 11.699201 2.6
      vertex 1.6189247 11.699201 0.8
    endloop
  endfacet
  facet normal -0.9822872 -0.18738131 0
    outer loop
      vertex 1.6754004 11.403144 0.8
      vertex 1.6754004 11.403144 2.6
      vertex 1.6189247 11.699201 2.6
    endloop
  endfacet
  facet normal -0.95105654 -0.309017 0
    outer loop
      vertex 1.7685364 11.116501 0.8
      vertex 1.6754004 11.403144 2.6
      vertex 1.6754004 11.403144 0.8
    endloop
  endfacet
  facet normal -0.95105654 -0.309017 0
    outer loop
      vertex 1.7685364 11.116501 0.8
      vertex 1.7685364 11.116501 2.6
      vertex 1.6754004 11.403144 2.6
    endloop
  endfacet
  facet normal -0.90482706 -0.42577928 0
    outer loop
      vertex 1.8968639 10.843791 0.8
      vertex 1.7685364 11.116501 2.6
      vertex 1.7685364 11.116501 0.8
    endloop
  endfacet
  facet normal -0.90482706 -0.42577928 0
    outer loop
      vertex 1.8968639 10.843791 0.8
      vertex 1.8968639 10.843791 2.6
      vertex 1.7685364 11.116501 2.6
    endloop
  endfacet
  facet normal -0.8443279 -0.5358268 0
    outer loop
      vertex 2.0583591 10.589315 0.8
      vertex 1.8968639 10.843791 2.6
      vertex 1.8968639 10.843791 0.8
    endloop
  endfacet
  facet normal -0.8443279 -0.5358268 0
    outer loop
      vertex 2.0583591 10.589315 0.8
      vertex 2.0583591 10.589315 2.6
      vertex 1.8968639 10.843791 2.6
    endloop
  endfacet
  facet normal -0.77051324 -0.637424 0
    outer loop
      vertex 2.2504754 10.357087 0.8
      vertex 2.0583591 10.589315 2.6
      vertex 2.0583591 10.589315 0.8
    endloop
  endfacet
  facet normal -0.77051324 -0.637424 0
    outer loop
      vertex 2.2504754 10.357087 0.8
      vertex 2.2504754 10.357087 2.6
      vertex 2.0583591 10.589315 2.6
    endloop
  endfacet
  facet normal -0.6845471 -0.7289686 0
    outer loop
      vertex 2.4701824 10.150768 0.8
      vertex 2.2504754 10.357087 2.6
      vertex 2.2504754 10.357087 0.8
    endloop
  endfacet
  facet normal -0.6845471 -0.7289686 0
    outer loop
      vertex 2.4701824 10.150768 0.8
      vertex 2.4701824 10.150768 2.6
      vertex 2.2504754 10.357087 2.6
    endloop
  endfacet
  facet normal -0.58778524 -0.809017 0
    outer loop
      vertex 2.7140157 9.973613 0.8
      vertex 2.4701824 10.150768 2.6
      vertex 2.4701824 10.150768 0.8
    endloop
  endfacet
  facet normal -0.58778524 -0.809017 0
    outer loop
      vertex 2.7140157 9.973613 0.8
      vertex 2.7140157 9.973613 2.6
      vertex 2.4701824 10.150768 2.6
    endloop
  endfacet
  facet normal -0.48175368 -0.87630665 0
    outer loop
      vertex 2.9781296 9.828415 0.8
      vertex 2.7140157 9.973613 2.6
      vertex 2.7140157 9.973613 0.8
    endloop
  endfacet
  facet normal -0.48175368 -0.87630665 0
    outer loop
      vertex 2.9781296 9.828415 0.8
      vertex 2.9781296 9.828415 2.6
      vertex 2.7140157 9.973613 2.6
    endloop
  endfacet
  facet normal -0.36812454 -0.9297765 0
    outer loop
      vertex 3.2583592 9.717464 0.8
      vertex 2.9781296 9.828415 2.6
      vertex 2.9781296 9.828415 0.8
    endloop
  endfacet
  facet normal -0.36812454 -0.9297765 0
    outer loop
      vertex 3.2583592 9.717464 0.8
      vertex 3.2583592 9.717464 2.6
      vertex 2.9781296 9.828415 2.6
    endloop
  endfacet
  facet normal -0.24868989 -0.96858317 0
    outer loop
      vertex 3.5502849 9.64251 0.8
      vertex 3.2583592 9.717464 2.6
      vertex 3.2583592 9.717464 0.8
    endloop
  endfacet
  facet normal -0.24868989 -0.96858317 0
    outer loop
      vertex 3.5502849 9.64251 0.8
      vertex 3.5502849 9.64251 2.6
      vertex 3.2583592 9.717464 2.6
    endloop
  endfacet
  facet normal -0.12533323 -0.9921147 0
    outer loop
      vertex 3.8493028 9.604736 0.8
      vertex 3.5502849 9.64251 2.6
      vertex 3.5502849 9.64251 0.8
    endloop
  endfacet
  facet normal -0.12533323 -0.9921147 0
    outer loop
      vertex 3.8493028 9.604736 0.8
      vertex 3.8493028 9.604736 2.6
      vertex 3.5502849 9.64251 2.6
    endloop
  endfacet
  facet normal 0 -1 0
    outer loop
      vertex 4.150697 9.604736 0.8
      vertex 3.8493028 9.604736 2.6
      vertex 3.8493028 9.604736 0.8
    endloop
  endfacet
  facet normal 0 -1 0
    outer loop
      vertex 4.150697 9.604736 0.8
      vertex 4.150697 9.604736 2.6
      vertex 3.8493028 9.604736 2.6
    endloop
  endfacet
  facet normal 0.12533323 -0.9921147 0
    outer loop
      vertex 4.449715 9.64251 0.8
      vertex 4.150697 9.604736 2.6
      vertex 4.150697 9.604736 0.8
    endloop
  endfacet
  facet normal 0.12533323 -0.9921147 0
    outer loop
      vertex 4.449715 9.64251 0.8
      vertex 4.449715 9.64251 2.6
      vertex 4.150697 9.604736 2.6
    endloop
  endfacet
  facet normal 0.24868989 -0.96858317 0
    outer loop
      vertex -3.2583592 1.7174643 0.8
      vertex -3.5502849 1.6425107 2.6
      vertex -3.5502849 1.6425107 0.8
    endloop
  endfacet
  facet normal 0.24868989 -0.96858317 0
    outer loop
      vertex -3.2583592 1.7174643 0.8
      vertex -3.2583592 1.7174643 2.6
      vertex -3.5502849 1.6425107 2.6
    endloop
  endfacet
  facet normal 0.36812454 -0.9297765 0
    outer loop
      vertex -2.9781296 1.828415 0.8
      vertex -3.2583592 1.7174643 2.6
      vertex -3.2583592 1.7174643 0.8
    endloop
  endfacet
  facet normal 0.36812454 -0.9297765 0
    outer loop
      vertex -2.9781296 1.828415 0.8
      vertex -2.9781296 1.828415 2.6
      vertex -3.2583592 1.7174643 2.6
    endloop
  endfacet
  facet normal 0.48175368 -0.87630665 0
    outer loop
      vertex -2.7140157 1.973613 0.8
      vertex -2.9781296 1.828415 2.6
      vertex -2.9781296 1.828415 0.8
    endloop
  endfacet
  facet normal 0.48175368 -0.87630665 0
    outer loop
      vertex -2.7140157 1.973613 0.8
      vertex -2.7140157 1.973613 2.6
      vertex -2.9781296 1.828415 2.6
    endloop
  endfacet
  facet normal 0.58778524 -0.809017 0
    outer loop
      vertex -2.4701824 2.1507683 0.8
      vertex -2.7140157 1.973613 2.6
      vertex -2.7140157 1.973613 0.8
    endloop
  endfacet
  facet normal 0.58778524 -0.809017 0
    outer loop
      vertex -2.4701824 2.1507683 0.8
      vertex -2.4701824 2.1507683 2.6
      vertex -2.7140157 1.973613 2.6
    endloop
  endfacet
  facet normal 0.6845471 -0.7289686 0
    outer loop
      vertex -2.2504754 2.357087 0.8
      vertex -2.4701824 2.1507683 2.6
      vertex -2.4701824 2.1507683 0.8
    endloop
  endfacet
  facet normal 0.6845471 -0.7289686 0
    outer loop
      vertex -2.2504754 2.357087 0.8
      vertex -2.2504754 2.357087 2.6
      vertex -2.4701824 2.1507683 2.6
    endloop
  endfacet
  facet normal 0.77051324 -0.637424 0
    outer loop
      vertex -2.0583591 2.5893154 0.8
      vertex -2.2504754 2.357087 2.6
      vertex -2.2504754 2.357087 0.8
    endloop
  endfacet
  facet normal 0.77051324 -0.637424 0
    outer loop
      vertex -2.0583591 2.5893154 0.8
      vertex -2.0583591 2.5893154 2.6
      vertex -2.2504754 2.357087 2.6
    endloop
  endfacet
  facet normal 0.8443279 -0.5358268 0
    outer loop
      vertex -1.8968639 2.8437912 0.8
      vertex -2.0583591 2.5893154 2.6
      vertex -2.0583591 2.5893154 0.8
    endloop
  endfacet
  facet normal 0.8443279 -0.5358268 0
    outer loop
      vertex -1.8968639 2.8437912 0.8
      vertex -1.8968639 2.8437912 2.6
      vertex -2.0583591 2.5893154 2.6
    endloop
  endfacet
  facet normal 0.90482706 -0.42577928 0
    outer loop
      vertex -1.7685364 3.116501 0.8
      vertex -1.8968639 2.8437912 2.6
      vertex -1.8968639 2.8437912 0.8
    endloop
  endfacet
  facet normal 0.90482706 -0.42577928 0
    outer loop
      vertex -1.7685364 3.116501 0.8
      vertex -1.7685364 3.116501 2.6
      vertex -1.8968639 2.8437912 2.6
    endloop
  endfacet
  facet normal 0.95105654 -0.309017 0
    outer loop
      vertex -1.6754004 3.4031444 0.8
      vertex -1.7685364 3.116501 2.6
      vertex -1.7685364 3.116501 0.8
    endloop
  endfacet
  facet normal 0.95105654 -0.309017 0
    outer loop
      vertex -1.6754004 3.4031444 0.8
      vertex -1.6754004 3.4031444 2.6
      vertex -1.7685364 3.116501 2.6
    endloop
  endfacet
  facet normal 0.9822872 -0.18738131 0
    outer loop
      vertex -1.6189247 3.6992002 0.8
      vertex -1.6754004 3.4031444 2.6
      vertex -1.6754004 3.4031444 0.8
    endloop
  endfacet
  facet normal 0.9822872 -0.18738131 0
    outer loop
      vertex -1.6189247 3.6992002 0.8
      vertex -1.6189247 3.6992002 2.6
      vertex -1.6754004 3.4031444 2.6
    endloop
  endfacet
  facet normal 0.9980267 -0.06279052 0
    outer loop
      vertex -1.6 4 0.8
      vertex -1.6189247 3.6992002 2.6
      vertex -1.6189247 3.6992002 0.8
    endloop
  endfacet
  facet normal 0.9980267 -0.06279052 0
    outer loop
      vertex -1.6 4 0.8
      vertex -1.6 4 2.6
      vertex -1.6189247 3.6992002 2.6
    endloop
  endfacet
  facet normal 0.9980267 0.06279052 0
    outer loop
      vertex -1.6189247 4.3008 0.8
      vertex -1.6 4 2.6
      vertex -1.6 4 0.8
    endloop
  endfacet
  facet normal 0.9980267 0.06279052 0
    outer loop
      vertex -1.6189247 4.3008 0.8
      vertex -1.6189247 4.3008 2.6
      vertex -1.6 4 2.6
    endloop
  endfacet
  facet normal 0.9822872 0.18738131 0
    outer loop
      vertex -1.6754004 4.5968556 0.8
      vertex -1.6189247 4.3008 2.6
      vertex -1.6189247 4.3008 0.8
    endloop
  endfacet
  facet normal 0.9822872 0.18738131 0
    outer loop
      vertex -1.6754004 4.5968556 0.8
      vertex -1.6754004 4.5968556 2.6
      vertex -1.6189247 4.3008 2.6
    endloop
  endfacet
  facet normal 0.95105654 0.309017 0
    outer loop
      vertex -1.7685364 4.883499 0.8
      vertex -1.6754004 4.5968556 2.6
      vertex -1.6754004 4.5968556 0.8
    endloop
  endfacet
  facet normal 0.95105654 0.309017 0
    outer loop
      vertex -1.7685364 4.883499 0.8
      vertex -1.7685364 4.883499 2.6
      vertex -1.6754004 4.5968556 2.6
    endloop
  endfacet
  facet normal 0.90482706 0.42577928 0
    outer loop
      vertex -1.8968639 5.156209 0.8
      vertex -1.7685364 4.883499 2.6
      vertex -1.7685364 4.883499 0.8
    endloop
  endfacet
  facet normal 0.90482706 0.42577928 0
    outer loop
      vertex -1.8968639 5.156209 0.8
      vertex -1.8968639 5.156209 2.6
      vertex -1.7685364 4.883499 2.6
    endloop
  endfacet
  facet normal 0.8443279 0.5358268 0
    outer loop
      vertex -2.0583591 5.4106846 0.8
      vertex -1.8968639 5.156209 2.6
      vertex -1.8968639 5.156209 0.8
    endloop
  endfacet
  facet normal 0.8443279 0.5358268 0
    outer loop
      vertex -2.0583591 5.4106846 0.8
      vertex -2.0583591 5.4106846 2.6
      vertex -1.8968639 5.156209 2.6
    endloop
  endfacet
  facet normal 0.77051324 0.637424 0
    outer loop
      vertex -2.2504754 5.642913 0.8
      vertex -2.0583591 5.4106846 2.6
      vertex -2.0583591 5.4106846 0.8
    endloop
  endfacet
  facet normal 0.77051324 0.637424 0
    outer loop
      vertex -2.2504754 5.642913 0.8
      vertex -2.2504754 5.642913 2.6
      vertex -2.0583591 5.4106846 2.6
    endloop
  endfacet
  facet normal 0.6845471 0.7289686 0
    outer loop
      vertex -2.4701824 5.8492317 0.8
      vertex -2.2504754 5.642913 2.6
      vertex -2.2504754 5.642913 0.8
    endloop
  endfacet
  facet normal 0.6845471 0.7289686 0
    outer loop
      vertex -2.4701824 5.8492317 0.8
      vertex -2.4701824 5.8492317 2.6
      vertex -2.2504754 5.642913 2.6
    endloop
  endfacet
  facet normal 0.58778524 0.809017 0
    outer loop
      vertex -2.7140157 6.026387 0.8
      vertex -2.4701824 5.8492317 2.6
      vertex -2.4701824 5.8492317 0.8
    endloop
  endfacet
  facet normal 0.58778524 0.809017 0
    outer loop
      vertex -2.7140157 6.026387 0.8
      vertex -2.7140157 6.026387 2.6
      vertex -2.4701824 5.8492317 2.6
    endloop
  endfacet
  facet normal 0.48175368 0.87630665 0
    outer loop
      vertex -2.9781296 6.171585 0.8
      vertex -2.7140157 6.026387 2.6
      vertex -2.7140157 6.026387 0.8
    endloop
  endfacet
  facet normal 0.48175368 0.87630665 0
    outer loop
      vertex -2.9781296 6.171585 0.8
      vertex -2.9781296 6.171585 2.6
      vertex -2.7140157 6.026387 2.6
    endloop
  endfacet
  facet normal 0.36812454 0.9297765 0
    outer loop
      vertex -3.2583592 6.2825356 0.8
      vertex -2.9781296 6.171585 2.6
      vertex -2.9781296 6.171585 0.8
    endloop
  endfacet
  facet normal 0.36812454 0.9297765 0
    outer loop
      vertex -3.2583592 6.2825356 0.8
      vertex -3.2583592 6.2825356 2.6
      vertex -2.9781296 6.171585 2.6
    endloop
  endfacet
  facet normal 0.24868989 0.96858317 0
    outer loop
      vertex -3.5502849 6.3574896 0.8
      vertex -3.2583592 6.2825356 2.6
      vertex -3.2583592 6.2825356 0.8
    endloop
  endfacet
  facet normal 0.24868989 0.96858317 0
    outer loop
      vertex -3.5502849 6.3574896 0.8
      vertex -3.5502849 6.3574896 2.6
      vertex -3.2583592 6.2825356 2.6
    endloop
  endfacet
  facet normal 0.12533323 0.9921147 0
    outer loop
      vertex -3.8493028 6.395264 0.8
      vertex -3.5502849 6.3574896 2.6
      vertex -3.5502849 6.3574896 0.8
    endloop
  endfacet
  facet normal 0.12533323 0.9921147 0
    outer loop
      vertex -3.8493028 6.395264 0.8
      vertex -3.8493028 6.395264 2.6
      vertex -3.5502849 6.3574896 2.6
    endloop
  endfacet
  facet normal 0 1 0
    outer loop
      vertex -4.150697 6.395264 0.8
      vertex -3.8493028 6.395264 2.6
      vertex -3.8493028 6.395264 0.8
    endloop
  endfacet
  facet normal 0 1 0
    outer loop
      vertex -4.150697 6.395264 0.8
      vertex -4.150697 6.395264 2.6
      vertex -3.8493028 6.395264 2.6
    endloop
  endfacet
  facet normal -0.12533323 0.9921147 0
    outer loop
      vertex -4.449715 6.3574896 0.8
      vertex -4.150697 6.395264 2.6
      vertex -4.150697 6.395264 0.8
    endloop
  endfacet
  facet normal -0.12533323 0.9921147 0
    outer loop
      vertex -4.449715 6.3574896 0.8
      vertex -4.449715 6.3574896 2.6
      vertex -4.150697 6.395264 2.6
    endloop
  endfacet
  facet normal -0.24868989 0.96858317 0
    outer loop
      vertex -4.7416406 6.2825356 0.8
      vertex -4.449715 6.3574896 2.6
      vertex -4.449715 6.3574896 0.8
    endloop
  endfacet
  facet normal -0.24868989 0.96858317 0
    outer loop
      vertex -4.7416406 6.2825356 0.8
      vertex -4.7416406 6.2825356 2.6
      vertex -4.449715 6.3574896 2.6
    endloop
  endfacet
  facet normal -0.36812454 0.9297765 0
    outer loop
      vertex -5.02187 6.171585 0.8
      vertex -4.7416406 6.2825356 2.6
      vertex -4.7416406 6.2825356 0.8
    endloop
  endfacet
  facet normal -0.36812454 0.9297765 0
    outer loop
      vertex -5.02187 6.171585 0.8
      vertex -5.02187 6.171585 2.6
      vertex -4.7416406 6.2825356 2.6
    endloop
  endfacet
  facet normal -0.48175368 0.87630665 0
    outer loop
      vertex -5.2859845 6.026387 0.8
      vertex -5.02187 6.171585 2.6
      vertex -5.02187 6.171585 0.8
    endloop
  endfacet
  facet normal -0.48175368 0.87630665 0
    outer loop
      vertex -5.2859845 6.026387 0.8
      vertex -5.2859845 6.026387 2.6
      vertex -5.02187 6.171585 2.6
    endloop
  endfacet
  facet normal -0.58778524 0.809017 0
    outer loop
      vertex -5.5298176 5.8492317 0.8
      vertex -5.2859845 6.026387 2.6
      vertex -5.2859845 6.026387 0.8
    endloop
  endfacet
  facet normal -0.58778524 0.809017 0
    outer loop
      vertex -5.5298176 5.8492317 0.8
      vertex -5.5298176 5.8492317 2.6
      vertex -5.2859845 6.026387 2.6
    endloop
  endfacet
  facet normal -0.6845471 0.7289686 0
    outer loop
      vertex -5.7495246 5.642913 0.8
      vertex -5.5298176 5.8492317 2.6
      vertex -5.5298176 5.8492317 0.8
    endloop
  endfacet
  facet normal -0.6845471 0.7289686 0
    outer loop
      vertex -5.7495246 5.642913 0.8
      vertex -5.7495246 5.642913 2.6
      vertex -5.5298176 5.8492317 2.6
    endloop
  endfacet
  facet normal -0.77051324 0.637424 0
    outer loop
      vertex -5.941641 5.4106846 0.8
      vertex -5.7495246 5.642913 2.6
      vertex -5.7495246 5.642913 0.8
    endloop
  endfacet
  facet normal -0.77051324 0.637424 0
    outer loop
      vertex -5.941641 5.4106846 0.8
      vertex -5.941641 5.4106846 2.6
      vertex -5.7495246 5.642913 2.6
    endloop
  endfacet
  facet normal -0.8443279 0.5358268 0
    outer loop
      vertex -6.103136 5.156209 0.8
      vertex -5.941641 5.4106846 2.6
      vertex -5.941641 5.4106846 0.8
    endloop
  endfacet
  facet normal -0.8443279 0.5358268 0
    outer loop
      vertex -6.103136 5.156209 0.8
      vertex -6.103136 5.156209 2.6
      vertex -5.941641 5.4106846 2.6
    endloop
  endfacet
  facet normal -0.90482706 0.42577928 0
    outer loop
      vertex -6.2314634 4.883499 0.8
      vertex -6.103136 5.156209 2.6
      vertex -6.103136 5.156209 0.8
    endloop
  endfacet
  facet normal -0.90482706 0.42577928 0
    outer loop
      vertex -6.2314634 4.883499 0.8
      vertex -6.2314634 4.883499 2.6
      vertex -6.103136 5.156209 2.6
    endloop
  endfacet
  facet normal -0.95105654 0.309017 0
    outer loop
      vertex -6.3245997 4.5968556 0.8
      vertex -6.2314634 4.883499 2.6
      vertex -6.2314634 4.883499 0.8
    endloop
  endfacet
  facet normal -0.95105654 0.309017 0
    outer loop
      vertex -6.3245997 4.5968556 0.8
      vertex -6.3245997 4.5968556 2.6
      vertex -6.2314634 4.883499 2.6
    endloop
  endfacet
  facet normal -0.9822872 0.18738131 0
    outer loop
      vertex -6.3810754 4.3008 0.8
      vertex -6.3245997 4.5968556 2.6
      vertex -6.3245997 4.5968556 0.8
    endloop
  endfacet
  facet normal -0.9822872 0.18738131 0
    outer loop
      vertex -6.3810754 4.3008 0.8
      vertex -6.3810754 4.3008 2.6
      vertex -6.3245997 4.5968556 2.6
    endloop
  endfacet
  facet normal -0.9980267 0.06279052 0
    outer loop
      vertex -6.4 4 0.8
      vertex -6.3810754 4.3008 2.6
      vertex -6.3810754 4.3008 0.8
    endloop
  endfacet
  facet normal -0.9980267 0.06279052 0
    outer loop
      vertex -6.4 4 0.8
      vertex -6.4 4 2.6
      vertex -6.3810754 4.3008 2.6
    endloop
  endfacet
  facet normal -0.9980267 -0.06279052 0
    outer loop
      vertex -6.3810754 3.6992002 0.8
      vertex -6.4 4 2.6
      vertex -6.4 4 0.8
    endloop
  endfacet
  facet normal -0.9980267 -0.06279052 0
    outer loop
      vertex -6.3810754 3.6992002 0.8
      vertex -6.3810754 3.6992002 2.6
      vertex -6.4 4 2.6
    endloop
  endfacet
  facet normal -0.9822872 -0.18738131 0
    outer loop
      vertex -6.3245997 3.4031444 0.8
      vertex -6.3810754 3.6992002 2.6
      vertex -6.3810754 3.6992002 0.8
    endloop
  endfacet
  facet normal -0.9822872 -0.18738131 0
    outer loop
      vertex -6.3245997 3.4031444 0.8
      vertex -6.3245997 3.4031444 2.6
      vertex -6.3810754 3.6992002 2.6
    endloop
  endfacet
  facet normal -0.95105654 -0.309017 0
    outer loop
      vertex -6.2314634 3.116501 0.8
      vertex -6.3245997 3.4031444 2.6
      vertex -6.3245997 3.4031444 0.8
    endloop
  endfacet
  facet normal -0.95105654 -0.309017 0
    outer loop
      vertex -6.2314634 3.116501 0.8
      vertex -6.2314634 3.116501 2.6
      vertex -6.3245997 3.4031444 2.6
    endloop
  endfacet
  facet normal -0.90482706 -0.42577928 0
    outer loop
      vertex -6.103136 2.8437912 0.8
      vertex -6.2314634 3.116501 2.6
      vertex -6.2314634 3.116501 0.8
    endloop
  endfacet
  facet normal -0.90482706 -0.42577928 0
    outer loop
      vertex -6.103136 2.8437912 0.8
      vertex -6.103136 2.8437912 2.6
      vertex -6.2314634 3.116501 2.6
    endloop
  endfacet
  facet normal -0.8443279 -0.5358268 0
    outer loop
      vertex -5.941641 2.5893154 0.8
      vertex -6.103136 2.8437912 2.6
      vertex -6.103136 2.8437912 0.8
    endloop
  endfacet
  facet normal -0.8443279 -0.5358268 0
    outer loop
      vertex -5.941641 2.5893154 0.8
      vertex -5.941641 2.5893154 2.6
      vertex -6.103136 2.8437912 2.6
    endloop
  endfacet
  facet normal -0.77051324 -0.637424 0
    outer loop
      vertex -5.7495246 2.357087 0.8
      vertex -5.941641 2.5893154 2.6
      vertex -5.941641 2.5893154 0.8
    endloop
  endfacet
  facet normal -0.77051324 -0.637424 0
    outer loop
      vertex -5.7495246 2.357087 0.8
      vertex -5.7495246 2.357087 2.6
      vertex -5.941641 2.5893154 2.6
    endloop
  endfacet
  facet normal -0.6845471 -0.7289686 0
    outer loop
      vertex -5.5298176 2.1507683 0.8
      vertex -5.7495246 2.357087 2.6
      vertex -5.7495246 2.357087 0.8
    endloop
  endfacet
  facet normal -0.6845471 -0.7289686 0
    outer loop
      vertex -5.5298176 2.1507683 0.8
      vertex -5.5298176 2.1507683 2.6
      vertex -5.7495246 2.357087 2.6
    endloop
  endfacet
  facet normal -0.58778524 -0.809017 0
    outer loop
      vertex -5.2859845 1.973613 0.8
      vertex -5.5298176 2.1507683 2.6
      vertex -5.5298176 2.1507683 0.8
    endloop
  endfacet
  facet normal -0.58778524 -0.809017 0
    outer loop
      vertex -5.2859845 1.973613 0.8
      vertex -5.2859845 1.973613 2.6
      vertex -5.5298176 2.1507683 2.6
    endloop
  endfacet
  facet normal -0.48175368 -0.87630665 0
    outer loop
      vertex -5.02187 1.828415 0.8
      vertex -5.2859845 1.973613 2.6
      vertex -5.2859845 1.973613 0.8
    endloop
  endfacet
  facet normal -0.48175368 -0.87630665 0
    outer loop
      vertex -5.02187 1.828415 0.8
      vertex -5.02187 1.828415 2.6
      vertex -5.2859845 1.973613 2.6
    endloop
  endfacet
  facet normal -0.36812454 -0.9297765 0
    outer loop
      vertex -4.7416406 1.7174643 0.8
      vertex -5.02187 1.828415 2.6
      vertex -5.02187 1.828415 0.8
    endloop
  endfacet
  facet normal -0.36812454 -0.9297765 0
    outer loop
      vertex -4.7416406 1.7174643 0.8
      vertex -4.7416406 1.7174643 2.6
      vertex -5.02187 1.828415 2.6
    endloop
  endfacet
  facet normal -0.24868989 -0.96858317 0
    outer loop
      vertex -4.449715 1.6425107 0.8
      vertex -4.7416406 1.7174643 2.6
      vertex -4.7416406 1.7174643 0.8
    endloop
  endfacet
  facet normal -0.24868989 -0.96858317 0
    outer loop
      vertex -4.449715 1.6425107 0.8
      vertex -4.449715 1.6425107 2.6
      vertex -4.7416406 1.7174643 2.6
    endloop
  endfacet
  facet normal -0.12533323 -0.9921147 0
    outer loop
      vertex -4.150697 1.6047359 0.8
      vertex -4.449715 1.6425107 2.6
      vertex -4.449715 1.6425107 0.8
    endloop
  endfacet
  facet normal -0.12533323 -0.9921147 0
    outer loop
      vertex -4.150697 1.6047359 0.8
      vertex -4.150697 1.6047359 2.6
      vertex -4.449715 1.6425107 2.6
    endloop
  endfacet
  facet normal 0 -1 0
    outer loop
      vertex -3.8493028 1.6047359 0.8
      vertex -4.150697 1.6047359 2.6
      vertex -4.150697 1.6047359 0.8
    endloop
  endfacet
  facet normal 0 -1 0
    outer loop
      vertex -3.8493028 1.6047359 0.8
      vertex -3.8493028 1.6047359 2.6
      vertex -4.150697 1.6047359 2.6
    endloop
  endfacet
  facet normal 0.12533323 -0.9921147 0
    outer loop
      vertex -3.5502849 1.6425107 0.8
      vertex -3.8493028 1.6047359 2.6
      vertex -3.8493028 1.6047359 0.8
    endloop
  endfacet
  facet normal 0.12533323 -0.9921147 0
    outer loop
      vertex -3.5502849 1.6425107 0.8
      vertex -3.5502849 1.6425107 2.6
      vertex -3.8493028 1.6047359 2.6
    endloop
  endfacet
  facet normal 0.24868989 -0.96858317 0
    outer loop
      vertex 4.7416406 1.7174643 0.8
      vertex 4.449715 1.6425107 2.6
      vertex 4.449715 1.6425107 0.8
    endloop
  endfacet
  facet normal 0.24868989 -0.96858317 0
    outer loop
      vertex 4.7416406 1.7174643 0.8
      vertex 4.7416406 1.7174643 2.6
      vertex 4.449715 1.6425107 2.6
    endloop
  endfacet
  facet normal 0.36812454 -0.9297765 0
    outer loop
      vertex 5.02187 1.828415 0.8
      vertex 4.7416406 1.7174643 2.6
      vertex 4.7416406 1.7174643 0.8
    endloop
  endfacet
  facet normal 0.36812454 -0.9297765 0
    outer loop
      vertex 5.02187 1.828415 0.8
      vertex 5.02187 1.828415 2.6
      vertex 4.7416406 1.7174643 2.6
    endloop
  endfacet
  facet normal 0.48175368 -0.87630665 0
    outer loop
      vertex 5.2859845 1.973613 0.8
      vertex 5.02187 1.828415 2.6
      vertex 5.02187 1.828415 0.8
    endloop
  endfacet
  facet normal 0.48175368 -0.87630665 0
    outer loop
      vertex 5.2859845 1.973613 0.8
      vertex 5.2859845 1.973613 2.6
      vertex 5.02187 1.828415 2.6
    endloop
  endfacet
  facet normal 0.58778524 -0.809017 0
    outer loop
      vertex 5.5298176 2.1507683 0.8
      vertex 5.2859845 1.973613 2.6
      vertex 5.2859845 1.973613 0.8
    endloop
  endfacet
  facet normal 0.58778524 -0.809017 0
    outer loop
      vertex 5.5298176 2.1507683 0.8
      vertex 5.5298176 2.1507683 2.6
      vertex 5.2859845 1.973613 2.6
    endloop
  endfacet
  facet normal 0.6845471 -0.7289686 0
    outer loop
      vertex 5.7495246 2.357087 0.8
      vertex 5.5298176 2.1507683 2.6
      vertex 5.5298176 2.1507683 0.8
    endloop
  endfacet
  facet normal 0.6845471 -0.7289686 0
    outer loop
      vertex 5.7495246 2.357087 0.8
      vertex 5.7495246 2.357087 2.6
      vertex 5.5298176 2.1507683 2.6
    endloop
  endfacet
  facet normal 0.77051324 -0.637424 0
    outer loop
      vertex 5.941641 2.5893154 0.8
      vertex 5.7495246 2.357087 2.6
      vertex 5.7495246 2.357087 0.8
    endloop
  endfacet
  facet normal 0.77051324 -0.637424 0
    outer loop
      vertex 5.941641 2.5893154 0.8
      vertex 5.941641 2.5893154 2.6
      vertex 5.7495246 2.357087 2.6
    endloop
  endfacet
  facet normal 0.8443279 -0.5358268 0
    outer loop
      vertex 6.103136 2.8437912 0.8
      vertex 5.941641 2.5893154 2.6
      vertex 5.941641 2.5893154 0.8
    endloop
  endfacet
  facet normal 0.8443279 -0.5358268 0
    outer loop
      vertex 6.103136 2.8437912 0.8
      vertex 6.103136 2.8437912 2.6
      vertex 5.941641 2.5893154 2.6
    endloop
  endfacet
  facet normal 0.90482706 -0.42577928 0
    outer loop
      vertex 6.2314634 3.116501 0.8
      vertex 6.103136 2.8437912 2.6
      vertex 6.103136 2.8437912 0.8
    endloop
  endfacet
  facet normal 0.90482706 -0.42577928 0
    outer loop
      vertex 6.2314634 3.116501 0.8
      vertex 6.2314634 3.116501 2.6
      vertex 6.103136 2.8437912 2.6
    endloop
  endfacet
  facet normal 0.95105654 -0.309017 0
    outer loop
      vertex 6.3245997 3.4031444 0.8
      vertex 6.2314634 3.116501 2.6
      vertex 6.2314634 3.116501 0.8
    endloop
  endfacet
  facet normal 0.95105654 -0.309017 0
    outer loop
      vertex 6.3245997 3.4031444 0.8
      vertex 6.3245997 3.4031444 2.6
      vertex 6.2314634 3.116501 2.6
    endloop
  endfacet
  facet normal 0.9822872 -0.18738131 0
    outer loop
      vertex 6.3810754 3.6992002 0.8
      vertex 6.3245997 3.4031444 2.6
      vertex 6.3245997 3.4031444 0.8
    endloop
  endfacet
  facet normal 0.9822872 -0.18738131 0
    outer loop
      vertex 6.3810754 3.6992002 0.8
      vertex 6.3810754 3.6992002 2.6
      vertex 6.3245997 3.4031444 2.6
    endloop
  endfacet
  facet normal 0.9980267 -0.06279052 0
    outer loop
      vertex 6.4 4 0.8
      vertex 6.3810754 3.6992002 2.6
      vertex 6.3810754 3.6992002 0.8
    endloop
  endfacet
  facet normal 0.9980267 -0.06279052 0
    outer loop
      vertex 6.4 4 0.8
      vertex 6.4 4 2.6
      vertex 6.3810754 3.6992002 2.6
    endloop
  endfacet
  facet normal 0.9980267 0.06279052 0
    outer loop
      vertex 6.3810754 4.3008 0.8
      vertex 6.4 4 2.6
      vertex 6.4 4 0.8
    endloop
  endfacet
  facet normal 0.9980267 0.06279052 0
    outer loop
      vertex 6.3810754 4.3008 0.8
      vertex 6.3810754 4.3008 2.6
      vertex 6.4 4 2.6
    endloop
  endfacet
  facet normal 0.9822872 0.18738131 0
    outer loop
      vertex 6.3245997 4.5968556 0.8
      vertex 6.3810754 4.3008 2.6
      vertex 6.3810754 4.3008 0.8
    endloop
  endfacet
  facet normal 0.9822872 0.18738131 0
    outer loop
      vertex 6.3245997 4.5968556 0.8
      vertex 6.3245997 4.5968556 2.6
      vertex 6.3810754 4.3008 2.6
    endloop
  endfacet
  facet normal 0.95105654 0.309017 0
    outer loop
      vertex 6.2314634 4.883499 0.8
      vertex 6.3245997 4.5968556 2.6
      vertex 6.3245997 4.5968556 0.8
    endloop
  endfacet
  facet normal 0.95105654 0.309017 0
    outer loop
      vertex 6.2314634 4.883499 0.8
      vertex 6.2314634 4.883499 2.6
      vertex 6.3245997 4.5968556 2.6
    endloop
  endfacet
  facet normal 0.90482706 0.42577928 0
    outer loop
      vertex 6.103136 5.156209 0.8
      vertex 6.2314634 4.883499 2.6
      vertex 6.2314634 4.883499 0.8
    endloop
  endfacet
  facet normal 0.90482706 0.42577928 0
    outer loop
      vertex 6.103136 5.156209 0.8
      vertex 6.103136 5.156209 2.6
      vertex 6.2314634 4.883499 2.6
    endloop
  endfacet
  facet normal 0.8443279 0.5358268 0
    outer loop
      vertex 5.941641 5.4106846 0.8
      vertex 6.103136 5.156209 2.6
      vertex 6.103136 5.156209 0.8
    endloop
  endfacet
  facet normal 0.8443279 0.5358268 0
    outer loop
      vertex 5.941641 5.4106846 0.8
      vertex 5.941641 5.4106846 2.6
      vertex 6.103136 5.156209 2.6
    endloop
  endfacet
  facet normal 0.77051324 0.637424 0
    outer loop
      vertex 5.7495246 5.642913 0.8
      vertex 5.941641 5.4106846 2.6
      vertex 5.941641 5.4106846 0.8
    endloop
  endfacet
  facet normal 0.77051324 0.637424 0
    outer loop
      vertex 5.7495246 5.642913 0.8
      vertex 5.7495246 5.642913 2.6
      vertex 5.941641 5.4106846 2.6
    endloop
  endfacet
  facet normal 0.6845471 0.7289686 0
    outer loop
      vertex 5.5298176 5.8492317 0.8
      vertex 5.7495246 5.642913 2.6
      vertex 5.7495246 5.642913 0.8
    endloop
  endfacet
  facet normal 0.6845471 0.7289686 0
    outer loop
      vertex 5.5298176 5.8492317 0.8
      vertex 5.5298176 5.8492317 2.6
      vertex 5.7495246 5.642913 2.6
    endloop
  endfacet
  facet normal 0.58778524 0.809017 0
    outer loop
      vertex 5.2859845 6.026387 0.8
      vertex 5.5298176 5.8492317 2.6
      vertex 5.5298176 5.8492317 0.8
    endloop
  endfacet
  facet normal 0.58778524 0.809017 0
    outer loop
      vertex 5.2859845 6.026387 0.8
      vertex 5.2859845 6.026387 2.6
      vertex 5.5298176 5.8492317 2.6
    endloop
  endfacet
  facet normal 0.48175368 0.87630665 0
    outer loop
      vertex 5.02187 6.171585 0.8
      vertex 5.2859845 6.026387 2.6
      vertex 5.2859845 6.026387 0.8
    endloop
  endfacet
  facet normal 0.48175368 0.87630665 0
    outer loop
      vertex 5.02187 6.171585 0.8
      vertex 5.02187 6.171585 2.6
      vertex 5.2859845 6.026387 2.6
    endloop
  endfacet
  facet normal 0.36812454 0.9297765 0
    outer loop
      vertex 4.7416406 6.2825356 0.8
      vertex 5.02187 6.171585 2.6
      vertex 5.02187 6.171585 0.8
    endloop
  endfacet
  facet normal 0.36812454 0.9297765 0
    outer loop
      vertex 4.7416406 6.2825356 0.8
      vertex 4.7416406 6.2825356 2.6
      vertex 5.02187 6.171585 2.6
    endloop
  endfacet
  facet normal 0.24868989 0.96858317 0
    outer loop
      vertex 4.449715 6.3574896 0.8
      vertex 4.7416406 6.2825356 2.6
      vertex 4.7416406 6.2825356 0.8
    endloop
  endfacet
  facet normal 0.24868989 0.96858317 0
    outer loop
      vertex 4.449715 6.3574896 0.8
      vertex 4.449715 6.3574896 2.6
      vertex 4.7416406 6.2825356 2.6
    endloop
  endfacet
  facet normal 0.12533323 0.9921147 0
    outer loop
      vertex 4.150697 6.395264 0.8
      vertex 4.449715 6.3574896 2.6
      vertex 4.449715 6.3574896 0.8
    endloop
  endfacet
  facet normal 0.12533323 0.9921147 0
    outer loop
      vertex 4.150697 6.395264 0.8
      vertex 4.150697 6.395264 2.6
      vertex 4.449715 6.3574896 2.6
    endloop
  endfacet
  facet normal 0 1 0
    outer loop
      vertex 3.8493028 6.395264 0.8
      vertex 4.150697 6.395264 2.6
      vertex 4.150697 6.395264 0.8
    endloop
  endfacet
  facet normal 0 1 0
    outer loop
      vertex 3.8493028 6.395264 0.8
      vertex 3.8493028 6.395264 2.6
      vertex 4.150697 6.395264 2.6
    endloop
  endfacet
  facet normal -0.12533323 0.9921147 0
    outer loop
      vertex 3.5502849 6.3574896 0.8
      vertex 3.8493028 6.395264 2.6
      vertex 3.8493028 6.395264 0.8
    endloop
  endfacet
  facet normal -0.12533323 0.9921147 0
    outer loop
      vertex 3.5502849 6.3574896 0.8
      vertex 3.5502849 6.3574896 2.6
      vertex 3.8493028 6.395264 2.6
    endloop
  endfacet
  facet normal -0.24868989 0.96858317 0
    outer loop
      vertex 3.2583592 6.2825356 0.8
      vertex 3.5502849 6.3574896 2.6
      vertex 3.5502849 6.3574896 0.8
    endloop
  endfacet
  facet normal -0.24868989 0.96858317 0
    outer loop
      vertex 3.2583592 6.2825356 0.8
      vertex 3.2583592 6.2825356 2.6
      vertex 3.5502849 6.3574896 2.6
    endloop
  endfacet
  facet normal -0.36812454 0.9297765 0
    outer loop
      vertex 2.9781296 6.171585 0.8
      vertex 3.2583592 6.2825356 2.6
      vertex 3.2583592 6.2825356 0.8
    endloop
  endfacet
  facet normal -0.36812454 0.9297765 0
    outer loop
      vertex 2.9781296 6.171585 0.8
      vertex 2.9781296 6.171585 2.6
      vertex 3.2583592 6.2825356 2.6
    endloop
  endfacet
  facet normal -0.48175368 0.87630665 0
    outer loop
      vertex 2.7140157 6.026387 0.8
      vertex 2.9781296 6.171585 2.6
      vertex 2.9781296 6.171585 0.8
    endloop
  endfacet
  facet normal -0.48175368 0.87630665 0
    outer loop
      vertex 2.7140157 6.026387 0.8
      vertex 2.7140157 6.026387 2.6
      vertex 2.9781296 6.171585 2.6
    endloop
  endfacet
  facet normal -0.58778524 0.809017 0
    outer loop
      vertex 2.4701824 5.8492317 0.8
      vertex 2.7140157 6.026387 2.6
      vertex 2.7140157 6.026387 0.8
    endloop
  endfacet
  facet normal -0.58778524 0.809017 0
    outer loop
      vertex 2.4701824 5.8492317 0.8
      vertex 2.4701824 5.8492317 2.6
      vertex 2.7140157 6.026387 2.6
    endloop
  endfacet
  facet normal -0.6845471 0.7289686 0
    outer loop
      vertex 2.2504754 5.642913 0.8
      vertex 2.4701824 5.8492317 2.6
      vertex 2.4701824 5.8492317 0.8
    endloop
  endfacet
  facet normal -0.6845471 0.7289686 0
    outer loop
      vertex 2.2504754 5.642913 0.8
      vertex 2.2504754 5.642913 2.6
      vertex 2.4701824 5.8492317 2.6
    endloop
  endfacet
  facet normal -0.77051324 0.637424 0
    outer loop
      vertex 2.0583591 5.4106846 0.8
      vertex 2.2504754 5.642913 2.6
      vertex 2.2504754 5.642913 0.8
    endloop
  endfacet
  facet normal -0.77051324 0.637424 0
    outer loop
      vertex 2.0583591 5.4106846 0.8
      vertex 2.0583591 5.4106846 2.6
      vertex 2.2504754 5.642913 2.6
    endloop
  endfacet
  facet normal -0.8443279 0.5358268 0
    outer loop
      vertex 1.8968639 5.156209 0.8
      vertex 2.0583591 5.4106846 2.6
      vertex 2.0583591 5.4106846 0.8
    endloop
  endfacet
  facet normal -0.8443279 0.5358268 0
    outer loop
      vertex 1.8968639 5.156209 0.8
      vertex 1.8968639 5.156209 2.6
      vertex 2.0583591 5.4106846 2.6
    endloop
  endfacet
  facet normal -0.90482706 0.42577928 0
    outer loop
      vertex 1.7685364 4.883499 0.8
      vertex 1.8968639 5.156209 2.6
      vertex 1.8968639 5.156209 0.8
    endloop
  endfacet
  facet normal -0.90482706 0.42577928 0
    outer loop
      vertex 1.7685364 4.883499 0.8
      vertex 1.7685364 4.883499 2.6
      vertex 1.8968639 5.156209 2.6
    endloop
  endfacet
  facet normal -0.95105654 0.309017 0
    outer loop
      vertex 1.6754004 4.5968556 0.8
      vertex 1.7685364 4.883499 2.6
      vertex 1.7685364 4.883499 0.8
    endloop
  endfacet
  facet normal -0.95105654 0.309017 0
    outer loop
      vertex 1.6754004 4.5968556 0.8
      vertex 1.6754004 4.5968556 2.6
      vertex 1.7685364 4.883499 2.6
    endloop
  endfacet
  facet normal -0.9822872 0.18738131 0
    outer loop
      vertex 1.6189247 4.3008 0.8
      vertex 1.6754004 4.5968556 2.6
      vertex 1.6754004 4.5968556 0.8
    endloop
  endfacet
  facet normal -0.9822872 0.18738131 0
    outer loop
      vertex 1.6189247 4.3008 0.8
      vertex 1.6189247 4.3008 2.6
      vertex 1.6754004 4.5968556 2.6
    endloop
  endfacet
  facet normal -0.9980267 0.06279052 0
    outer loop
      vertex 1.6 4 0.8
      vertex 1.6189247 4.3008 2.6
      vertex 1.6189247 4.3008 0.8
    endloop
  endfacet
  facet normal -0.9980267 0.06279052 0
    outer loop
      vertex 1.6 4 0.8
      vertex 1.6 4 2.6
      vertex 1.6189247 4.3008 2.6
    endloop
  endfacet
  facet normal -0.9980267 -0.06279052 0
    outer loop
      vertex 1.6189247 3.6992002 0.8
      vertex 1.6 4 2.6
      vertex 1.6 4 0.8
    endloop
  endfacet
  facet normal -0.9980267 -0.06279052 0
    outer loop
      vertex 1.6189247 3.6992002 0.8
      vertex 1.6189247 3.6992002 2.6
      vertex 1.6 4 2.6
    endloop
  endfacet
  facet normal -0.9822872 -0.18738131 0
    outer loop
      vertex 1.6754004 3.4031444 0.8
      vertex 1.6189247 3.6992002 2.6
      vertex 1.6189247 3.6992002 0.8
    endloop
  endfacet
  facet normal -0.9822872 -0.18738131 0
    outer loop
      vertex 1.6754004 3.4031444 0.8
      vertex 1.6754004 3.4031444 2.6
      vertex 1.6189247 3.6992002 2.6
    endloop
  endfacet
  facet normal -0.95105654 -0.309017 0
    outer loop
      vertex 1.7685364 3.116501 0.8
      vertex 1.6754004 3.4031444 2.6
      vertex 1.6754004 3.4031444 0.8
    endloop
  endfacet
  facet normal -0.95105654 -0.309017 0
    outer loop
      vertex 1.7685364 3.116501 0.8
      vertex 1.7685364 3.116501 2.6
      vertex 1.6754004 3.4031444 2.6
    endloop
  endfacet
  facet normal -0.90482706 -0.42577928 0
    outer loop
      vertex 1.8968639 2.8437912 0.8
      vertex 1.7685364 3.116501 2.6
      vertex 1.7685364 3.116501 0.8
    endloop
  endfacet
  facet normal -0.90482706 -0.42577928 0
    outer loop
      vertex 1.8968639 2.8437912 0.8
      vertex 1.8968639 2.8437912 2.6
      vertex 1.7685364 3.116501 2.6
    endloop
  endfacet
  facet normal -0.8443279 -0.5358268 0
    outer loop
      vertex 2.0583591 2.5893154 0.8
      vertex 1.8968639 2.8437912 2.6
      vertex 1.8968639 2.8437912 0.8
    endloop
  endfacet
  facet normal -0.8443279 -0.5358268 0
    outer loop
      vertex 2.0583591 2.5893154 0.8
      vertex 2.0583591 2.5893154 2.6
      vertex 1.8968639 2.8437912 2.6
    endloop
  endfacet
  facet normal -0.77051324 -0.637424 0
    outer loop
      vertex 2.2504754 2.357087 0.8
      vertex 2.0583591 2.5893154 2.6
      vertex 2.0583591 2.5893154 0.8
    endloop
  endfacet
  facet normal -0.77051324 -0.637424 0
    outer loop
      vertex 2.2504754 2.357087 0.8
      vertex 2.2504754 2.357087 2.6
      vertex 2.0583591 2.5893154 2.6
    endloop
  endfacet
  facet normal -0.6845471 -0.7289686 0
    outer loop
      vertex 2.4701824 2.1507683 0.8
      vertex 2.2504754 2.357087 2.6
      vertex 2.2504754 2.357087 0.8
    endloop
  endfacet
  facet normal -0.6845471 -0.7289686 0
    outer loop
      vertex 2.4701824 2.1507683 0.8
      vertex 2.4701824 2.1507683 2.6
      vertex 2.2504754 2.357087 2.6
    endloop
  endfacet
  facet normal -0.58778524 -0.809017 0
    outer loop
      vertex 2.7140157 1.973613 0.8
      vertex 2.4701824 2.1507683 2.6
      vertex 2.4701824 2.1507683 0.8
    endloop
  endfacet
  facet normal -0.58778524 -0.809017 0
    outer loop
      vertex 2.7140157 1.973613 0.8
      vertex 2.7140157 1.973613 2.6
      vertex 2.4701824 2.1507683 2.6
    endloop
  endfacet
  facet normal -0.48175368 -0.87630665 0
    outer loop
      vertex 2.9781296 1.828415 0.8
      vertex 2.7140157 1.973613 2.6
      vertex 2.7140157 1.973613 0.8
    endloop
  endfacet
  facet normal -0.48175368 -0.87630665 0
    outer loop
      vertex 2.9781296 1.828415 0.8
      vertex 2.9781296 1.828415 2.6
      vertex 2.7140157 1.973613 2.6
    endloop
  endfacet
  facet normal -0.36812454 -0.9297765 0
    outer loop
      vertex 3.2583592 1.7174643 0.8
      vertex 2.9781296 1.828415 2.6
      vertex 2.9781296 1.828415 0.8
    endloop
  endfacet
  facet normal -0.36812454 -0.9297765 0
    outer loop
      vertex 3.2583592 1.7174643 0.8
      vertex 3.2583592 1.7174643 2.6
      vertex 2.9781296 1.828415 2.6
    endloop
  endfacet
  facet normal -0.24868989 -0.96858317 0
    outer loop
      vertex 3.5502849 1.6425107 0.8
      vertex 3.2583592 1.7174643 2.6
      vertex 3.2583592 1.7174643 0.8
    endloop
  endfacet
  facet normal -0.24868989 -0.96858317 0
    outer loop
      vertex 3.5502849 1.6425107 0.8
      vertex 3.5502849 1.6425107 2.6
      vertex 3.2583592 1.7174643 2.6
    endloop
  endfacet
  facet normal -0.12533323 -0.9921147 0
    outer loop
      vertex 3.8493028 1.6047359 0.8
      vertex 3.5502849 1.6425107 2.6
      vertex 3.5502849 1.6425107 0.8
    endloop
  endfacet
  facet normal -0.12533323 -0.9921147 0
    outer loop
      vertex 3.8493028 1.6047359 0.8
      vertex 3.8493028 1.6047359 2.6
      vertex 3.5502849 1.6425107 2.6
    endloop
  endfacet
  facet normal 0 -1 0
    outer loop
      vertex 4.150697 1.6047359 0.8
      vertex 3.8493028 1.6047359 2.6
      vertex 3.8493028 1.6047359 0.8
    endloop
  endfacet
  facet normal 0 -1 0
    outer loop
      vertex 4.150697 1.6047359 0.8
      vertex 4.150697 1.6047359 2.6
      vertex 3.8493028 1.6047359 2.6
    endloop
  endfacet
  facet normal 0.12533323 -0.9921147 0
    outer loop
      vertex 4.449715 1.6425107 0.8
      vertex 4.150697 1.6047359 2.6
      vertex 4.150697 1.6047359 0.8
    endloop
  endfacet
  facet normal 0.12533323 -0.9921147 0
    outer loop
      vertex 4.449715 1.6425107 0.8
      vertex 4.449715 1.6425107 2.6
      vertex 4.150697 1.6047359 2.6
    endloop
  endfacet
  facet normal 0.24868989 -0.96858317 0
    outer loop
      vertex -3.2583592 -6.2825356 0.8
      vertex -3.5502849 -6.3574896 2.6
      vertex -3.5502849 -6.3574896 0.8
    endloop
  endfacet
  facet normal 0.24868989 -0.96858317 0
    outer loop
      vertex -3.2583592 -6.2825356 0.8
      vertex -3.2583592 -6.2825356 2.6
      vertex -3.5502849 -6.3574896 2.6
    endloop
  endfacet
  facet normal 0.36812454 -0.9297765 0
    outer loop
      vertex -2.9781296 -6.171585 0.8
      vertex -3.2583592 -6.2825356 2.6
      vertex -3.2583592 -6.2825356 0.8
    endloop
  endfacet
  facet normal 0.36812454 -0.9297765 0
    outer loop
      vertex -2.9781296 -6.171585 0.8
      vertex -2.9781296 -6.171585 2.6
      vertex -3.2583592 -6.2825356 2.6
    endloop
  endfacet
  facet normal 0.48175368 -0.87630665 0
    outer loop
      vertex -2.7140157 -6.026387 0.8
      vertex -2.9781296 -6.171585 2.6
      vertex -2.9781296 -6.171585 0.8
    endloop
  endfacet
  facet normal 0.48175368 -0.87630665 0
    outer loop
      vertex -2.7140157 -6.026387 0.8
      vertex -2.7140157 -6.026387 2.6
      vertex -2.9781296 -6.171585 2.6
    endloop
  endfacet
  facet normal 0.58778524 -0.809017 0
    outer loop
      vertex -2.4701824 -5.8492317 0.8
      vertex -2.7140157 -6.026387 2.6
      vertex -2.7140157 -6.026387 0.8
    endloop
  endfacet
  facet normal 0.58778524 -0.809017 0
    outer loop
      vertex -2.4701824 -5.8492317 0.8
      vertex -2.4701824 -5.8492317 2.6
      vertex -2.7140157 -6.026387 2.6
    endloop
  endfacet
  facet normal 0.6845471 -0.7289686 0
    outer loop
      vertex -2.2504754 -5.642913 0.8
      vertex -2.4701824 -5.8492317 2.6
      vertex -2.4701824 -5.8492317 0.8
    endloop
  endfacet
  facet normal 0.6845471 -0.7289686 0
    outer loop
      vertex -2.2504754 -5.642913 0.8
      vertex -2.2504754 -5.642913 2.6
      vertex -2.4701824 -5.8492317 2.6
    endloop
  endfacet
  facet normal 0.77051324 -0.637424 0
    outer loop
      vertex -2.0583591 -5.4106846 0.8
      vertex -2.2504754 -5.642913 2.6
      vertex -2.2504754 -5.642913 0.8
    endloop
  endfacet
  facet normal 0.77051324 -0.637424 0
    outer loop
      vertex -2.0583591 -5.4106846 0.8
      vertex -2.0583591 -5.4106846 2.6
      vertex -2.2504754 -5.642913 2.6
    endloop
  endfacet
  facet normal 0.8443279 -0.5358268 0
    outer loop
      vertex -1.8968639 -5.156209 0.8
      vertex -2.0583591 -5.4106846 2.6
      vertex -2.0583591 -5.4106846 0.8
    endloop
  endfacet
  facet normal 0.8443279 -0.5358268 0
    outer loop
      vertex -1.8968639 -5.156209 0.8
      vertex -1.8968639 -5.156209 2.6
      vertex -2.0583591 -5.4106846 2.6
    endloop
  endfacet
  facet normal 0.90482706 -0.42577928 0
    outer loop
      vertex -1.7685364 -4.883499 0.8
      vertex -1.8968639 -5.156209 2.6
      vertex -1.8968639 -5.156209 0.8
    endloop
  endfacet
  facet normal 0.90482706 -0.42577928 0
    outer loop
      vertex -1.7685364 -4.883499 0.8
      vertex -1.7685364 -4.883499 2.6
      vertex -1.8968639 -5.156209 2.6
    endloop
  endfacet
  facet normal 0.95105654 -0.309017 0
    outer loop
      vertex -1.6754004 -4.5968556 0.8
      vertex -1.7685364 -4.883499 2.6
      vertex -1.7685364 -4.883499 0.8
    endloop
  endfacet
  facet normal 0.95105654 -0.309017 0
    outer loop
      vertex -1.6754004 -4.5968556 0.8
      vertex -1.6754004 -4.5968556 2.6
      vertex -1.7685364 -4.883499 2.6
    endloop
  endfacet
  facet normal 0.9822872 -0.18738131 0
    outer loop
      vertex -1.6189247 -4.3008 0.8
      vertex -1.6754004 -4.5968556 2.6
      vertex -1.6754004 -4.5968556 0.8
    endloop
  endfacet
  facet normal 0.9822872 -0.18738131 0
    outer loop
      vertex -1.6189247 -4.3008 0.8
      vertex -1.6189247 -4.3008 2.6
      vertex -1.6754004 -4.5968556 2.6
    endloop
  endfacet
  facet normal 0.9980267 -0.06279052 0
    outer loop
      vertex -1.6 -4 0.8
      vertex -1.6189247 -4.3008 2.6
      vertex -1.6189247 -4.3008 0.8
    endloop
  endfacet
  facet normal 0.9980267 -0.06279052 0
    outer loop
      vertex -1.6 -4 0.8
      vertex -1.6 -4 2.6
      vertex -1.6189247 -4.3008 2.6
    endloop
  endfacet
  facet normal 0.9980267 0.06279052 0
    outer loop
      vertex -1.6189247 -3.6992002 0.8
      vertex -1.6 -4 2.6
      vertex -1.6 -4 0.8
    endloop
  endfacet
  facet normal 0.9980267 0.06279052 0
    outer loop
      vertex -1.6189247 -3.6992002 0.8
      vertex -1.6189247 -3.6992002 2.6
      vertex -1.6 -4 2.6
    endloop
  endfacet
  facet normal 0.9822872 0.18738131 0
    outer loop
      vertex -1.6754004 -3.4031444 0.8
      vertex -1.6189247 -3.6992002 2.6
      vertex -1.6189247 -3.6992002 0.8
    endloop
  endfacet
  facet normal 0.9822872 0.18738131 0
    outer loop
      vertex -1.6754004 -3.4031444 0.8
      vertex -1.6754004 -3.4031444 2.6
      vertex -1.6189247 -3.6992002 2.6
    endloop
  endfacet
  facet normal 0.95105654 0.309017 0
    outer loop
      vertex -1.7685364 -3.116501 0.8
      vertex -1.6754004 -3.4031444 2.6
      vertex -1.6754004 -3.4031444 0.8
    endloop
  endfacet
  facet normal 0.95105654 0.309017 0
    outer loop
      vertex -1.7685364 -3.116501 0.8
      vertex -1.7685364 -3.116501 2.6
      vertex -1.6754004 -3.4031444 2.6
    endloop
  endfacet
  facet normal 0.90482706 0.42577928 0
    outer loop
      vertex -1.8968639 -2.8437912 0.8
      vertex -1.7685364 -3.116501 2.6
      vertex -1.7685364 -3.116501 0.8
    endloop
  endfacet
  facet normal 0.90482706 0.42577928 0
    outer loop
      vertex -1.8968639 -2.8437912 0.8
      vertex -1.8968639 -2.8437912 2.6
      vertex -1.7685364 -3.116501 2.6
    endloop
  endfacet
  facet normal 0.8443279 0.5358268 0
    outer loop
      vertex -2.0583591 -2.5893154 0.8
      vertex -1.8968639 -2.8437912 2.6
      vertex -1.8968639 -2.8437912 0.8
    endloop
  endfacet
  facet normal 0.8443279 0.5358268 0
    outer loop
      vertex -2.0583591 -2.5893154 0.8
      vertex -2.0583591 -2.5893154 2.6
      vertex -1.8968639 -2.8437912 2.6
    endloop
  endfacet
  facet normal 0.77051324 0.637424 0
    outer loop
      vertex -2.2504754 -2.357087 0.8
      vertex -2.0583591 -2.5893154 2.6
      vertex -2.0583591 -2.5893154 0.8
    endloop
  endfacet
  facet normal 0.77051324 0.637424 0
    outer loop
      vertex -2.2504754 -2.357087 0.8
      vertex -2.2504754 -2.357087 2.6
      vertex -2.0583591 -2.5893154 2.6
    endloop
  endfacet
  facet normal 0.6845471 0.7289686 0
    outer loop
      vertex -2.4701824 -2.1507683 0.8
      vertex -2.2504754 -2.357087 2.6
      vertex -2.2504754 -2.357087 0.8
    endloop
  endfacet
  facet normal 0.6845471 0.7289686 0
    outer loop
      vertex -2.4701824 -2.1507683 0.8
      vertex -2.4701824 -2.1507683 2.6
      vertex -2.2504754 -2.357087 2.6
    endloop
  endfacet
  facet normal 0.58778524 0.809017 0
    outer loop
      vertex -2.7140157 -1.973613 0.8
      vertex -2.4701824 -2.1507683 2.6
      vertex -2.4701824 -2.1507683 0.8
    endloop
  endfacet
  facet normal 0.58778524 0.809017 0
    outer loop
      vertex -2.7140157 -1.973613 0.8
      vertex -2.7140157 -1.973613 2.6
      vertex -2.4701824 -2.1507683 2.6
    endloop
  endfacet
  facet normal 0.48175368 0.87630665 0
    outer loop
      vertex -2.9781296 -1.828415 0.8
      vertex -2.7140157 -1.973613 2.6
      vertex -2.7140157 -1.973613 0.8
    endloop
  endfacet
  facet normal 0.48175368 0.87630665 0
    outer loop
      vertex -2.9781296 -1.828415 0.8
      vertex -2.9781296 -1.828415 2.6
      vertex -2.7140157 -1.973613 2.6
    endloop
  endfacet
  facet normal 0.36812454 0.9297765 0
    outer loop
      vertex -3.2583592 -1.7174643 0.8
      vertex -2.9781296 -1.828415 2.6
      vertex -2.9781296 -1.828415 0.8
    endloop
  endfacet
  facet normal 0.36812454 0.9297765 0
    outer loop
      vertex -3.2583592 -1.7174643 0.8
      vertex -3.2583592 -1.7174643 2.6
      vertex -2.9781296 -1.828415 2.6
    endloop
  endfacet
  facet normal 0.24868989 0.96858317 0
    outer loop
      vertex -3.5502849 -1.6425107 0.8
      vertex -3.2583592 -1.7174643 2.6
      vertex -3.2583592 -1.7174643 0.8
    endloop
  endfacet
  facet normal 0.24868989 0.96858317 0
    outer loop
      vertex -3.5502849 -1.6425107 0.8
      vertex -3.5502849 -1.6425107 2.6
      vertex -3.2583592 -1.7174643 2.6
    endloop
  endfacet
  facet normal 0.12533323 0.9921147 0
    outer loop
      vertex -3.8493028 -1.6047359 0.8
      vertex -3.5502849 -1.6425107 2.6
      vertex -3.5502849 -1.6425107 0.8
    endloop
  endfacet
  facet normal 0.12533323 0.9921147 0
    outer loop
      vertex -3.8493028 -1.6047359 0.8
      vertex -3.8493028 -1.6047359 2.6
      vertex -3.5502849 -1.6425107 2.6
    endloop
  endfacet
  facet normal 0 1 0
    outer loop
      vertex -4.150697 -1.6047359 0.8
      vertex -3.8493028 -1.6047359 2.6
      vertex -3.8493028 -1.6047359 0.8
    endloop
  endfacet
  facet normal 0 1 0
    outer loop
      vertex -4.150697 -1.6047359 0.8
      vertex -4.150697 -1.6047359 2.6
      vertex -3.8493028 -1.6047359 2.6
    endloop
  endfacet
  facet normal -0.12533323 0.9921147 0
    outer loop
      vertex -4.449715 -1.6425107 0.8
      vertex -4.150697 -1.6047359 2.6
      vertex -4.150697 -1.6047359 0.8
    endloop
  endfacet
  facet normal -0.12533323 0.9921147 0
    outer loop
      vertex -4.449715 -1.6425107 0.8
      vertex -4.449715 -1.6425107 2.6
      vertex -4.150697 -1.6047359 2.6
    endloop
  endfacet
  facet normal -0.24868989 0.96858317 0
    outer loop
      vertex -4.7416406 -1.7174643 0.8
      vertex -4.449715 -1.6425107 2.6
      vertex -4.449715 -1.6425107 0.8
    endloop
  endfacet
  facet normal -0.24868989 0.96858317 0
    outer loop
      vertex -4.7416406 -1.7174643 0.8
      vertex -4.7416406 -1.7174643 2.6
      vertex -4.449715 -1.6425107 2.6
    endloop
  endfacet
  facet normal -0.36812454 0.9297765 0
    outer loop
      vertex -5.02187 -1.828415 0.8
      vertex -4.7416406 -1.7174643 2.6
      vertex -4.7416406 -1.7174643 0.8
    endloop
  endfacet
  facet normal -0.36812454 0.9297765 0
    outer loop
      vertex -5.02187 -1.828415 0.8
      vertex -5.02187 -1.828415 2.6
      vertex -4.7416406 -1.7174643 2.6
    endloop
  endfacet
  facet normal -0.48175368 0.87630665 0
    outer loop
      vertex -5.2859845 -1.973613 0.8
      vertex -5.02187 -1.828415 2.6
      vertex -5.02187 -1.828415 0.8
    endloop
  endfacet
  facet normal -0.48175368 0.87630665 0
    outer loop
      vertex -5.2859845 -1.973613 0.8
      vertex -5.2859845 -1.973613 2.6
      vertex -5.02187 -1.828415 2.6
    endloop
  endfacet
  facet normal -0.58778524 0.809017 0
    outer loop
      vertex -5.5298176 -2.1507683 0.8
      vertex -5.2859845 -1.973613 2.6
      vertex -5.2859845 -1.973613 0.8
    endloop
  endfacet
  facet normal -0.58778524 0.809017 0
    outer loop
      vertex -5.5298176 -2.1507683 0.8
      vertex -5.5298176 -2.1507683 2.6
      vertex -5.2859845 -1.973613 2.6
    endloop
  endfacet
  facet normal -0.6845471 0.7289686 0
    outer loop
      vertex -5.7495246 -2.357087 0.8
      vertex -5.5298176 -2.1507683 2.6
      vertex -5.5298176 -2.1507683 0.8
    endloop
  endfacet
  facet normal -0.6845471 0.7289686 0
    outer loop
      vertex -5.7495246 -2.357087 0.8
      vertex -5.7495246 -2.357087 2.6
      vertex -5.5298176 -2.1507683 2.6
    endloop
  endfacet
  facet normal -0.77051324 0.637424 0
    outer loop
      vertex -5.941641 -2.5893154 0.8
      vertex -5.7495246 -2.357087 2.6
      vertex -5.7495246 -2.357087 0.8
    endloop
  endfacet
  facet normal -0.77051324 0.637424 0
    outer loop
      vertex -5.941641 -2.5893154 0.8
      vertex -5.941641 -2.5893154 2.6
      vertex -5.7495246 -2.357087 2.6
    endloop
  endfacet
  facet normal -0.8443279 0.5358268 0
    outer loop
      vertex -6.103136 -2.8437912 0.8
      vertex -5.941641 -2.5893154 2.6
      vertex -5.941641 -2.5893154 0.8
    endloop
  endfacet
  facet normal -0.8443279 0.5358268 0
    outer loop
      vertex -6.103136 -2.8437912 0.8
      vertex -6.103136 -2.8437912 2.6
      vertex -5.941641 -2.5893154 2.6
    endloop
  endfacet
  facet normal -0.90482706 0.42577928 0
    outer loop
      vertex -6.2314634 -3.116501 0.8
      vertex -6.103136 -2.8437912 2.6
      vertex -6.103136 -2.8437912 0.8
    endloop
  endfacet
  facet normal -0.90482706 0.42577928 0
    outer loop
      vertex -6.2314634 -3.116501 0.8
      vertex -6.2314634 -3.116501 2.6
      vertex -6.103136 -2.8437912 2.6
    endloop
  endfacet
  facet normal -0.95105654 0.309017 0
    outer loop
      vertex -6.3245997 -3.4031444 0.8
      vertex -6.2314634 -3.116501 2.6
      vertex -6.2314634 -3.116501 0.8
    endloop
  endfacet
  facet normal -0.95105654 0.309017 0
    outer loop
      vertex -6.3245997 -3.4031444 0.8
      vertex -6.3245997 -3.4031444 2.6
      vertex -6.2314634 -3.116501 2.6
    endloop
  endfacet
  facet normal -0.9822872 0.18738131 0
    outer loop
      vertex -6.3810754 -3.6992002 0.8
      vertex -6.3245997 -3.4031444 2.6
      vertex -6.3245997 -3.4031444 0.8
    endloop
  endfacet
  facet normal -0.9822872 0.18738131 0
    outer loop
      vertex -6.3810754 -3.6992002 0.8
      vertex -6.3810754 -3.6992002 2.6
      vertex -6.3245997 -3.4031444 2.6
    endloop
  endfacet
  facet normal -0.9980267 0.06279052 0
    outer loop
      vertex -6.4 -4 0.8
      vertex -6.3810754 -3.6992002 2.6
      vertex -6.3810754 -3.6992002 0.8
    endloop
  endfacet
  facet normal -0.9980267 0.06279052 0
    outer loop
      vertex -6.4 -4 0.8
      vertex -6.4 -4 2.6
      vertex -6.3810754 -3.6992002 2.6
    endloop
  endfacet
  facet normal -0.9980267 -0.06279052 0
    outer loop
      vertex -6.3810754 -4.3008 0.8
      vertex -6.4 -4 2.6
      vertex -6.4 -4 0.8
    endloop
  endfacet
  facet normal -0.9980267 -0.06279052 0
    outer loop
      vertex -6.3810754 -4.3008 0.8
      vertex -6.3810754 -4.3008 2.6
      vertex -6.4 -4 2.6
    endloop
  endfacet
  facet normal -0.9822872 -0.18738131 0
    outer loop
      vertex -6.3245997 -4.5968556 0.8
      vertex -6.3810754 -4.3008 2.6
      vertex -6.3810754 -4.3008 0.8
    endloop
  endfacet
  facet normal -0.9822872 -0.18738131 0
    outer loop
      vertex -6.3245997 -4.5968556 0.8
      vertex -6.3245997 -4.5968556 2.6
      vertex -6.3810754 -4.3008 2.6
    endloop
  endfacet
  facet normal -0.95105654 -0.309017 0
    outer loop
      vertex -6.2314634 -4.883499 0.8
      vertex -6.3245997 -4.5968556 2.6
      vertex -6.3245997 -4.5968556 0.8
    endloop
  endfacet
  facet normal -0.95105654 -0.309017 0
    outer loop
      vertex -6.2314634 -4.883499 0.8
      vertex -6.2314634 -4.883499 2.6
      vertex -6.3245997 -4.5968556 2.6
    endloop
  endfacet
  facet normal -0.90482706 -0.42577928 0
    outer loop
      vertex -6.103136 -5.156209 0.8
      vertex -6.2314634 -4.883499 2.6
      vertex -6.2314634 -4.883499 0.8
    endloop
  endfacet
  facet normal -0.90482706 -0.42577928 0
    outer loop
      vertex -6.103136 -5.156209 0.8
      vertex -6.103136 -5.156209 2.6
      vertex -6.2314634 -4.883499 2.6
    endloop
  endfacet
  facet normal -0.8443279 -0.5358268 0
    outer loop
      vertex -5.941641 -5.4106846 0.8
      vertex -6.103136 -5.156209 2.6
      vertex -6.103136 -5.156209 0.8
    endloop
  endfacet
  facet normal -0.8443279 -0.5358268 0
    outer loop
      vertex -5.941641 -5.4106846 0.8
      vertex -5.941641 -5.4106846 2.6
      vertex -6.103136 -5.156209 2.6
    endloop
  endfacet
  facet normal -0.77051324 -0.637424 0
    outer loop
      vertex -5.7495246 -5.642913 0.8
      vertex -5.941641 -5.4106846 2.6
      vertex -5.941641 -5.4106846 0.8
    endloop
  endfacet
  facet normal -0.77051324 -0.637424 0
    outer loop
      vertex -5.7495246 -5.642913 0.8
      vertex -5.7495246 -5.642913 2.6
      vertex -5.941641 -5.4106846 2.6
    endloop
  endfacet
  facet normal -0.6845471 -0.7289686 0
    outer loop
      vertex -5.5298176 -5.8492317 0.8
      vertex -5.7495246 -5.642913 2.6
      vertex -5.7495246 -5.642913 0.8
    endloop
  endfacet
  facet normal -0.6845471 -0.7289686 0
    outer loop
      vertex -5.5298176 -5.8492317 0.8
      vertex -5.5298176 -5.8492317 2.6
      vertex -5.7495246 -5.642913 2.6
    endloop
  endfacet
  facet normal -0.58778524 -0.809017 0
    outer loop
      vertex -5.2859845 -6.026387 0.8
      vertex -5.5298176 -5.8492317 2.6
      vertex -5.5298176 -5.8492317 0.8
    endloop
  endfacet
  facet normal -0.58778524 -0.809017 0
    outer loop
      vertex -5.2859845 -6.026387 0.8
      vertex -5.2859845 -6.026387 2.6
      vertex -5.5298176 -5.8492317 2.6
    endloop
  endfacet
  facet normal -0.48175368 -0.87630665 0
    outer loop
      vertex -5.02187 -6.171585 0.8
      vertex -5.2859845 -6.026387 2.6
      vertex -5.2859845 -6.026387 0.8
    endloop
  endfacet
  facet normal -0.48175368 -0.87630665 0
    outer loop
      vertex -5.02187 -6.171585 0.8
      vertex -5.02187 -6.171585 2.6
      vertex -5.2859845 -6.026387 2.6
    endloop
  endfacet
  facet normal -0.36812454 -0.9297765 0
    outer loop
      vertex -4.7416406 -6.2825356 0.8
      vertex -5.02187 -6.171585 2.6
      vertex -5.02187 -6.171585 0.8
    endloop
  endfacet
  facet normal -0.36812454 -0.9297765 0
    outer loop
      vertex -4.7416406 -6.2825356 0.8
      vertex -4.7416406 -6.2825356 2.6
      vertex -5.02187 -6.171585 2.6
    endloop
  endfacet
  facet normal -0.24868989 -0.96858317 0
    outer loop
      vertex -4.449715 -6.3574896 0.8
      vertex -4.7416406 -6.2825356 2.6
      vertex -4.7416406 -6.2825356 0.8
    endloop
  endfacet
  facet normal -0.24868989 -0.96858317 0
    outer loop
      vertex -4.449715 -6.3574896 0.8
      vertex -4.449715 -6.3574896 2.6
      vertex -4.7416406 -6.2825356 2.6
    endloop
  endfacet
  facet normal -0.12533323 -0.9921147 0
    outer loop
      vertex -4.150697 -6.395264 0.8
      vertex -4.449715 -6.3574896 2.6
      vertex -4.449715 -6.3574896 0.8
    endloop
  endfacet
  facet normal -0.12533323 -0.9921147 0
    outer loop
      vertex -4.150697 -6.395264 0.8
      vertex -4.150697 -6.395264 2.6
      vertex -4.449715 -6.3574896 2.6
    endloop
  endfacet
  facet normal 0 -1 0
    outer loop
      vertex -3.8493028 -6.395264 0.8
      vertex -4.150697 -6.395264 2.6
      vertex -4.150697 -6.395264 0.8
    endloop
  endfacet
  facet normal 0 -1 0
    outer loop
      vertex -3.8493028 -6.395264 0.8
      vertex -3.8493028 -6.395264 2.6
      vertex -4.150697 -6.395264 2.6
    endloop
  endfacet
  facet normal 0.12533323 -0.9921147 0
    outer loop
      vertex -3.5502849 -6.3574896 0.8
      vertex -3.8493028 -6.395264 2.6
      vertex -3.8493028 -6.395264 0.8
    endloop
  endfacet
  facet normal 0.12533323 -0.9921147 0
    outer loop
      vertex -3.5502849 -6.3574896 0.8
      vertex -3.5502849 -6.3574896 2.6
      vertex -3.8493028 -6.395264 2.6
    endloop
  endfacet
  facet normal 0.24868989 -0.96858317 0
    outer loop
      vertex 4.7416406 -6.2825356 0.8
      vertex 4.449715 -6.3574896 2.6
      vertex 4.449715 -6.3574896 0.8
    endloop
  endfacet
  facet normal 0.24868989 -0.96858317 0
    outer loop
      vertex 4.7416406 -6.2825356 0.8
      vertex 4.7416406 -6.2825356 2.6
      vertex 4.449715 -6.3574896 2.6
    endloop
  endfacet
  facet normal 0.36812454 -0.9297765 0
    outer loop
      vertex 5.02187 -6.171585 0.8
      vertex 4.7416406 -6.2825356 2.6
      vertex 4.7416406 -6.2825356 0.8
    endloop
  endfacet
  facet normal 0.36812454 -0.9297765 0
    outer loop
      vertex 5.02187 -6.171585 0.8
      vertex 5.02187 -6.171585 2.6
      vertex 4.7416406 -6.2825356 2.6
    endloop
  endfacet
  facet normal 0.48175368 -0.87630665 0
    outer loop
      vertex 5.2859845 -6.026387 0.8
      vertex 5.02187 -6.171585 2.6
      vertex 5.02187 -6.171585 0.8
    endloop
  endfacet
  facet normal 0.48175368 -0.87630665 0
    outer loop
      vertex 5.2859845 -6.026387 0.8
      vertex 5.2859845 -6.026387 2.6
      vertex 5.02187 -6.171585 2.6
    endloop
  endfacet
  facet normal 0.58778524 -0.809017 0
    outer loop
      vertex 5.5298176 -5.8492317 0.8
      vertex 5.2859845 -6.026387 2.6
      vertex 5.2859845 -6.026387 0.8
    endloop
  endfacet
  facet normal 0.58778524 -0.809017 0
    outer loop
      vertex 5.5298176 -5.8492317 0.8
      vertex 5.5298176 -5.8492317 2.6
      vertex 5.2859845 -6.026387 2.6
    endloop
  endfacet
  facet normal 0.6845471 -0.7289686 0
    outer loop
      vertex 5.7495246 -5.642913 0.8
      vertex 5.5298176 -5.8492317 2.6
      vertex 5.5298176 -5.8492317 0.8
    endloop
  endfacet
  facet normal 0.6845471 -0.7289686 0
    outer loop
      vertex 5.7495246 -5.642913 0.8
      vertex 5.7495246 -5.642913 2.6
      vertex 5.5298176 -5.8492317 2.6
    endloop
  endfacet
  facet normal 0.77051324 -0.637424 0
    outer loop
      vertex 5.941641 -5.4106846 0.8
      vertex 5.7495246 -5.642913 2.6
      vertex 5.7495246 -5.642913 0.8
    endloop
  endfacet
  facet normal 0.77051324 -0.637424 0
    outer loop
      vertex 5.941641 -5.4106846 0.8
      vertex 5.941641 -5.4106846 2.6
      vertex 5.7495246 -5.642913 2.6
    endloop
  endfacet
  facet normal 0.8443279 -0.5358268 0
    outer loop
      vertex 6.103136 -5.156209 0.8
      vertex 5.941641 -5.4106846 2.6
      vertex 5.941641 -5.4106846 0.8
    endloop
  endfacet
  facet normal 0.8443279 -0.5358268 0
    outer loop
      vertex 6.103136 -5.156209 0.8
      vertex 6.103136 -5.156209 2.6
      vertex 5.941641 -5.4106846 2.6
    endloop
  endfacet
  facet normal 0.90482706 -0.42577928 0
    outer loop
      vertex 6.2314634 -4.883499 0.8
      vertex 6.103136 -5.156209 2.6
      vertex 6.103136 -5.156209 0.8
    endloop
  endfacet
  facet normal 0.90482706 -0.42577928 0
    outer loop
      vertex 6.2314634 -4.883499 0.8
      vertex 6.2314634 -4.883499 2.6
      vertex 6.103136 -5.156209 2.6
    endloop
  endfacet
  facet normal 0.95105654 -0.309017 0
    outer loop
      vertex 6.3245997 -4.5968556 0.8
      vertex 6.2314634 -4.883499 2.6
      vertex 6.2314634 -4.883499 0.8
    endloop
  endfacet
  facet normal 0.95105654 -0.309017 0
    outer loop
      vertex 6.3245997 -4.5968556 0.8
      vertex 6.3245997 -4.5968556 2.6
      vertex 6.2314634 -4.883499 2.6
    endloop
  endfacet
  facet normal 0.9822872 -0.18738131 0
    outer loop
      vertex 6.3810754 -4.3008 0.8
      vertex 6.3245997 -4.5968556 2.6
      vertex 6.3245997 -4.5968556 0.8
    endloop
  endfacet
  facet normal 0.9822872 -0.18738131 0
    outer loop
      vertex 6.3810754 -4.3008 0.8
      vertex 6.3810754 -4.3008 2.6
      vertex 6.3245997 -4.5968556 2.6
    endloop
  endfacet
  facet normal 0.9980267 -0.06279052 0
    outer loop
      vertex 6.4 -4 0.8
      vertex 6.3810754 -4.3008 2.6
      vertex 6.3810754 -4.3008 0.8
    endloop
  endfacet
  facet normal 0.9980267 -0.06279052 0
    outer loop
      vertex 6.4 -4 0.8
      vertex 6.4 -4 2.6
      vertex 6.3810754 -4.3008 2.6
    endloop
  endfacet
  facet normal 0.9980267 0.06279052 0
    outer loop
      vertex 6.3810754 -3.6992002 0.8
      vertex 6.4 -4 2.6
      vertex 6.4 -4 0.8
    endloop
  endfacet
  facet normal 0.9980267 0.06279052 0
    outer loop
      vertex 6.3810754 -3.6992002 0.8
      vertex 6.3810754 -3.6992002 2.6
      vertex 6.4 -4 2.6
    endloop
  endfacet
  facet normal 0.9822872 0.18738131 0
    outer loop
      vertex 6.3245997 -3.4031444 0.8
      vertex 6.3810754 -3.6992002 2.6
      vertex 6.3810754 -3.6992002 0.8
    endloop
  endfacet
  facet normal 0.9822872 0.18738131 0
    outer loop
      vertex 6.3245997 -3.4031444 0.8
      vertex 6.3245997 -3.4031444 2.6
      vertex 6.3810754 -3.6992002 2.6
    endloop
  endfacet
  facet normal 0.95105654 0.309017 0
    outer loop
      vertex 6.2314634 -3.116501 0.8
      vertex 6.3245997 -3.4031444 2.6
      vertex 6.3245997 -3.4031444 0.8
    endloop
  endfacet
  facet normal 0.95105654 0.309017 0
    outer loop
      vertex 6.2314634 -3.116501 0.8
      vertex 6.2314634 -3.116501 2.6
      vertex 6.3245997 -3.4031444 2.6
    endloop
  endfacet
  facet normal 0.90482706 0.42577928 0
    outer loop
      vertex 6.103136 -2.8437912 0.8
      vertex 6.2314634 -3.116501 2.6
      vertex 6.2314634 -3.116501 0.8
    endloop
  endfacet
  facet normal 0.90482706 0.42577928 0
    outer loop
      vertex 6.103136 -2.8437912 0.8
      vertex 6.103136 -2.8437912 2.6
      vertex 6.2314634 -3.116501 2.6
    endloop
  endfacet
  facet normal 0.8443279 0.5358268 0
    outer loop
      vertex 5.941641 -2.5893154 0.8
      vertex 6.103136 -2.8437912 2.6
      vertex 6.103136 -2.8437912 0.8
    endloop
  endfacet
  facet normal 0.8443279 0.5358268 0
    outer loop
      vertex 5.941641 -2.5893154 0.8
      vertex 5.941641 -2.5893154 2.6
      vertex 6.103136 -2.8437912 2.6
    endloop
  endfacet
  facet normal 0.77051324 0.637424 0
    outer loop
      vertex 5.7495246 -2.357087 0.8
      vertex 5.941641 -2.5893154 2.6
      vertex 5.941641 -2.5893154 0.8
    endloop
  endfacet
  facet normal 0.77051324 0.637424 0
    outer loop
      vertex 5.7495246 -2.357087 0.8
      vertex 5.7495246 -2.357087 2.6
      vertex 5.941641 -2.5893154 2.6
    endloop
  endfacet
  facet normal 0.6845471 0.7289686 0
    outer loop
      vertex 5.5298176 -2.1507683 0.8
      vertex 5.7495246 -2.357087 2.6
      vertex 5.7495246 -2.357087 0.8
    endloop
  endfacet
  facet normal 0.6845471 0.7289686 0
    outer loop
      vertex 5.5298176 -2.1507683 0.8
      vertex 5.5298176 -2.1507683 2.6
      vertex 5.7495246 -2.357087 2.6
    endloop
  endfacet
  facet normal 0.58778524 0.809017 0
    outer loop
      vertex 5.2859845 -1.973613 0.8
      vertex 5.5298176 -2.1507683 2.6
      vertex 5.5298176 -2.1507683 0.8
    endloop
  endfacet
  facet normal 0.58778524 0.809017 0
    outer loop
      vertex 5.2859845 -1.973613 0.8
      vertex 5.2859845 -1.973613 2.6
      vertex 5.5298176 -2.1507683 2.6
    endloop
  endfacet
  facet normal 0.48175368 0.87630665 0
    outer loop
      vertex 5.02187 -1.828415 0.8
      vertex 5.2859845 -1.973613 2.6
      vertex 5.2859845 -1.973613 0.8
    endloop
  endfacet
  facet normal 0.48175368 0.87630665 0
    outer loop
      vertex 5.02187 -1.828415 0.8
      vertex 5.02187 -1.828415 2.6
      vertex 5.2859845 -1.973613 2.6
    endloop
  endfacet
  facet normal 0.36812454 0.9297765 0
    outer loop
      vertex 4.7416406 -1.7174643 0.8
      vertex 5.02187 -1.828415 2.6
      vertex 5.02187 -1.828415 0.8
    endloop
  endfacet
  facet normal 0.36812454 0.9297765 0
    outer loop
      vertex 4.7416406 -1.7174643 0.8
      vertex 4.7416406 -1.7174643 2.6
      vertex 5.02187 -1.828415 2.6
    endloop
  endfacet
  facet normal 0.24868989 0.96858317 0
    outer loop
      vertex 4.449715 -1.6425107 0.8
      vertex 4.7416406 -1.7174643 2.6
      vertex 4.7416406 -1.7174643 0.8
    endloop
  endfacet
  facet normal 0.24868989 0.96858317 0
    outer loop
      vertex 4.449715 -1.6425107 0.8
      vertex 4.449715 -1.6425107 2.6
      vertex 4.7416406 -1.7174643 2.6
    endloop
  endfacet
  facet normal 0.12533323 0.9921147 0
    outer loop
      vertex 4.150697 -1.6047359 0.8
      vertex 4.449715 -1.6425107 2.6
      vertex 4.449715 -1.6425107 0.8
    endloop
  endfacet
  facet normal 0.12533323 0.9921147 0
    outer loop
      vertex 4.150697 -1.6047359 0.8
      vertex 4.150697 -1.6047359 2.6
      vertex 4.449715 -1.6425107 2.6
    endloop
  endfacet
  facet normal 0 1 0
    outer loop
      vertex 3.8493028 -1.6047359 0.8
      vertex 4.150697 -1.6047359 2.6
      vertex 4.150697 -1.6047359 0.8
    endloop
  endfacet
  facet normal 0 1 0
    outer loop
      vertex 3.8493028 -1.6047359 0.8
      vertex 3.8493028 -1.6047359 2.6
      vertex 4.150697 -1.6047359 2.6
    endloop
  endfacet
  facet normal -0.12533323 0.9921147 0
    outer loop
      vertex 3.5502849 -1.6425107 0.8
      vertex 3.8493028 -1.6047359 2.6
      vertex 3.8493028 -1.6047359 0.8
    endloop
  endfacet
  facet normal -0.12533323 0.9921147 0
    outer loop
      vertex 3.5502849 -1.6425107 0.8
      vertex 3.5502849 -1.6425107 2.6
      vertex 3.8493028 -1.6047359 2.6
    endloop
  endfacet
  facet normal -0.24868989 0.96858317 0
    outer loop
      vertex 3.2583592 -1.7174643 0.8
      vertex 3.5502849 -1.6425107 2.6
      vertex 3.5502849 -1.6425107 0.8
    endloop
  endfacet
  facet normal -0.24868989 0.96858317 0
    outer loop
      vertex 3.2583592 -1.7174643 0.8
      vertex 3.2583592 -1.7174643 2.6
      vertex 3.5502849 -1.6425107 2.6
    endloop
  endfacet
  facet normal -0.36812454 0.9297765 0
    outer loop
      vertex 2.9781296 -1.828415 0.8
      vertex 3.2583592 -1.7174643 2.6
      vertex 3.2583592 -1.7174643 0.8
    endloop
  endfacet
  facet normal -0.36812454 0.9297765 0
    outer loop
      vertex 2.9781296 -1.828415 0.8
      vertex 2.9781296 -1.828415 2.6
      vertex 3.2583592 -1.7174643 2.6
    endloop
  endfacet
  facet normal -0.48175368 0.87630665 0
    outer loop
      vertex 2.7140157 -1.973613 0.8
      vertex 2.9781296 -1.828415 2.6
      vertex 2.9781296 -1.828415 0.8
    endloop
  endfacet
  facet normal -0.48175368 0.87630665 0
    outer loop
      vertex 2.7140157 -1.973613 0.8
      vertex 2.7140157 -1.973613 2.6
      vertex 2.9781296 -1.828415 2.6
    endloop
  endfacet
  facet normal -0.58778524 0.809017 0
    outer loop
      vertex 2.4701824 -2.1507683 0.8
      vertex 2.7140157 -1.973613 2.6
      vertex 2.7140157 -1.973613 0.8
    endloop
  endfacet
  facet normal -0.58778524 0.809017 0
    outer loop
      vertex 2.4701824 -2.1507683 0.8
      vertex 2.4701824 -2.1507683 2.6
      vertex 2.7140157 -1.973613 2.6
    endloop
  endfacet
  facet normal -0.6845471 0.7289686 0
    outer loop
      vertex 2.2504754 -2.357087 0.8
      vertex 2.4701824 -2.1507683 2.6
      vertex 2.4701824 -2.1507683 0.8
    endloop
  endfacet
  facet normal -0.6845471 0.7289686 0
    outer loop
      vertex 2.2504754 -2.357087 0.8
      vertex 2.2504754 -2.357087 2.6
      vertex 2.4701824 -2.1507683 2.6
    endloop
  endfacet
  facet normal -0.77051324 0.637424 0
    outer loop
      vertex 2.0583591 -2.5893154 0.8
      vertex 2.2504754 -2.357087 2.6
      vertex 2.2504754 -2.357087 0.8
    endloop
  endfacet
  facet normal -0.77051324 0.637424 0
    outer loop
      vertex 2.0583591 -2.5893154 0.8
      vertex 2.0583591 -2.5893154 2.6
      vertex 2.2504754 -2.357087 2.6
    endloop
  endfacet
  facet normal -0.8443279 0.5358268 0
    outer loop
      vertex 1.8968639 -2.8437912 0.8
      vertex 2.0583591 -2.5893154 2.6
      vertex 2.0583591 -2.5893154 0.8
    endloop
  endfacet
  facet normal -0.8443279 0.5358268 0
    outer loop
      vertex 1.8968639 -2.8437912 0.8
      vertex 1.8968639 -2.8437912 2.6
      vertex 2.0583591 -2.5893154 2.6
    endloop
  endfacet
  facet normal -0.90482706 0.42577928 0
    outer loop
      vertex 1.7685364 -3.116501 0.8
      vertex 1.8968639 -2.8437912 2.6
      vertex 1.8968639 -2.8437912 0.8
    endloop
  endfacet
  facet normal -0.90482706 0.42577928 0
    outer loop
      vertex 1.7685364 -3.116501 0.8
      vertex 1.7685364 -3.116501 2.6
      vertex 1.8968639 -2.8437912 2.6
    endloop
  endfacet
  facet normal -0.95105654 0.309017 0
    outer loop
      vertex 1.6754004 -3.4031444 0.8
      vertex 1.7685364 -3.116501 2.6
      vertex 1.7685364 -3.116501 0.8
    endloop
  endfacet
  facet normal -0.95105654 0.309017 0
    outer loop
      vertex 1.6754004 -3.4031444 0.8
      vertex 1.6754004 -3.4031444 2.6
      vertex 1.7685364 -3.116501 2.6
    endloop
  endfacet
  facet normal -0.9822872 0.18738131 0
    outer loop
      vertex 1.6189247 -3.6992002 0.8
      vertex 1.6754004 -3.4031444 2.6
      vertex 1.6754004 -3.4031444 0.8
    endloop
  endfacet
  facet normal -0.9822872 0.18738131 0
    outer loop
      vertex 1.6189247 -3.6992002 0.8
      vertex 1.6189247 -3.6992002 2.6
      vertex 1.6754004 -3.4031444 2.6
    endloop
  endfacet
  facet normal -0.9980267 0.06279052 0
    outer loop
      vertex 1.6 -4 0.8
      vertex 1.6189247 -3.6992002 2.6
      vertex 1.6189247 -3.6992002 0.8
    endloop
  endfacet
  facet normal -0.9980267 0.06279052 0
    outer loop
      vertex 1.6 -4 0.8
      vertex 1.6 -4 2.6
      vertex 1.6189247 -3.6992002 2.6
    endloop
  endfacet
  facet normal -0.9980267 -0.06279052 0
    outer loop
      vertex 1.6189247 -4.3008 0.8
      vertex 1.6 -4 2.6
      vertex 1.6 -4 0.8
    endloop
  endfacet
  facet normal -0.9980267 -0.06279052 0
    outer loop
      vertex 1.6189247 -4.3008 0.8
      vertex 1.6189247 -4.3008 2.6
      vertex 1.6 -4 2.6
    endloop
  endfacet
  facet normal -0.9822872 -0.18738131 0
    outer loop
      vertex 1.6754004 -4.5968556 0.8
      vertex 1.6189247 -4.3008 2.6
      vertex 1.6189247 -4.3008 0.8
    endloop
  endfacet
  facet normal -0.9822872 -0.18738131 0
    outer loop
      vertex 1.6754004 -4.5968556 0.8
      vertex 1.6754004 -4.5968556 2.6
      vertex 1.6189247 -4.3008 2.6
    endloop
  endfacet
  facet normal -0.95105654 -0.309017 0
    outer loop
      vertex 1.7685364 -4.883499 0.8
      vertex 1.6754004 -4.5968556 2.6
      vertex 1.6754004 -4.5968556 0.8
    endloop
  endfacet
  facet normal -0.95105654 -0.309017 0
    outer loop
      vertex 1.7685364 -4.883499 0.8
      vertex 1.7685364 -4.883499 2.6
      vertex 1.6754004 -4.5968556 2.6
    endloop
  endfacet
  facet normal -0.90482706 -0.42577928 0
    outer loop
      vertex 1.8968639 -5.156209 0.8
      vertex 1.7685364 -4.883499 2.6
      vertex 1.7685364 -4.883499 0.8
    endloop
  endfacet
  facet normal -0.90482706 -0.42577928 0
    outer loop
      vertex 1.8968639 -5.156209 0.8
      vertex 1.8968639 -5.156209 2.6
      vertex 1.7685364 -4.883499 2.6
    endloop
  endfacet
  facet normal -0.8443279 -0.5358268 0
    outer loop
      vertex 2.0583591 -5.4106846 0.8
      vertex 1.8968639 -5.156209 2.6
      vertex 1.8968639 -5.156209 0.8
    endloop
  endfacet
  facet normal -0.8443279 -0.5358268 0
    outer loop
      vertex 2.0583591 -5.4106846 0.8
      vertex 2.0583591 -5.4106846 2.6
      vertex 1.8968639 -5.156209 2.6
    endloop
  endfacet
  facet normal -0.77051324 -0.637424 0
    outer loop
      vertex 2.2504754 -5.642913 0.8
      vertex 2.0583591 -5.4106846 2.6
      vertex 2.0583591 -5.4106846 0.8
    endloop
  endfacet
  facet normal -0.77051324 -0.637424 0
    outer loop
      vertex 2.2504754 -5.642913 0.8
      vertex 2.2504754 -5.642913 2.6
      vertex 2.0583591 -5.4106846 2.6
    endloop
  endfacet
  facet normal -0.6845471 -0.7289686 0
    outer loop
      vertex 2.4701824 -5.8492317 0.8
      vertex 2.2504754 -5.642913 2.6
      vertex 2.2504754 -5.642913 0.8
    endloop
  endfacet
  facet normal -0.6845471 -0.7289686 0
    outer loop
      vertex 2.4701824 -5.8492317 0.8
      vertex 2.4701824 -5.8492317 2.6
      vertex 2.2504754 -5.642913 2.6
    endloop
  endfacet
  facet normal -0.58778524 -0.809017 0
    outer loop
      vertex 2.7140157 -6.026387 0.8
      vertex 2.4701824 -5.8492317 2.6
      vertex 2.4701824 -5.8492317 0.8
    endloop
  endfacet
  facet normal -0.58778524 -0.809017 0
    outer loop
      vertex 2.7140157 -6.026387 0.8
      vertex 2.7140157 -6.026387 2.6
      vertex 2.4701824 -5.8492317 2.6
    endloop
  endfacet
  facet normal -0.48175368 -0.87630665 0
    outer loop
      vertex 2.9781296 -6.171585 0.8
      vertex 2.7140157 -6.026387 2.6
      vertex 2.7140157 -6.026387 0.8
    endloop
  endfacet
  facet normal -0.48175368 -0.87630665 0
    outer loop
      vertex 2.9781296 -6.171585 0.8
      vertex 2.9781296 -6.171585 2.6
      vertex 2.7140157 -6.026387 2.6
    endloop
  endfacet
  facet normal -0.36812454 -0.9297765 0
    outer loop
      vertex 3.2583592 -6.2825356 0.8
      vertex 2.9781296 -6.171585 2.6
      vertex 2.9781296 -6.171585 0.8
    endloop
  endfacet
  facet normal -0.36812454 -0.9297765 0
    outer loop
      vertex 3.2583592 -6.2825356 0.8
      vertex 3.2583592 -6.2825356 2.6
      vertex 2.9781296 -6.171585 2.6
    endloop
  endfacet
  facet normal -0.24868989 -0.96858317 0
    outer loop
      vertex 3.5502849 -6.3574896 0.8
      vertex 3.2583592 -6.2825356 2.6
      vertex 3.2583592 -6.2825356 0.8
    endloop
  endfacet
  facet normal -0.24868989 -0.96858317 0
    outer loop
      vertex 3.5502849 -6.3574896 0.8
      vertex 3.5502849 -6.3574896 2.6
      vertex 3.2583592 -6.2825356 2.6
    endloop
  endfacet
  facet normal -0.12533323 -0.9921147 0
    outer loop
      vertex 3.8493028 -6.395264 0.8
      vertex 3.5502849 -6.3574896 2.6
      vertex 3.5502849 -6.3574896 0.8
    endloop
  endfacet
  facet normal -0.12533323 -0.9921147 0
    outer loop
      vertex 3.8493028 -6.395264 0.8
      vertex 3.8493028 -6.395264 2.6
      vertex 3.5502849 -6.3574896 2.6
    endloop
  endfacet
  facet normal 0 -1 0
    outer loop
      vertex 4.150697 -6.395264 0.8
      vertex 3.8493028 -6.395264 2.6
      vertex 3.8493028 -6.395264 0.8
    endloop
  endfacet
  facet normal 0 -1 0
    outer loop
      vertex 4.150697 -6.395264 0.8
      vertex 4.150697 -6.395264 2.6
      vertex 3.8493028 -6.395264 2.6
    endloop
  endfacet
  facet normal 0.12533323 -0.9921147 0
    outer loop
      vertex 4.449715 -6.3574896 0.8
      vertex 4.150697 -6.395264 2.6
      vertex 4.150697 -6.395264 0.8
    endloop
  endfacet
  facet normal 0.12533323 -0.9921147 0
    outer loop
      vertex 4.449715 -6.3574896 0.8
      vertex 4.449715 -6.3574896 2.6
      vertex 4.150697 -6.395264 2.6
    endloop
  endfacet
  facet normal 0.24868989 -0.96858317 0
    outer loop
      vertex -3.2583592 -14.282536 0.8
      vertex -3.5502849 -14.35749 2.6
      vertex -3.5502849 -14.35749 0.8
    endloop
  endfacet
  facet normal 0.24868989 -0.96858317 0
    outer loop
      vertex -3.2583592 -14.282536 0.8
      vertex -3.2583592 -14.282536 2.6
      vertex -3.5502849 -14.35749 2.6
    endloop
  endfacet
  facet normal 0.36812454 -0.9297765 0
    outer loop
      vertex -2.9781296 -14.171585 0.8
      vertex -3.2583592 -14.282536 2.6
      vertex -3.2583592 -14.282536 0.8
    endloop
  endfacet
  facet normal 0.36812454 -0.9297765 0
    outer loop
      vertex -2.9781296 -14.171585 0.8
      vertex -2.9781296 -14.171585 2.6
      vertex -3.2583592 -14.282536 2.6
    endloop
  endfacet
  facet normal 0.48175368 -0.87630665 0
    outer loop
      vertex -2.7140157 -14.026387 0.8
      vertex -2.9781296 -14.171585 2.6
      vertex -2.9781296 -14.171585 0.8
    endloop
  endfacet
  facet normal 0.48175368 -0.87630665 0
    outer loop
      vertex -2.7140157 -14.026387 0.8
      vertex -2.7140157 -14.026387 2.6
      vertex -2.9781296 -14.171585 2.6
    endloop
  endfacet
  facet normal 0.58778524 -0.809017 0
    outer loop
      vertex -2.4701824 -13.849232 0.8
      vertex -2.7140157 -14.026387 2.6
      vertex -2.7140157 -14.026387 0.8
    endloop
  endfacet
  facet normal 0.58778524 -0.809017 0
    outer loop
      vertex -2.4701824 -13.849232 0.8
      vertex -2.4701824 -13.849232 2.6
      vertex -2.7140157 -14.026387 2.6
    endloop
  endfacet
  facet normal 0.6845471 -0.7289686 0
    outer loop
      vertex -2.2504754 -13.642913 0.8
      vertex -2.4701824 -13.849232 2.6
      vertex -2.4701824 -13.849232 0.8
    endloop
  endfacet
  facet normal 0.6845471 -0.7289686 0
    outer loop
      vertex -2.2504754 -13.642913 0.8
      vertex -2.2504754 -13.642913 2.6
      vertex -2.4701824 -13.849232 2.6
    endloop
  endfacet
  facet normal 0.77051324 -0.637424 0
    outer loop
      vertex -2.0583591 -13.410685 0.8
      vertex -2.2504754 -13.642913 2.6
      vertex -2.2504754 -13.642913 0.8
    endloop
  endfacet
  facet normal 0.77051324 -0.637424 0
    outer loop
      vertex -2.0583591 -13.410685 0.8
      vertex -2.0583591 -13.410685 2.6
      vertex -2.2504754 -13.642913 2.6
    endloop
  endfacet
  facet normal 0.8443279 -0.5358268 0
    outer loop
      vertex -1.8968639 -13.156209 0.8
      vertex -2.0583591 -13.410685 2.6
      vertex -2.0583591 -13.410685 0.8
    endloop
  endfacet
  facet normal 0.8443279 -0.5358268 0
    outer loop
      vertex -1.8968639 -13.156209 0.8
      vertex -1.8968639 -13.156209 2.6
      vertex -2.0583591 -13.410685 2.6
    endloop
  endfacet
  facet normal 0.90482706 -0.42577928 0
    outer loop
      vertex -1.7685364 -12.883499 0.8
      vertex -1.8968639 -13.156209 2.6
      vertex -1.8968639 -13.156209 0.8
    endloop
  endfacet
  facet normal 0.90482706 -0.42577928 0
    outer loop
      vertex -1.7685364 -12.883499 0.8
      vertex -1.7685364 -12.883499 2.6
      vertex -1.8968639 -13.156209 2.6
    endloop
  endfacet
  facet normal 0.95105654 -0.309017 0
    outer loop
      vertex -1.6754004 -12.596856 0.8
      vertex -1.7685364 -12.883499 2.6
      vertex -1.7685364 -12.883499 0.8
    endloop
  endfacet
  facet normal 0.95105654 -0.309017 0
    outer loop
      vertex -1.6754004 -12.596856 0.8
      vertex -1.6754004 -12.596856 2.6
      vertex -1.7685364 -12.883499 2.6
    endloop
  endfacet
  facet normal 0.9822872 -0.18738131 0
    outer loop
      vertex -1.6189247 -12.300799 0.8
      vertex -1.6754004 -12.596856 2.6
      vertex -1.6754004 -12.596856 0.8
    endloop
  endfacet
  facet normal 0.9822872 -0.18738131 0
    outer loop
      vertex -1.6189247 -12.300799 0.8
      vertex -1.6189247 -12.300799 2.6
      vertex -1.6754004 -12.596856 2.6
    endloop
  endfacet
  facet normal 0.9980267 -0.06279052 0
    outer loop
      vertex -1.6 -12 0.8
      vertex -1.6189247 -12.300799 2.6
      vertex -1.6189247 -12.300799 0.8
    endloop
  endfacet
  facet normal 0.9980267 -0.06279052 0
    outer loop
      vertex -1.6 -12 0.8
      vertex -1.6 -12 2.6
      vertex -1.6189247 -12.300799 2.6
    endloop
  endfacet
  facet normal 0.9980267 0.06279052 0
    outer loop
      vertex -1.6189247 -11.699201 0.8
      vertex -1.6 -12 2.6
      vertex -1.6 -12 0.8
    endloop
  endfacet
  facet normal 0.9980267 0.06279052 0
    outer loop
      vertex -1.6189247 -11.699201 0.8
      vertex -1.6189247 -11.699201 2.6
      vertex -1.6 -12 2.6
    endloop
  endfacet
  facet normal 0.9822872 0.18738131 0
    outer loop
      vertex -1.6754004 -11.403144 0.8
      vertex -1.6189247 -11.699201 2.6
      vertex -1.6189247 -11.699201 0.8
    endloop
  endfacet
  facet normal 0.9822872 0.18738131 0
    outer loop
      vertex -1.6754004 -11.403144 0.8
      vertex -1.6754004 -11.403144 2.6
      vertex -1.6189247 -11.699201 2.6
    endloop
  endfacet
  facet normal 0.95105654 0.309017 0
    outer loop
      vertex -1.7685364 -11.116501 0.8
      vertex -1.6754004 -11.403144 2.6
      vertex -1.6754004 -11.403144 0.8
    endloop
  endfacet
  facet normal 0.95105654 0.309017 0
    outer loop
      vertex -1.7685364 -11.116501 0.8
      vertex -1.7685364 -11.116501 2.6
      vertex -1.6754004 -11.403144 2.6
    endloop
  endfacet
  facet normal 0.90482706 0.42577928 0
    outer loop
      vertex -1.8968639 -10.843791 0.8
      vertex -1.7685364 -11.116501 2.6
      vertex -1.7685364 -11.116501 0.8
    endloop
  endfacet
  facet normal 0.90482706 0.42577928 0
    outer loop
      vertex -1.8968639 -10.843791 0.8
      vertex -1.8968639 -10.843791 2.6
      vertex -1.7685364 -11.116501 2.6
    endloop
  endfacet
  facet normal 0.8443279 0.5358268 0
    outer loop
      vertex -2.0583591 -10.589315 0.8
      vertex -1.8968639 -10.843791 2.6
      vertex -1.8968639 -10.843791 0.8
    endloop
  endfacet
  facet normal 0.8443279 0.5358268 0
    outer loop
      vertex -2.0583591 -10.589315 0.8
      vertex -2.0583591 -10.589315 2.6
      vertex -1.8968639 -10.843791 2.6
    endloop
  endfacet
  facet normal 0.77051324 0.637424 0
    outer loop
      vertex -2.2504754 -10.357087 0.8
      vertex -2.0583591 -10.589315 2.6
      vertex -2.0583591 -10.589315 0.8
    endloop
  endfacet
  facet normal 0.77051324 0.637424 0
    outer loop
      vertex -2.2504754 -10.357087 0.8
      vertex -2.2504754 -10.357087 2.6
      vertex -2.0583591 -10.589315 2.6
    endloop
  endfacet
  facet normal 0.6845471 0.7289686 0
    outer loop
      vertex -2.4701824 -10.150768 0.8
      vertex -2.2504754 -10.357087 2.6
      vertex -2.2504754 -10.357087 0.8
    endloop
  endfacet
  facet normal 0.6845471 0.7289686 0
    outer loop
      vertex -2.4701824 -10.150768 0.8
      vertex -2.4701824 -10.150768 2.6
      vertex -2.2504754 -10.357087 2.6
    endloop
  endfacet
  facet normal 0.58778524 0.809017 0
    outer loop
      vertex -2.7140157 -9.973613 0.8
      vertex -2.4701824 -10.150768 2.6
      vertex -2.4701824 -10.150768 0.8
    endloop
  endfacet
  facet normal 0.58778524 0.809017 0
    outer loop
      vertex -2.7140157 -9.973613 0.8
      vertex -2.7140157 -9.973613 2.6
      vertex -2.4701824 -10.150768 2.6
    endloop
  endfacet
  facet normal 0.48175368 0.87630665 0
    outer loop
      vertex -2.9781296 -9.828415 0.8
      vertex -2.7140157 -9.973613 2.6
      vertex -2.7140157 -9.973613 0.8
    endloop
  endfacet
  facet normal 0.48175368 0.87630665 0
    outer loop
      vertex -2.9781296 -9.828415 0.8
      vertex -2.9781296 -9.828415 2.6
      vertex -2.7140157 -9.973613 2.6
    endloop
  endfacet
  facet normal 0.36812454 0.9297765 0
    outer loop
      vertex -3.2583592 -9.717464 0.8
      vertex -2.9781296 -9.828415 2.6
      vertex -2.9781296 -9.828415 0.8
    endloop
  endfacet
  facet normal 0.36812454 0.9297765 0
    outer loop
      vertex -3.2583592 -9.717464 0.8
      vertex -3.2583592 -9.717464 2.6
      vertex -2.9781296 -9.828415 2.6
    endloop
  endfacet
  facet normal 0.24868989 0.96858317 0
    outer loop
      vertex -3.5502849 -9.64251 0.8
      vertex -3.2583592 -9.717464 2.6
      vertex -3.2583592 -9.717464 0.8
    endloop
  endfacet
  facet normal 0.24868989 0.96858317 0
    outer loop
      vertex -3.5502849 -9.64251 0.8
      vertex -3.5502849 -9.64251 2.6
      vertex -3.2583592 -9.717464 2.6
    endloop
  endfacet
  facet normal 0.12533323 0.9921147 0
    outer loop
      vertex -3.8493028 -9.604736 0.8
      vertex -3.5502849 -9.64251 2.6
      vertex -3.5502849 -9.64251 0.8
    endloop
  endfacet
  facet normal 0.12533323 0.9921147 0
    outer loop
      vertex -3.8493028 -9.604736 0.8
      vertex -3.8493028 -9.604736 2.6
      vertex -3.5502849 -9.64251 2.6
    endloop
  endfacet
  facet normal 0 1 0
    outer loop
      vertex -4.150697 -9.604736 0.8
      vertex -3.8493028 -9.604736 2.6
      vertex -3.8493028 -9.604736 0.8
    endloop
  endfacet
  facet normal 0 1 0
    outer loop
      vertex -4.150697 -9.604736 0.8
      vertex -4.150697 -9.604736 2.6
      vertex -3.8493028 -9.604736 2.6
    endloop
  endfacet
  facet normal -0.12533323 0.9921147 0
    outer loop
      vertex -4.449715 -9.64251 0.8
      vertex -4.150697 -9.604736 2.6
      vertex -4.150697 -9.604736 0.8
    endloop
  endfacet
  facet normal -0.12533323 0.9921147 0
    outer loop
      vertex -4.449715 -9.64251 0.8
      vertex -4.449715 -9.64251 2.6
      vertex -4.150697 -9.604736 2.6
    endloop
  endfacet
  facet normal -0.24868989 0.96858317 0
    outer loop
      vertex -4.7416406 -9.717464 0.8
      vertex -4.449715 -9.64251 2.6
      vertex -4.449715 -9.64251 0.8
    endloop
  endfacet
  facet normal -0.24868989 0.96858317 0
    outer loop
      vertex -4.7416406 -9.717464 0.8
      vertex -4.7416406 -9.717464 2.6
      vertex -4.449715 -9.64251 2.6
    endloop
  endfacet
  facet normal -0.36812454 0.9297765 0
    outer loop
      vertex -5.02187 -9.828415 0.8
      vertex -4.7416406 -9.717464 2.6
      vertex -4.7416406 -9.717464 0.8
    endloop
  endfacet
  facet normal -0.36812454 0.9297765 0
    outer loop
      vertex -5.02187 -9.828415 0.8
      vertex -5.02187 -9.828415 2.6
      vertex -4.7416406 -9.717464 2.6
    endloop
  endfacet
  facet normal -0.48175368 0.87630665 0
    outer loop
      vertex -5.2859845 -9.973613 0.8
      vertex -5.02187 -9.828415 2.6
      vertex -5.02187 -9.828415 0.8
    endloop
  endfacet
  facet normal -0.48175368 0.87630665 0
    outer loop
      vertex -5.2859845 -9.973613 0.8
      vertex -5.2859845 -9.973613 2.6
      vertex -5.02187 -9.828415 2.6
    endloop
  endfacet
  facet normal -0.58778524 0.809017 0
    outer loop
      vertex -5.5298176 -10.150768 0.8
      vertex -5.2859845 -9.973613 2.6
      vertex -5.2859845 -9.973613 0.8
    endloop
  endfacet
  facet normal -0.58778524 0.809017 0
    outer loop
      vertex -5.5298176 -10.150768 0.8
      vertex -5.5298176 -10.150768 2.6
      vertex -5.2859845 -9.973613 2.6
    endloop
  endfacet
  facet normal -0.6845471 0.7289686 0
    outer loop
      vertex -5.7495246 -10.357087 0.8
      vertex -5.5298176 -10.150768 2.6
      vertex -5.5298176 -10.150768 0.8
    endloop
  endfacet
  facet normal -0.6845471 0.7289686 0
    outer loop
      vertex -5.7495246 -10.357087 0.8
      vertex -5.7495246 -10.357087 2.6
      vertex -5.5298176 -10.150768 2.6
    endloop
  endfacet
  facet normal -0.77051324 0.637424 0
    outer loop
      vertex -5.941641 -10.589315 0.8
      vertex -5.7495246 -10.357087 2.6
      vertex -5.7495246 -10.357087 0.8
    endloop
  endfacet
  facet normal -0.77051324 0.637424 0
    outer loop
      vertex -5.941641 -10.589315 0.8
      vertex -5.941641 -10.589315 2.6
      vertex -5.7495246 -10.357087 2.6
    endloop
  endfacet
  facet normal -0.8443279 0.5358268 0
    outer loop
      vertex -6.103136 -10.843791 0.8
      vertex -5.941641 -10.589315 2.6
      vertex -5.941641 -10.589315 0.8
    endloop
  endfacet
  facet normal -0.8443279 0.5358268 0
    outer loop
      vertex -6.103136 -10.843791 0.8
      vertex -6.103136 -10.843791 2.6
      vertex -5.941641 -10.589315 2.6
    endloop
  endfacet
  facet normal -0.90482706 0.42577928 0
    outer loop
      vertex -6.2314634 -11.116501 0.8
      vertex -6.103136 -10.843791 2.6
      vertex -6.103136 -10.843791 0.8
    endloop
  endfacet
  facet normal -0.90482706 0.42577928 0
    outer loop
      vertex -6.2314634 -11.116501 0.8
      vertex -6.2314634 -11.116501 2.6
      vertex -6.103136 -10.843791 2.6
    endloop
  endfacet
  facet normal -0.95105654 0.309017 0
    outer loop
      vertex -6.3245997 -11.403144 0.8
      vertex -6.2314634 -11.116501 2.6
      vertex -6.2314634 -11.116501 0.8
    endloop
  endfacet
  facet normal -0.95105654 0.309017 0
    outer loop
      vertex -6.3245997 -11.403144 0.8
      vertex -6.3245997 -11.403144 2.6
      vertex -6.2314634 -11.116501 2.6
    endloop
  endfacet
  facet normal -0.9822872 0.18738131 0
    outer loop
      vertex -6.3810754 -11.699201 0.8
      vertex -6.3245997 -11.403144 2.6
      vertex -6.3245997 -11.403144 0.8
    endloop
  endfacet
  facet normal -0.9822872 0.18738131 0
    outer loop
      vertex -6.3810754 -11.699201 0.8
      vertex -6.3810754 -11.699201 2.6
      vertex -6.3245997 -11.403144 2.6
    endloop
  endfacet
  facet normal -0.9980267 0.06279052 0
    outer loop
      vertex -6.4 -12 0.8
      vertex -6.3810754 -11.699201 2.6
      vertex -6.3810754 -11.699201 0.8
    endloop
  endfacet
  facet normal -0.9980267 0.06279052 0
    outer loop
      vertex -6.4 -12 0.8
      vertex -6.4 -12 2.6
      vertex -6.3810754 -11.699201 2.6
    endloop
  endfacet
  facet normal -0.9980267 -0.06279052 0
    outer loop
      vertex -6.3810754 -12.300799 0.8
      vertex -6.4 -12 2.6
      vertex -6.4 -12 0.8
    endloop
  endfacet
  facet normal -0.9980267 -0.06279052 0
    outer loop
      vertex -6.3810754 -12.300799 0.8
      vertex -6.3810754 -12.300799 2.6
      vertex -6.4 -12 2.6
    endloop
  endfacet
  facet normal -0.9822872 -0.18738131 0
    outer loop
      vertex -6.3245997 -12.596856 0.8
      vertex -6.3810754 -12.300799 2.6
      vertex -6.3810754 -12.300799 0.8
    endloop
  endfacet
  facet normal -0.9822872 -0.18738131 0
    outer loop
      vertex -6.3245997 -12.596856 0.8
      vertex -6.3245997 -12.596856 2.6
      vertex -6.3810754 -12.300799 2.6
    endloop
  endfacet
  facet normal -0.95105654 -0.309017 0
    outer loop
      vertex -6.2314634 -12.883499 0.8
      vertex -6.3245997 -12.596856 2.6
      vertex -6.3245997 -12.596856 0.8
    endloop
  endfacet
  facet normal -0.95105654 -0.309017 0
    outer loop
      vertex -6.2314634 -12.883499 0.8
      vertex -6.2314634 -12.883499 2.6
      vertex -6.3245997 -12.596856 2.6
    endloop
  endfacet
  facet normal -0.90482706 -0.42577928 0
    outer loop
      vertex -6.103136 -13.156209 0.8
      vertex -6.2314634 -12.883499 2.6
      vertex -6.2314634 -12.883499 0.8
    endloop
  endfacet
  facet normal -0.90482706 -0.42577928 0
    outer loop
      vertex -6.103136 -13.156209 0.8
      vertex -6.103136 -13.156209 2.6
      vertex -6.2314634 -12.883499 2.6
    endloop
  endfacet
  facet normal -0.8443279 -0.5358268 0
    outer loop
      vertex -5.941641 -13.410685 0.8
      vertex -6.103136 -13.156209 2.6
      vertex -6.103136 -13.156209 0.8
    endloop
  endfacet
  facet normal -0.8443279 -0.5358268 0
    outer loop
      vertex -5.941641 -13.410685 0.8
      vertex -5.941641 -13.410685 2.6
      vertex -6.103136 -13.156209 2.6
    endloop
  endfacet
  facet normal -0.77051324 -0.637424 0
    outer loop
      vertex -5.7495246 -13.642913 0.8
      vertex -5.941641 -13.410685 2.6
      vertex -5.941641 -13.410685 0.8
    endloop
  endfacet
  facet normal -0.77051324 -0.637424 0
    outer loop
      vertex -5.7495246 -13.642913 0.8
      vertex -5.7495246 -13.642913 2.6
      vertex -5.941641 -13.410685 2.6
    endloop
  endfacet
  facet normal -0.6845471 -0.7289686 0
    outer loop
      vertex -5.5298176 -13.849232 0.8
      vertex -5.7495246 -13.642913 2.6
      vertex -5.7495246 -13.642913 0.8
    endloop
  endfacet
  facet normal -0.6845471 -0.7289686 0
    outer loop
      vertex -5.5298176 -13.849232 0.8
      vertex -5.5298176 -13.849232 2.6
      vertex -5.7495246 -13.642913 2.6
    endloop
  endfacet
  facet normal -0.58778524 -0.809017 0
    outer loop
      vertex -5.2859845 -14.026387 0.8
      vertex -5.5298176 -13.849232 2.6
      vertex -5.5298176 -13.849232 0.8
    endloop
  endfacet
  facet normal -0.58778524 -0.809017 0
    outer loop
      vertex -5.2859845 -14.026387 0.8
      vertex -5.2859845 -14.026387 2.6
      vertex -5.5298176 -13.849232 2.6
    endloop
  endfacet
  facet normal -0.48175368 -0.87630665 0
    outer loop
      vertex -5.02187 -14.171585 0.8
      vertex -5.2859845 -14.026387 2.6
      vertex -5.2859845 -14.026387 0.8
    endloop
  endfacet
  facet normal -0.48175368 -0.87630665 0
    outer loop
      vertex -5.02187 -14.171585 0.8
      vertex -5.02187 -14.171585 2.6
      vertex -5.2859845 -14.026387 2.6
    endloop
  endfacet
  facet normal -0.36812454 -0.9297765 0
    outer loop
      vertex -4.7416406 -14.282536 0.8
      vertex -5.02187 -14.171585 2.6
      vertex -5.02187 -14.171585 0.8
    endloop
  endfacet
  facet normal -0.36812454 -0.9297765 0
    outer loop
      vertex -4.7416406 -14.282536 0.8
      vertex -4.7416406 -14.282536 2.6
      vertex -5.02187 -14.171585 2.6
    endloop
  endfacet
  facet normal -0.24868989 -0.96858317 0
    outer loop
      vertex -4.449715 -14.35749 0.8
      vertex -4.7416406 -14.282536 2.6
      vertex -4.7416406 -14.282536 0.8
    endloop
  endfacet
  facet normal -0.24868989 -0.96858317 0
    outer loop
      vertex -4.449715 -14.35749 0.8
      vertex -4.449715 -14.35749 2.6
      vertex -4.7416406 -14.282536 2.6
    endloop
  endfacet
  facet normal -0.12533323 -0.9921147 0
    outer loop
      vertex -4.150697 -14.395264 0.8
      vertex -4.449715 -14.35749 2.6
      vertex -4.449715 -14.35749 0.8
    endloop
  endfacet
  facet normal -0.12533323 -0.9921147 0
    outer loop
      vertex -4.150697 -14.395264 0.8
      vertex -4.150697 -14.395264 2.6
      vertex -4.449715 -14.35749 2.6
    endloop
  endfacet
  facet normal 0 -1 0
    outer loop
      vertex -3.8493028 -14.395264 0.8
      vertex -4.150697 -14.395264 2.6
      vertex -4.150697 -14.395264 0.8
    endloop
  endfacet
  facet normal 0 -1 0
    outer loop
      vertex -3.8493028 -14.395264 0.8
      vertex -3.8493028 -14.395264 2.6
      vertex -4.150697 -14.395264 2.6
    endloop
  endfacet
  facet normal 0.12533323 -0.9921147 0
    outer loop
      vertex -3.5502849 -14.35749 0.8
      vertex -3.8493028 -14.395264 2.6
      vertex -3.8493028 -14.395264 0.8
    endloop
  endfacet
  facet normal 0.12533323 -0.9921147 0
    outer loop
      vertex -3.5502849 -14.35749 0.8
      vertex -3.5502849 -14.35749 2.6
      vertex -3.8493028 -14.395264 2.6
    endloop
  endfacet
  facet normal 0.24868989 -0.96858317 0
    outer loop
      vertex 4.7416406 -14.282536 0.8
      vertex 4.449715 -14.35749 2.6
      vertex 4.449715 -14.35749 0.8
    endloop
  endfacet
  facet normal 0.24868989 -0.96858317 0
    outer loop
      vertex 4.7416406 -14.282536 0.8
      vertex 4.7416406 -14.282536 2.6
      vertex 4.449715 -14.35749 2.6
    endloop
  endfacet
  facet normal 0.36812454 -0.9297765 0
    outer loop
      vertex 5.02187 -14.171585 0.8
      vertex 4.7416406 -14.282536 2.6
      vertex 4.7416406 -14.282536 0.8
    endloop
  endfacet
  facet normal 0.36812454 -0.9297765 0
    outer loop
      vertex 5.02187 -14.171585 0.8
      vertex 5.02187 -14.171585 2.6
      vertex 4.7416406 -14.282536 2.6
    endloop
  endfacet
  facet normal 0.48175368 -0.87630665 0
    outer loop
      vertex 5.2859845 -14.026387 0.8
      vertex 5.02187 -14.171585 2.6
      vertex 5.02187 -14.171585 0.8
    endloop
  endfacet
  facet normal 0.48175368 -0.87630665 0
    outer loop
      vertex 5.2859845 -14.026387 0.8
      vertex 5.2859845 -14.026387 2.6
      vertex 5.02187 -14.171585 2.6
    endloop
  endfacet
  facet normal 0.58778524 -0.809017 0
    outer loop
      vertex 5.5298176 -13.849232 0.8
      vertex 5.2859845 -14.026387 2.6
      vertex 5.2859845 -14.026387 0.8
    endloop
  endfacet
  facet normal 0.58778524 -0.809017 0
    outer loop
      vertex 5.5298176 -13.849232 0.8
      vertex 5.5298176 -13.849232 2.6
      vertex 5.2859845 -14.026387 2.6
    endloop
  endfacet
  facet normal 0.6845471 -0.7289686 0
    outer loop
      vertex 5.7495246 -13.642913 0.8
      vertex 5.5298176 -13.849232 2.6
      vertex 5.5298176 -13.849232 0.8
    endloop
  endfacet
  facet normal 0.6845471 -0.7289686 0
    outer loop
      vertex 5.7495246 -13.642913 0.8
      vertex 5.7495246 -13.642913 2.6
      vertex 5.5298176 -13.849232 2.6
    endloop
  endfacet
  facet normal 0.77051324 -0.637424 0
    outer loop
      vertex 5.941641 -13.410685 0.8
      vertex 5.7495246 -13.642913 2.6
      vertex 5.7495246 -13.642913 0.8
    endloop
  endfacet
  facet normal 0.77051324 -0.637424 0
    outer loop
      vertex 5.941641 -13.410685 0.8
      vertex 5.941641 -13.410685 2.6
      vertex 5.7495246 -13.642913 2.6
    endloop
  endfacet
  facet normal 0.8443279 -0.5358268 0
    outer loop
      vertex 6.103136 -13.156209 0.8
      vertex 5.941641 -13.410685 2.6
      vertex 5.941641 -13.410685 0.8
    endloop
  endfacet
  facet normal 0.8443279 -0.5358268 0
    outer loop
      vertex 6.103136 -13.156209 0.8
      vertex 6.103136 -13.156209 2.6
      vertex 5.941641 -13.410685 2.6
    endloop
  endfacet
  facet normal 0.90482706 -0.42577928 0
    outer loop
      vertex 6.2314634 -12.883499 0.8
      vertex 6.103136 -13.156209 2.6
      vertex 6.103136 -13.156209 0.8
    endloop
  endfacet
  facet normal 0.90482706 -0.42577928 0
    outer loop
      vertex 6.2314634 -12.883499 0.8
      vertex 6.2314634 -12.883499 2.6
      vertex 6.103136 -13.156209 2.6
    endloop
  endfacet
  facet normal 0.95105654 -0.309017 0
    outer loop
      vertex 6.3245997 -12.596856 0.8
      vertex 6.2314634 -12.883499 2.6
      vertex 6.2314634 -12.883499 0.8
    endloop
  endfacet
  facet normal 0.95105654 -0.309017 0
    outer loop
      vertex 6.3245997 -12.596856 0.8
      vertex 6.3245997 -12.596856 2.6
      vertex 6.2314634 -12.883499 2.6
    endloop
  endfacet
  facet normal 0.9822872 -0.18738131 0
    outer loop
      vertex 6.3810754 -12.300799 0.8
      vertex 6.3245997 -12.596856 2.6
      vertex 6.3245997 -12.596856 0.8
    endloop
  endfacet
  facet normal 0.9822872 -0.18738131 0
    outer loop
      vertex 6.3810754 -12.300799 0.8
      vertex 6.3810754 -12.300799 2.6
      vertex 6.3245997 -12.596856 2.6
    endloop
  endfacet
  facet normal 0.9980267 -0.06279052 0
    outer loop
      vertex 6.4 -12 0.8
      vertex 6.3810754 -12.300799 2.6
      vertex 6.3810754 -12.300799 0.8
    endloop
  endfacet
  facet normal 0.9980267 -0.06279052 0
    outer loop
      vertex 6.4 -12 0.8
      vertex 6.4 -12 2.6
      vertex 6.3810754 -12.300799 2.6
    endloop
  endfacet
  facet normal 0.9980267 0.06279052 0
    outer loop
      vertex 6.3810754 -11.699201 0.8
      vertex 6.4 -12 2.6
      vertex 6.4 -12 0.8
    endloop
  endfacet
  facet normal 0.9980267 0.06279052 0
    outer loop
      vertex 6.3810754 -11.699201 0.8
      vertex 6.3810754 -11.699201 2.6
      vertex 6.4 -12 2.6
    endloop
  endfacet
  facet normal 0.9822872 0.18738131 0
    outer loop
      vertex 6.3245997 -11.403144 0.8
      vertex 6.3810754 -11.699201 2.6
      vertex 6.3810754 -11.699201 0.8
    endloop
  endfacet
  facet normal 0.9822872 0.18738131 0
    outer loop
      vertex 6.3245997 -11.403144 0.8
      vertex 6.3245997 -11.403144 2.6
      vertex 6.3810754 -11.699201 2.6
    endloop
  endfacet
  facet normal 0.95105654 0.309017 0
    outer loop
      vertex 6.2314634 -11.116501 0.8
      vertex 6.3245997 -11.403144 2.6
      vertex 6.3245997 -11.403144 0.8
    endloop
  endfacet
  facet normal 0.95105654 0.309017 0
    outer loop
      vertex 6.2314634 -11.116501 0.8
      vertex 6.2314634 -11.116501 2.6
      vertex 6.3245997 -11.403144 2.6
    endloop
  endfacet
  facet normal 0.90482706 0.42577928 0
    outer loop
      vertex 6.103136 -10.843791 0.8
      vertex 6.2314634 -11.116501 2.6
      vertex 6.2314634 -11.116501 0.8
    endloop
  endfacet
  facet normal 0.90482706 0.42577928 0
    outer loop
      vertex 6.103136 -10.843791 0.8
      vertex 6.103136 -10.843791 2.6
      vertex 6.2314634 -11.116501 2.6
    endloop
  endfacet
  facet normal 0.8443279 0.5358268 0
    outer loop
      vertex 5.941641 -10.589315 0.8
      vertex 6.103136 -10.843791 2.6
      vertex 6.103136 -10.843791 0.8
    endloop
  endfacet
  facet normal 0.8443279 0.5358268 0
    outer loop
      vertex 5.941641 -10.589315 0.8
      vertex 5.941641 -10.589315 2.6
      vertex 6.103136 -10.843791 2.6
    endloop
  endfacet
  facet normal 0.77051324 0.637424 0
    outer loop
      vertex 5.7495246 -10.357087 0.8
      vertex 5.941641 -10.589315 2.6
      vertex 5.941641 -10.589315 0.8
    endloop
  endfacet
  facet normal 0.77051324 0.637424 0
    outer loop
      vertex 5.7495246 -10.357087 0.8
      vertex 5.7495246 -10.357087 2.6
      vertex 5.941641 -10.589315 2.6
    endloop
  endfacet
  facet normal 0.6845471 0.7289686 0
    outer loop
      vertex 5.5298176 -10.150768 0.8
      vertex 5.7495246 -10.357087 2.6
      vertex 5.7495246 -10.357087 0.8
    endloop
  endfacet
  facet normal 0.6845471 0.7289686 0
    outer loop
      vertex 5.5298176 -10.150768 0.8
      vertex 5.5298176 -10.150768 2.6
      vertex 5.7495246 -10.357087 2.6
    endloop
  endfacet
  facet normal 0.58778524 0.809017 0
    outer loop
      vertex 5.2859845 -9.973613 0.8
      vertex 5.5298176 -10.150768 2.6
      vertex 5.5298176 -10.150768 0.8
    endloop
  endfacet
  facet normal 0.58778524 0.809017 0
    outer loop
      vertex 5.2859845 -9.973613 0.8
      vertex 5.2859845 -9.973613 2.6
      vertex 5.5298176 -10.150768 2.6
    endloop
  endfacet
  facet normal 0.48175368 0.87630665 0
    outer loop
      vertex 5.02187 -9.828415 0.8
      vertex 5.2859845 -9.973613 2.6
      vertex 5.2859845 -9.973613 0.8
    endloop
  endfacet
  facet normal 0.48175368 0.87630665 0
    outer loop
      vertex 5.02187 -9.828415 0.8
      vertex 5.02187 -9.828415 2.6
      vertex 5.2859845 -9.973613 2.6
    endloop
  endfacet
  facet normal 0.36812454 0.9297765 0
    outer loop
      vertex 4.7416406 -9.717464 0.8
      vertex 5.02187 -9.828415 2.6
      vertex 5.02187 -9.828415 0.8
    endloop
  endfacet
  facet normal 0.36812454 0.9297765 0
    outer loop
      vertex 4.7416406 -9.717464 0.8
      vertex 4.7416406 -9.717464 2.6
      vertex 5.02187 -9.828415 2.6
    endloop
  endfacet
  facet normal 0.24868989 0.96858317 0
    outer loop
      vertex 4.449715 -9.64251 0.8
      vertex 4.7416406 -9.717464 2.6
      vertex 4.7416406 -9.717464 0.8
    endloop
  endfacet
  facet normal 0.24868989 0.96858317 0
    outer loop
      vertex 4.449715 -9.64251 0.8
      vertex 4.449715 -9.64251 2.6
      vertex 4.7416406 -9.717464 2.6
    endloop
  endfacet
  facet normal 0.12533323 0.9921147 0
    outer loop
      vertex 4.150697 -9.604736 0.8
      vertex 4.449715 -9.64251 2.6
      vertex 4.449715 -9.64251 0.8
    endloop
  endfacet
  facet normal 0.12533323 0.9921147 0
    outer loop
      vertex 4.150697 -9.604736 0.8
      vertex 4.150697 -9.604736 2.6
      vertex 4.449715 -9.64251 2.6
    endloop
  endfacet
  facet normal 0 1 0
    outer loop
      vertex 3.8493028 -9.604736 0.8
      vertex 4.150697 -9.604736 2.6
      vertex 4.150697 -9.604736 0.8
    endloop
  endfacet
  facet normal 0 1 0
    outer loop
      vertex 3.8493028 -9.604736 0.8
      vertex 3.8493028 -9.604736 2.6
      vertex 4.150697 -9.604736 2.6
    endloop
  endfacet
  facet normal -0.12533323 0.9921147 0
    outer loop
      vertex 3.5502849 -9.64251 0.8
      vertex 3.8493028 -9.604736 2.6
      vertex 3.8493028 -9.604736 0.8
    endloop
  endfacet
  facet normal -0.12533323 0.9921147 0
    outer loop
      vertex 3.5502849 -9.64251 0.8
      vertex 3.5502849 -9.64251 2.6
      vertex 3.8493028 -9.604736 2.6
    endloop
  endfacet
  facet normal -0.24868989 0.96858317 0
    outer loop
      vertex 3.2583592 -9.717464 0.8
      vertex 3.5502849 -9.64251 2.6
      vertex 3.5502849 -9.64251 0.8
    endloop
  endfacet
  facet normal -0.24868989 0.96858317 0
    outer loop
      vertex 3.2583592 -9.717464 0.8
      vertex 3.2583592 -9.717464 2.6
      vertex 3.5502849 -9.64251 2.6
    endloop
  endfacet
  facet normal -0.36812454 0.9297765 0
    outer loop
      vertex 2.9781296 -9.828415 0.8
      vertex 3.2583592 -9.717464 2.6
      vertex 3.2583592 -9.717464 0.8
    endloop
  endfacet
  facet normal -0.36812454 0.9297765 0
    outer loop
      vertex 2.9781296 -9.828415 0.8
      vertex 2.9781296 -9.828415 2.6
      vertex 3.2583592 -9.717464 2.6
    endloop
  endfacet
  facet normal -0.48175368 0.87630665 0
    outer loop
      vertex 2.7140157 -9.973613 0.8
      vertex 2.9781296 -9.828415 2.6
      vertex 2.9781296 -9.828415 0.8
    endloop
  endfacet
  facet normal -0.48175368 0.87630665 0
    outer loop
      vertex 2.7140157 -9.973613 0.8
      vertex 2.7140157 -9.973613 2.6
      vertex 2.9781296 -9.828415 2.6
    endloop
  endfacet
  facet normal -0.58778524 0.809017 0
    outer loop
      vertex 2.4701824 -10.150768 0.8
      vertex 2.7140157 -9.973613 2.6
      vertex 2.7140157 -9.973613 0.8
    endloop
  endfacet
  facet normal -0.58778524 0.809017 0
    outer loop
      vertex 2.4701824 -10.150768 0.8
      vertex 2.4701824 -10.150768 2.6
      vertex 2.7140157 -9.973613 2.6
    endloop
  endfacet
  facet normal -0.6845471 0.7289686 0
    outer loop
      vertex 2.2504754 -10.357087 0.8
      vertex 2.4701824 -10.150768 2.6
      vertex 2.4701824 -10.150768 0.8
    endloop
  endfacet
  facet normal -0.6845471 0.7289686 0
    outer loop
      vertex 2.2504754 -10.357087 0.8
      vertex 2.2504754 -10.357087 2.6
      vertex 2.4701824 -10.150768 2.6
    endloop
  endfacet
  facet normal -0.77051324 0.637424 0
    outer loop
      vertex 2.0583591 -10.589315 0.8
      vertex 2.2504754 -10.357087 2.6
      vertex 2.2504754 -10.357087 0.8
    endloop
  endfacet
  facet normal -0.77051324 0.637424 0
    outer loop
      vertex 2.0583591 -10.589315 0.8
      vertex 2.0583591 -10.589315 2.6
      vertex 2.2504754 -10.357087 2.6
    endloop
  endfacet
  facet normal -0.8443279 0.5358268 0
    outer loop
      vertex 1.8968639 -10.843791 0.8
      vertex 2.0583591 -10.589315 2.6
      vertex 2.0583591 -10.589315 0.8
    endloop
  endfacet
  facet normal -0.8443279 0.5358268 0
    outer loop
      vertex 1.8968639 -10.843791 0.8
      vertex 1.8968639 -10.843791 2.6
      vertex 2.0583591 -10.589315 2.6
    endloop
  endfacet
  facet normal -0.90482706 0.42577928 0
    outer loop
      vertex 1.7685364 -11.116501 0.8
      vertex 1.8968639 -10.843791 2.6
      vertex 1.8968639 -10.843791 0.8
    endloop
  endfacet
  facet normal -0.90482706 0.42577928 0
    outer loop
      vertex 1.7685364 -11.116501 0.8
      vertex 1.7685364 -11.116501 2.6
      vertex 1.8968639 -10.843791 2.6
    endloop
  endfacet
  facet normal -0.95105654 0.309017 0
    outer loop
      vertex 1.6754004 -11.403144 0.8
      vertex 1.7685364 -11.116501 2.6
      vertex 1.7685364 -11.116501 0.8
    endloop
  endfacet
  facet normal -0.95105654 0.309017 0
    outer loop
      vertex 1.6754004 -11.403144 0.8
      vertex 1.6754004 -11.403144 2.6
      vertex 1.7685364 -11.116501 2.6
    endloop
  endfacet
  facet normal -0.9822872 0.18738131 0
    outer loop
      vertex 1.6189247 -11.699201 0.8
      vertex 1.6754004 -11.403144 2.6
      vertex 1.6754004 -11.403144 0.8
    endloop
  endfacet
  facet normal -0.9822872 0.18738131 0
    outer loop
      vertex 1.6189247 -11.699201 0.8
      vertex 1.6189247 -11.699201 2.6
      vertex 1.6754004 -11.403144 2.6
    endloop
  endfacet
  facet normal -0.9980267 0.06279052 0
    outer loop
      vertex 1.6 -12 0.8
      vertex 1.6189247 -11.699201 2.6
      vertex 1.6189247 -11.699201 0.8
    endloop
  endfacet
  facet normal -0.9980267 0.06279052 0
    outer loop
      vertex 1.6 -12 0.8
      vertex 1.6 -12 2.6
      vertex 1.6189247 -11.699201 2.6
    endloop
  endfacet
  facet normal -0.9980267 -0.06279052 0
    outer loop
      vertex 1.6189247 -12.300799 0.8
      vertex 1.6 -12 2.6
      vertex 1.6 -12 0.8
    endloop
  endfacet
  facet normal -0.9980267 -0.06279052 0
    outer loop
      vertex 1.6189247 -12.300799 0.8
      vertex 1.6189247 -12.300799 2.6
      vertex 1.6 -12 2.6
    endloop
  endfacet
  facet normal -0.9822872 -0.18738131 0
    outer loop
      vertex 1.6754004 -12.596856 0.8
      vertex 1.6189247 -12.300799 2.6
      vertex 1.6189247 -12.300799 0.8
    endloop
  endfacet
  facet normal -0.9822872 -0.18738131 0
    outer loop
      vertex 1.6754004 -12.596856 0.8
      vertex 1.6754004 -12.596856 2.6
      vertex 1.6189247 -12.300799 2.6
    endloop
  endfacet
  facet normal -0.95105654 -0.309017 0
    outer loop
      vertex 1.7685364 -12.883499 0.8
      vertex 1.6754004 -12.596856 2.6
      vertex 1.6754004 -12.596856 0.8
    endloop
  endfacet
  facet normal -0.95105654 -0.309017 0
    outer loop
      vertex 1.7685364 -12.883499 0.8
      vertex 1.7685364 -12.883499 2.6
      vertex 1.6754004 -12.596856 2.6
    endloop
  endfacet
  facet normal -0.90482706 -0.42577928 0
    outer loop
      vertex 1.8968639 -13.156209 0.8
      vertex 1.7685364 -12.883499 2.6
      vertex 1.7685364 -12.883499 0.8
    endloop
  endfacet
  facet normal -0.90482706 -0.42577928 0
    outer loop
      vertex 1.8968639 -13.156209 0.8
      vertex 1.8968639 -13.156209 2.6
      vertex 1.7685364 -12.883499 2.6
    endloop
  endfacet
  facet normal -0.8443279 -0.5358268 0
    outer loop
      vertex 2.0583591 -13.410685 0.8
      vertex 1.8968639 -13.156209 2.6
      vertex 1.8968639 -13.156209 0.8
    endloop
  endfacet
  facet normal -0.8443279 -0.5358268 0
    outer loop
      vertex 2.0583591 -13.410685 0.8
      vertex 2.0583591 -13.410685 2.6
      vertex 1.8968639 -13.156209 2.6
    endloop
  endfacet
  facet normal -0.77051324 -0.637424 0
    outer loop
      vertex 2.2504754 -13.642913 0.8
      vertex 2.0583591 -13.410685 2.6
      vertex 2.0583591 -13.410685 0.8
    endloop
  endfacet
  facet normal -0.77051324 -0.637424 0
    outer loop
      vertex 2.2504754 -13.642913 0.8
      vertex 2.2504754 -13.642913 2.6
      vertex 2.0583591 -13.410685 2.6
    endloop
  endfacet
  facet normal -0.6845471 -0.7289686 0
    outer loop
      vertex 2.4701824 -13.849232 0.8
      vertex 2.2504754 -13.642913 2.6
      vertex 2.2504754 -13.642913 0.8
    endloop
  endfacet
  facet normal -0.6845471 -0.7289686 0
    outer loop
      vertex 2.4701824 -13.849232 0.8
      vertex 2.4701824 -13.849232 2.6
      vertex 2.2504754 -13.642913 2.6
    endloop
  endfacet
  facet normal -0.58778524 -0.809017 0
    outer loop
      vertex 2.7140157 -14.026387 0.8
      vertex 2.4701824 -13.849232 2.6
      vertex 2.4701824 -13.849232 0.8
    endloop
  endfacet
  facet normal -0.58778524 -0.809017 0
    outer loop
      vertex 2.7140157 -14.026387 0.8
      vertex 2.7140157 -14.026387 2.6
      vertex 2.4701824 -13.849232 2.6
    endloop
  endfacet
  facet normal -0.48175368 -0.87630665 0
    outer loop
      vertex 2.9781296 -14.171585 0.8
      vertex 2.7140157 -14.026387 2.6
      vertex 2.7140157 -14.026387 0.8
    endloop
  endfacet
  facet normal -0.48175368 -0.87630665 0
    outer loop
      vertex 2.9781296 -14.171585 0.8
      vertex 2.9781296 -14.171585 2.6
      vertex 2.7140157 -14.026387 2.6
    endloop
  endfacet
  facet normal -0.36812454 -0.9297765 0
    outer loop
      vertex 3.2583592 -14.282536 0.8
      vertex 2.9781296 -14.171585 2.6
      vertex 2.9781296 -14.171585 0.8
    endloop
  endfacet
  facet normal -0.36812454 -0.9297765 0
    outer loop
      vertex 3.2583592 -14.282536 0.8
      vertex 3.2583592 -14.282536 2.6
      vertex 2.9781296 -14.171585 2.6
    endloop
  endfacet
  facet normal -0.24868989 -0.96858317 0
    outer loop
      vertex 3.5502849 -14.35749 0.8
      vertex 3.2583592 -14.282536 2.6
      vertex 3.2583592 -14.282536 0.8
    endloop
  endfacet
  facet normal -0.24868989 -0.96858317 0
    outer loop
      vertex 3.5502849 -14.35749 0.8
      vertex 3.5502849 -14.35749 2.6
      vertex 3.2583592 -14.282536 2.6
    endloop
  endfacet
  facet normal -0.12533323 -0.9921147 0
    outer loop
      vertex 3.8493028 -14.395264 0.8
      vertex 3.5502849 -14.35749 2.6
      vertex 3.5502849 -14.35749 0.8
    endloop
  endfacet
  facet normal -0.12533323 -0.9921147 0
    outer loop
      vertex 3.8493028 -14.395264 0.8
      vertex 3.8493028 -14.395264 2.6
      vertex 3.5502849 -14.35749 2.6
    endloop
  endfacet
  facet normal 0 -1 0
    outer loop
      vertex 4.150697 -14.395264 0.8
      vertex 3.8493028 -14.395264 2.6
      vertex 3.8493028 -14.395264 0.8
    endloop
  endfacet
  facet normal 0 -1 0
    outer loop
      vertex 4.150697 -14.395264 0.8
      vertex 4.150697 -14.395264 2.6
      vertex 3.8493028 -14.395264 2.6
    endloop
  endfacet
  facet normal 0.12533323 -0.9921147 0
    outer loop
      vertex 4.449715 -14.35749 0.8
      vertex 4.150697 -14.395264 2.6
      vertex 4.150697 -14.395264 0.8
    endloop
  endfacet
  facet normal 0.12533323 -0.9921147 0
    outer loop
      vertex 4.449715 -14.35749 0.8
      vertex 4.449715 -14.35749 2.6
      vertex 4.150697 -14.395264 2.6
    endloop
  endfacet
  facet normal 0 0 -1
    outer loop
      vertex 4.449715 9.64251 0.8
      vertex 3.5502849 9.64251 0.8
      vertex 3.2583592 9.717464 0.8
    endloop
  endfacet
  facet normal 0 0 -1
    outer loop
      vertex -3.2583592 9.717464 0.8
      vertex -2.0583591 10.589315 0.8
      vertex -2.7140157 9.973613 0.8
    endloop
  endfacet
  facet normal 0 0 -1
    outer loop
      vertex -2.2504754 10.357087 0.8
      vertex -2.4701824 10.150768 0.8
      vertex -2.0583591 10.589315 0.8
    endloop
  endfacet
  facet normal 0 0 -1
    outer loop
      vertex -3.2583592 9.717464 0.8
      vertex -2.7140157 9.973613 0.8
      vertex -2.9781296 9.828415 0.8
    endloop
  endfacet
  facet normal 0 0 -1
    outer loop
      vertex -1.7685364 4.883499 0.8
      vertex -1.6754004 4.5968556 0.8
      vertex -1.6754004 3.4031444 0.8
    endloop
  endfacet
  facet normal 0 0 -1
    outer loop
      vertex -2.0583591 10.589315 0.8
      vertex -2.4701824 10.150768 0.8
      vertex -2.7140157 9.973613 0.8
    endloop
  endfacet
  facet normal 0 0 -1
    outer loop
      vertex -1.8968639 10.843791 0.8
      vertex -2.0583591 10.589315 0.8
      vertex -1.7685364 11.116501 0.8
    endloop
  endfacet
  facet normal 0 0 -1
    outer loop
      vertex -1.7685364 11.116501 0.8
      vertex -2.0583591 10.589315 0.8
      vertex -1.6754004 11.403144 0.8
    endloop
  endfacet
  facet normal 0 0 -1
    outer loop
      vertex -1.6754004 11.403144 0.8
      vertex -1.6754004 12.596856 0.8
      vertex -1.6 12 0.8
    endloop
  endfacet
  facet normal 0 0 -1
    outer loop
      vertex -1.6189247 11.699201 0.8
      vertex -1.6754004 11.403144 0.8
      vertex -1.6 12 0.8
    endloop
  endfacet
  facet normal 0 0 -1
    outer loop
      vertex -1.6754004 11.403144 0.8
      vertex -2.0583591 13.410685 0.8
      vertex -1.6754004 12.596856 0.8
    endloop
  endfacet
  facet normal 0 0 -1
    outer loop
      vertex -1.6189247 12.300799 0.8
      vertex -1.6 12 0.8
      vertex -1.6754004 12.596856 0.8
    endloop
  endfacet
  facet normal 0 0 -1
    outer loop
      vertex -1.6754004 12.596856 0.8
      vertex -2.0583591 13.410685 0.8
      vertex -1.7685364 12.883499 0.8
    endloop
  endfacet
  facet normal 0 0 -1
    outer loop
      vertex 2.9781296 14.171585 0.8
      vertex 2.4701824 13.849232 0.8
      vertex 2.7140157 14.026387 0.8
    endloop
  endfacet
  facet normal 0 0 -1
    outer loop
      vertex -1.6754004 11.403144 0.8
      vertex -2.0583591 10.589315 0.8
      vertex -2.0583591 13.410685 0.8
    endloop
  endfacet
  facet normal 0 0 -1
    outer loop
      vertex 4.449715 14.35749 0.8
      vertex 4.7416406 14.282536 0.8
      vertex 4.150697 14.395264 0.8
    endloop
  endfacet
  facet normal 0 0 -1
    outer loop
      vertex -1.8968639 13.156209 0.8
      vertex -1.7685364 12.883499 0.8
      vertex -2.0583591 13.410685 0.8
    endloop
  endfacet
  facet normal 0 0 -1
    outer loop
      vertex 4.7416406 14.282536 0.8
      vertex 5.7495246 13.642913 0.8
      vertex 5.941641 13.410685 0.8
    endloop
  endfacet
  facet normal 0 0 -1
    outer loop
      vertex -2.0583591 13.410685 0.8
      vertex -2.0583591 10.589315 0.8
      vertex -3.2583592 14.282536 0.8
    endloop
  endfacet
  facet normal 0 0 -1
    outer loop
      vertex 6.3810754 11.699201 0.8
      vertex 6.3245997 11.403144 0.8
      vertex 6.2314634 11.116501 0.8
    endloop
  endfacet
  facet normal 0 0 -1
    outer loop
      vertex -2.2504754 13.642913 0.8
      vertex -2.0583591 13.410685 0.8
      vertex -2.4701824 13.849232 0.8
    endloop
  endfacet
  facet normal 0 0 -1
    outer loop
      vertex 5.941641 10.589315 0.8
      vertex 5.5298176 10.150768 0.8
      vertex 5.2859845 9.973613 0.8
    endloop
  endfacet
  facet normal 0 0 -1
    outer loop
      vertex -2.4701824 13.849232 0.8
      vertex -2.0583591 13.410685 0.8
      vertex -3.2583592 14.282536 0.8
    endloop
  endfacet
  facet normal 0 0 -1
    outer loop
      vertex 4.7416406 9.717464 0.8
      vertex 5.2859845 9.973613 0.8
      vertex 5.02187 9.828415 0.8
    endloop
  endfacet
  facet normal 0 0 -1
    outer loop
      vertex -2.9781296 14.171585 0.8
      vertex -2.4701824 13.849232 0.8
      vertex -3.2583592 14.282536 0.8
    endloop
  endfacet
  facet normal 0 0 -1
    outer loop
      vertex 5.5298176 10.150768 0.8
      vertex 5.941641 10.589315 0.8
      vertex 5.7495246 10.357087 0.8
    endloop
  endfacet
  facet normal 0 0 -1
    outer loop
      vertex -2.9781296 14.171585 0.8
      vertex -2.7140157 14.026387 0.8
      vertex -2.4701824 13.849232 0.8
    endloop
  endfacet
  facet normal 0 0 -1
    outer loop
      vertex 4.7416406 9.717464 0.8
      vertex 5.941641 10.589315 0.8
      vertex 5.2859845 9.973613 0.8
    endloop
  endfacet
  facet normal 0 0 -1
    outer loop
      vertex -3.2583592 14.282536 0.8
      vertex -2.0583591 10.589315 0.8
      vertex -3.2583592 9.717464 0.8
    endloop
  endfacet
  facet normal 0 0 -1
    outer loop
      vertex 6.103136 10.843791 0.8
      vertex 5.941641 10.589315 0.8
      vertex 6.2314634 11.116501 0.8
    endloop
  endfacet
  facet normal 0 0 -1
    outer loop
      vertex -4.150697 14.395264 0.8
      vertex -4.7416406 14.282536 0.8
      vertex -4.449715 14.35749 0.8
    endloop
  endfacet
  facet normal 0 0 -1
    outer loop
      vertex 6.3245997 12.596856 0.8
      vertex 6.3810754 12.300799 0.8
      vertex 6.2314634 12.883499 0.8
    endloop
  endfacet
  facet normal 0 0 -1
    outer loop
      vertex -4.150697 14.395264 0.8
      vertex -3.8493028 14.395264 0.8
      vertex -4.7416406 14.282536 0.8
    endloop
  endfacet
  facet normal 0 0 -1
    outer loop
      vertex 5.7495246 13.642913 0.8
      vertex 4.7416406 14.282536 0.8
      vertex 5.5298176 13.849232 0.8
    endloop
  endfacet
  facet normal 0 0 -1
    outer loop
      vertex -3.2583592 14.282536 0.8
      vertex -3.8493028 14.395264 0.8
      vertex -3.5502849 14.35749 0.8
    endloop
  endfacet
  facet normal 0 0 -1
    outer loop
      vertex 4.150697 14.395264 0.8
      vertex 4.7416406 14.282536 0.8
      vertex 3.2583592 14.282536 0.8
    endloop
  endfacet
  facet normal 0 0 -1
    outer loop
      vertex -3.8493028 14.395264 0.8
      vertex -3.2583592 14.282536 0.8
      vertex -4.7416406 14.282536 0.8
    endloop
  endfacet
  facet normal 0 0 -1
    outer loop
      vertex -4.7416406 14.282536 0.8
      vertex -3.2583592 14.282536 0.8
      vertex -3.2583592 9.717464 0.8
    endloop
  endfacet
  facet normal 0 0 -1
    outer loop
      vertex -5.5298176 13.849232 0.8
      vertex -4.7416406 14.282536 0.8
      vertex -5.941641 13.410685 0.8
    endloop
  endfacet
  facet normal 0 0 -1
    outer loop
      vertex -5.5298176 13.849232 0.8
      vertex -5.02187 14.171585 0.8
      vertex -4.7416406 14.282536 0.8
    endloop
  endfacet
  facet normal 0 0 -1
    outer loop
      vertex -5.5298176 13.849232 0.8
      vertex -5.2859845 14.026387 0.8
      vertex -5.02187 14.171585 0.8
    endloop
  endfacet
  facet normal 0 0 -1
    outer loop
      vertex -5.7495246 13.642913 0.8
      vertex -5.5298176 13.849232 0.8
      vertex -5.941641 13.410685 0.8
    endloop
  endfacet
  facet normal 0 0 -1
    outer loop
      vertex -5.941641 13.410685 0.8
      vertex -5.941641 10.589315 0.8
      vertex -6.3245997 12.596856 0.8
    endloop
  endfacet
  facet normal 0 0 -1
    outer loop
      vertex -6.103136 13.156209 0.8
      vertex -5.941641 13.410685 0.8
      vertex -6.2314634 12.883499 0.8
    endloop
  endfacet
  facet normal 0 0 -1
    outer loop
      vertex -6.2314634 12.883499 0.8
      vertex -5.941641 13.410685 0.8
      vertex -6.3245997 12.596856 0.8
    endloop
  endfacet
  facet normal 0 0 -1
    outer loop
      vertex -6.3245997 12.596856 0.8
      vertex -6.3245997 11.403144 0.8
      vertex -6.3810754 12.300799 0.8
    endloop
  endfacet
  facet normal 0 0 -1
    outer loop
      vertex -6.3810754 12.300799 0.8
      vertex -6.3245997 11.403144 0.8
      vertex -6.3810754 11.699201 0.8
    endloop
  endfacet
  facet normal 0 0 -1
    outer loop
      vertex -6.4 12 0.8
      vertex -6.3810754 12.300799 0.8
      vertex -6.3810754 11.699201 0.8
    endloop
  endfacet
  facet normal 0 0 -1
    outer loop
      vertex -6.3245997 12.596856 0.8
      vertex -5.941641 10.589315 0.8
      vertex -6.3245997 11.403144 0.8
    endloop
  endfacet
  facet normal 0 0 -1
    outer loop
      vertex -5.941641 13.410685 0.8
      vertex -4.7416406 9.717464 0.8
      vertex -5.941641 10.589315 0.8
    endloop
  endfacet
  facet normal 0 0 -1
    outer loop
      vertex -6.2314634 11.116501 0.8
      vertex -5.941641 10.589315 0.8
      vertex -6.103136 10.843791 0.8
    endloop
  endfacet
  facet normal 0 0 -1
    outer loop
      vertex -6.2314634 11.116501 0.8
      vertex -6.3245997 11.403144 0.8
      vertex -5.941641 10.589315 0.8
    endloop
  endfacet
  facet normal 0 0 -1
    outer loop
      vertex -5.941641 13.410685 0.8
      vertex -4.7416406 14.282536 0.8
      vertex -4.7416406 9.717464 0.8
    endloop
  endfacet
  facet normal 0 0 -1
    outer loop
      vertex -4.7416406 6.2825356 0.8
      vertex -5.2859845 6.026387 0.8
      vertex -5.02187 6.171585 0.8
    endloop
  endfacet
  facet normal 0 0 -1
    outer loop
      vertex -5.5298176 10.150768 0.8
      vertex -4.7416406 9.717464 0.8
      vertex -5.02187 9.828415 0.8
    endloop
  endfacet
  facet normal 0 0 -1
    outer loop
      vertex -5.5298176 10.150768 0.8
      vertex -5.7495246 10.357087 0.8
      vertex -5.941641 10.589315 0.8
    endloop
  endfacet
  facet normal 0 0 -1
    outer loop
      vertex -5.5298176 10.150768 0.8
      vertex -5.941641 10.589315 0.8
      vertex -4.7416406 9.717464 0.8
    endloop
  endfacet
  facet normal 0 0 -1
    outer loop
      vertex -5.5298176 5.8492317 0.8
      vertex -4.7416406 6.2825356 0.8
      vertex -6.2314634 4.883499 0.8
    endloop
  endfacet
  facet normal 0 0 -1
    outer loop
      vertex -5.02187 9.828415 0.8
      vertex -5.2859845 9.973613 0.8
      vertex -5.5298176 10.150768 0.8
    endloop
  endfacet
  facet normal 0 0 -1
    outer loop
      vertex -4.7416406 6.2825356 0.8
      vertex -4.150697 6.395264 0.8
      vertex -3.5502849 6.3574896 0.8
    endloop
  endfacet
  facet normal 0 0 -1
    outer loop
      vertex -4.7416406 9.717464 0.8
      vertex -4.7416406 14.282536 0.8
      vertex -3.2583592 9.717464 0.8
    endloop
  endfacet
  facet normal 0 0 -1
    outer loop
      vertex -4.449715 6.3574896 0.8
      vertex -4.150697 6.395264 0.8
      vertex -4.7416406 6.2825356 0.8
    endloop
  endfacet
  facet normal 0 0 -1
    outer loop
      vertex -4.449715 9.64251 0.8
      vertex -4.7416406 9.717464 0.8
      vertex -3.2583592 9.717464 0.8
    endloop
  endfacet
  facet normal 0 0 -1
    outer loop
      vertex -4.7416406 6.2825356 0.8
      vertex -3.2583592 6.2825356 0.8
      vertex -3.2583592 1.7174643 0.8
    endloop
  endfacet
  facet normal 0 0 -1
    outer loop
      vertex -3.5502849 9.64251 0.8
      vertex -4.449715 9.64251 0.8
      vertex -3.2583592 9.717464 0.8
    endloop
  endfacet
  facet normal 0 0 -1
    outer loop
      vertex -2.4701824 5.8492317 0.8
      vertex -2.9781296 6.171585 0.8
      vertex -2.7140157 6.026387 0.8
    endloop
  endfacet
  facet normal 0 0 -1
    outer loop
      vertex -3.5502849 9.64251 0.8
      vertex -3.8493028 9.604736 0.8
      vertex -4.449715 9.64251 0.8
    endloop
  endfacet
  facet normal 0 0 -1
    outer loop
      vertex -3.2583592 6.2825356 0.8
      vertex -2.4701824 5.8492317 0.8
      vertex -1.7685364 4.883499 0.8
    endloop
  endfacet
  facet normal 0 0 -1
    outer loop
      vertex -4.449715 9.64251 0.8
      vertex -3.8493028 9.604736 0.8
      vertex -4.150697 9.604736 0.8
    endloop
  endfacet
  facet normal 0 0 -1
    outer loop
      vertex -3.2583592 6.2825356 0.8
      vertex -1.7685364 4.883499 0.8
      vertex -1.6754004 3.4031444 0.8
    endloop
  endfacet
  facet normal 0 0 -1
    outer loop
      vertex -1.6754004 3.4031444 0.8
      vertex -1.7685364 3.116501 0.8
      vertex -1.8968639 2.8437912 0.8
    endloop
  endfacet
  facet normal 0 0 -1
    outer loop
      vertex -1.7685364 4.883499 0.8
      vertex -2.2504754 5.642913 0.8
      vertex -2.0583591 5.4106846 0.8
    endloop
  endfacet
  facet normal 0 0 -1
    outer loop
      vertex -4.7416406 6.2825356 0.8
      vertex -3.5502849 6.3574896 0.8
      vertex -3.2583592 6.2825356 0.8
    endloop
  endfacet
  facet normal 0 0 -1
    outer loop
      vertex 4.7416406 9.717464 0.8
      vertex 6.2314634 11.116501 0.8
      vertex 5.941641 10.589315 0.8
    endloop
  endfacet
  facet normal 0 0 -1
    outer loop
      vertex 6.3810754 11.699201 0.8
      vertex 6.3810754 12.300799 0.8
      vertex 6.4 12 0.8
    endloop
  endfacet
  facet normal 0 0 -1
    outer loop
      vertex 6.3810754 11.699201 0.8
      vertex 6.2314634 12.883499 0.8
      vertex 6.3810754 12.300799 0.8
    endloop
  endfacet
  facet normal 0 0 -1
    outer loop
      vertex 5.7495246 5.642913 0.8
      vertex 4.7416406 6.2825356 0.8
      vertex 5.5298176 5.8492317 0.8
    endloop
  endfacet
  facet normal 0 0 -1
    outer loop
      vertex 6.2314634 11.116501 0.8
      vertex 6.2314634 12.883499 0.8
      vertex 6.3810754 11.699201 0.8
    endloop
  endfacet
  facet normal 0 0 -1
    outer loop
      vertex 5.2859845 1.973613 0.8
      vertex 5.02187 1.828415 0.8
      vertex 5.5298176 2.1507683 0.8
    endloop
  endfacet
  facet normal 0 0 -1
    outer loop
      vertex 6.2314634 11.116501 0.8
      vertex 4.7416406 14.282536 0.8
      vertex 6.2314634 12.883499 0.8
    endloop
  endfacet
  facet normal 0 0 -1
    outer loop
      vertex 6.3810754 4.3008 0.8
      vertex 6.2314634 4.883499 0.8
      vertex 6.3245997 4.5968556 0.8
    endloop
  endfacet
  facet normal 0 0 -1
    outer loop
      vertex 6.2314634 12.883499 0.8
      vertex 4.7416406 14.282536 0.8
      vertex 5.941641 13.410685 0.8
    endloop
  endfacet
  facet normal 0 0 -1
    outer loop
      vertex 6.2314634 3.116501 0.8
      vertex 6.2314634 4.883499 0.8
      vertex 6.3245997 3.4031444 0.8
    endloop
  endfacet
  facet normal 0 0 -1
    outer loop
      vertex 6.103136 13.156209 0.8
      vertex 6.2314634 12.883499 0.8
      vertex 5.941641 13.410685 0.8
    endloop
  endfacet
  facet normal 0 0 -1
    outer loop
      vertex 6.4 4 0.8
      vertex 6.3810754 3.6992002 0.8
      vertex 6.3810754 4.3008 0.8
    endloop
  endfacet
  facet normal 0 0 -1
    outer loop
      vertex 5.02187 14.171585 0.8
      vertex 5.5298176 13.849232 0.8
      vertex 4.7416406 14.282536 0.8
    endloop
  endfacet
  facet normal 0 0 -1
    outer loop
      vertex 6.2314634 4.883499 0.8
      vertex 4.7416406 6.2825356 0.8
      vertex 5.7495246 5.642913 0.8
    endloop
  endfacet
  facet normal 0 0 -1
    outer loop
      vertex 5.02187 14.171585 0.8
      vertex 5.2859845 14.026387 0.8
      vertex 5.5298176 13.849232 0.8
    endloop
  endfacet
  facet normal 0 0 -1
    outer loop
      vertex 4.7416406 14.282536 0.8
      vertex 6.2314634 11.116501 0.8
      vertex 4.7416406 9.717464 0.8
    endloop
  endfacet
  facet normal 0 0 -1
    outer loop
      vertex 3.8493028 14.395264 0.8
      vertex 3.2583592 14.282536 0.8
      vertex 3.5502849 14.35749 0.8
    endloop
  endfacet
  facet normal 0 0 -1
    outer loop
      vertex 3.8493028 14.395264 0.8
      vertex 4.150697 14.395264 0.8
      vertex 3.2583592 14.282536 0.8
    endloop
  endfacet
  facet normal 0 0 -1
    outer loop
      vertex 4.7416406 9.717464 0.8
      vertex 3.2583592 14.282536 0.8
      vertex 4.7416406 14.282536 0.8
    endloop
  endfacet
  facet normal 0 0 -1
    outer loop
      vertex 2.0583591 13.410685 0.8
      vertex 2.4701824 13.849232 0.8
      vertex 3.2583592 14.282536 0.8
    endloop
  endfacet
  facet normal 0 0 -1
    outer loop
      vertex 3.2583592 14.282536 0.8
      vertex 2.4701824 13.849232 0.8
      vertex 2.9781296 14.171585 0.8
    endloop
  endfacet
  facet normal 0 0 -1
    outer loop
      vertex 2.2504754 13.642913 0.8
      vertex 2.4701824 13.849232 0.8
      vertex 2.0583591 13.410685 0.8
    endloop
  endfacet
  facet normal 0 0 -1
    outer loop
      vertex 2.0583591 13.410685 0.8
      vertex 2.0583591 10.589315 0.8
      vertex 1.6754004 12.596856 0.8
    endloop
  endfacet
  facet normal 0 0 -1
    outer loop
      vertex 1.6754004 12.596856 0.8
      vertex 1.7685364 12.883499 0.8
      vertex 2.0583591 13.410685 0.8
    endloop
  endfacet
  facet normal 0 0 -1
    outer loop
      vertex 2.0583591 13.410685 0.8
      vertex 1.7685364 12.883499 0.8
      vertex 1.8968639 13.156209 0.8
    endloop
  endfacet
  facet normal 0 0 -1
    outer loop
      vertex 1.6 12 0.8
      vertex 1.6754004 12.596856 0.8
      vertex 1.6754004 11.403144 0.8
    endloop
  endfacet
  facet normal 0 0 -1
    outer loop
      vertex 1.6 12 0.8
      vertex 1.6189247 12.300799 0.8
      vertex 1.6754004 12.596856 0.8
    endloop
  endfacet
  facet normal 0 0 -1
    outer loop
      vertex 1.6754004 11.403144 0.8
      vertex 1.6754004 12.596856 0.8
      vertex 2.0583591 10.589315 0.8
    endloop
  endfacet
  facet normal 0 0 -1
    outer loop
      vertex 1.6754004 11.403144 0.8
      vertex 1.6189247 11.699201 0.8
      vertex 1.6 12 0.8
    endloop
  endfacet
  facet normal 0 0 -1
    outer loop
      vertex 2.0583591 10.589315 0.8
      vertex 2.0583591 13.410685 0.8
      vertex 3.2583592 9.717464 0.8
    endloop
  endfacet
  facet normal 0 0 -1
    outer loop
      vertex 1.8968639 10.843791 0.8
      vertex 1.7685364 11.116501 0.8
      vertex 2.0583591 10.589315 0.8
    endloop
  endfacet
  facet normal 0 0 -1
    outer loop
      vertex 2.0583591 10.589315 0.8
      vertex 1.7685364 11.116501 0.8
      vertex 1.6754004 11.403144 0.8
    endloop
  endfacet
  facet normal 0 0 -1
    outer loop
      vertex 3.2583592 9.717464 0.8
      vertex 2.0583591 13.410685 0.8
      vertex 3.2583592 14.282536 0.8
    endloop
  endfacet
  facet normal 0 0 -1
    outer loop
      vertex 2.9781296 9.828415 0.8
      vertex 2.4701824 10.150768 0.8
      vertex 3.2583592 9.717464 0.8
    endloop
  endfacet
  facet normal 0 0 -1
    outer loop
      vertex 2.0583591 10.589315 0.8
      vertex 2.4701824 10.150768 0.8
      vertex 2.2504754 10.357087 0.8
    endloop
  endfacet
  facet normal 0 0 -1
    outer loop
      vertex -2.0583591 2.5893154 0.8
      vertex -2.9781296 1.828415 0.8
      vertex -1.8968639 2.8437912 0.8
    endloop
  endfacet
  facet normal 0 0 -1
    outer loop
      vertex 3.2583592 9.717464 0.8
      vertex 2.4701824 10.150768 0.8
      vertex 2.0583591 10.589315 0.8
    endloop
  endfacet
  facet normal 0 0 -1
    outer loop
      vertex -2.0583591 2.5893154 0.8
      vertex -2.2504754 2.357087 0.8
      vertex -2.4701824 2.1507683 0.8
    endloop
  endfacet
  facet normal 0 0 -1
    outer loop
      vertex 2.4701824 10.150768 0.8
      vertex 2.9781296 9.828415 0.8
      vertex 2.7140157 9.973613 0.8
    endloop
  endfacet
  facet normal 0 0 -1
    outer loop
      vertex -1.8968639 2.8437912 0.8
      vertex -2.9781296 1.828415 0.8
      vertex -3.2583592 1.7174643 0.8
    endloop
  endfacet
  facet normal 0 0 -1
    outer loop
      vertex 4.7416406 9.717464 0.8
      vertex 3.2583592 9.717464 0.8
      vertex 3.2583592 14.282536 0.8
    endloop
  endfacet
  facet normal 0 0 -1
    outer loop
      vertex -2.9781296 1.828415 0.8
      vertex -2.0583591 2.5893154 0.8
      vertex -2.4701824 2.1507683 0.8
    endloop
  endfacet
  facet normal 0 0 -1
    outer loop
      vertex 4.7416406 9.717464 0.8
      vertex 4.449715 9.64251 0.8
      vertex 3.2583592 9.717464 0.8
    endloop
  endfacet
  facet normal 0 0 -1
    outer loop
      vertex -1.6754004 3.4031444 0.8
      vertex -1.8968639 2.8437912 0.8
      vertex -3.2583592 1.7174643 0.8
    endloop
  endfacet
  facet normal 0 0 -1
    outer loop
      vertex 4.449715 9.64251 0.8
      vertex 4.150697 9.604736 0.8
      vertex 3.5502849 9.64251 0.8
    endloop
  endfacet
  facet normal 0 0 -1
    outer loop
      vertex -1.6754004 3.4031444 0.8
      vertex -1.6 4 0.8
      vertex -1.6189247 3.6992002 0.8
    endloop
  endfacet
  facet normal 0 0 -1
    outer loop
      vertex -2.9781296 1.828415 0.8
      vertex -2.4701824 2.1507683 0.8
      vertex -2.7140157 1.973613 0.8
    endloop
  endfacet
  facet normal 0 0 -1
    outer loop
      vertex 4.150697 9.604736 0.8
      vertex 3.8493028 9.604736 0.8
      vertex 3.5502849 9.64251 0.8
    endloop
  endfacet
  facet normal 0 0 -1
    outer loop
      vertex -1.6 4 0.8
      vertex -1.6754004 4.5968556 0.8
      vertex -1.6189247 4.3008 0.8
    endloop
  endfacet
  facet normal 0 0 -1
    outer loop
      vertex -1.6754004 -3.4031444 0.8
      vertex -1.6189247 -3.6992002 0.8
      vertex -1.6 -4 0.8
    endloop
  endfacet
  facet normal 0 0 -1
    outer loop
      vertex -1.6754004 3.4031444 0.8
      vertex -1.6754004 4.5968556 0.8
      vertex -1.6 4 0.8
    endloop
  endfacet
  facet normal 0 0 -1
    outer loop
      vertex -2.4701824 -5.8492317 0.8
      vertex -2.7140157 -6.026387 0.8
      vertex -2.2504754 -5.642913 0.8
    endloop
  endfacet
  facet normal 0 0 -1
    outer loop
      vertex 6.2314634 4.883499 0.8
      vertex 6.3810754 3.6992002 0.8
      vertex 6.3245997 3.4031444 0.8
    endloop
  endfacet
  facet normal 0 0 -1
    outer loop
      vertex -2.7140157 -6.026387 0.8
      vertex -2.9781296 -6.171585 0.8
      vertex -2.2504754 -5.642913 0.8
    endloop
  endfacet
  facet normal 0 0 -1
    outer loop
      vertex 5.941641 2.5893154 0.8
      vertex 6.2314634 3.116501 0.8
      vertex 6.103136 2.8437912 0.8
    endloop
  endfacet
  facet normal 0 0 -1
    outer loop
      vertex -3.2583592 -6.2825356 0.8
      vertex -2.0583591 -5.4106846 0.8
      vertex -2.9781296 -6.171585 0.8
    endloop
  endfacet
  facet normal 0 0 -1
    outer loop
      vertex 5.5298176 2.1507683 0.8
      vertex 5.02187 1.828415 0.8
      vertex 5.941641 2.5893154 0.8
    endloop
  endfacet
  facet normal 0 0 -1
    outer loop
      vertex -3.5502849 -6.3574896 0.8
      vertex -2.0583591 -5.4106846 0.8
      vertex -3.2583592 -6.2825356 0.8
    endloop
  endfacet
  facet normal 0 0 -1
    outer loop
      vertex 5.7495246 2.357087 0.8
      vertex 5.5298176 2.1507683 0.8
      vertex 5.941641 2.5893154 0.8
    endloop
  endfacet
  facet normal 0 0 -1
    outer loop
      vertex -2.4701824 -2.1507683 0.8
      vertex -1.8968639 -2.8437912 0.8
      vertex -1.7685364 -3.116501 0.8
    endloop
  endfacet
  facet normal 0 0 -1
    outer loop
      vertex 5.02187 1.828415 0.8
      vertex 6.2314634 3.116501 0.8
      vertex 5.941641 2.5893154 0.8
    endloop
  endfacet
  facet normal 0 0 -1
    outer loop
      vertex 6.3810754 4.3008 0.8
      vertex 6.3810754 3.6992002 0.8
      vertex 6.2314634 4.883499 0.8
    endloop
  endfacet
  facet normal 0 0 -1
    outer loop
      vertex 5.02187 1.828415 0.8
      vertex 4.7416406 1.7174643 0.8
      vertex 6.2314634 3.116501 0.8
    endloop
  endfacet
  facet normal 0 0 -1
    outer loop
      vertex 4.7416406 1.7174643 0.8
      vertex 6.2314634 4.883499 0.8
      vertex 6.2314634 3.116501 0.8
    endloop
  endfacet
  facet normal 0 0 -1
    outer loop
      vertex -1.7685364 4.883499 0.8
      vertex -2.0583591 5.4106846 0.8
      vertex -1.8968639 5.156209 0.8
    endloop
  endfacet
  facet normal 0 0 -1
    outer loop
      vertex 1.7685364 3.116501 0.8
      vertex 1.6754004 3.4031444 0.8
      vertex 1.8968639 2.8437912 0.8
    endloop
  endfacet
  facet normal 0 0 -1
    outer loop
      vertex 1.6189247 3.6992002 0.8
      vertex 1.6 4 0.8
      vertex 1.6754004 3.4031444 0.8
    endloop
  endfacet
  facet normal 0 0 -1
    outer loop
      vertex 1.6189247 4.3008 0.8
      vertex 1.6754004 4.5968556 0.8
      vertex 1.7685364 4.883499 0.8
    endloop
  endfacet
  facet normal 0 0 -1
    outer loop
      vertex 5.2859845 6.026387 0.8
      vertex 5.5298176 5.8492317 0.8
      vertex 5.02187 6.171585 0.8
    endloop
  endfacet
  facet normal 0 0 -1
    outer loop
      vertex 2.4701824 5.8492317 0.8
      vertex 2.0583591 5.4106846 0.8
      vertex 2.2504754 5.642913 0.8
    endloop
  endfacet
  facet normal 0 0 -1
    outer loop
      vertex 3.2583592 6.2825356 0.8
      vertex 2.7140157 6.026387 0.8
      vertex 2.9781296 6.171585 0.8
    endloop
  endfacet
  facet normal 0 0 -1
    outer loop
      vertex 5.941641 5.4106846 0.8
      vertex 6.103136 5.156209 0.8
      vertex 6.2314634 4.883499 0.8
    endloop
  endfacet
  facet normal 0 0 -1
    outer loop
      vertex 4.7416406 6.2825356 0.8
      vertex 4.150697 6.395264 0.8
      vertex 4.449715 6.3574896 0.8
    endloop
  endfacet
  facet normal 0 0 -1
    outer loop
      vertex 2.7140157 6.026387 0.8
      vertex 3.2583592 6.2825356 0.8
      vertex 2.4701824 5.8492317 0.8
    endloop
  endfacet
  facet normal 0 0 -1
    outer loop
      vertex -2.2504754 5.642913 0.8
      vertex -1.7685364 4.883499 0.8
      vertex -2.4701824 5.8492317 0.8
    endloop
  endfacet
  facet normal 0 0 -1
    outer loop
      vertex -3.2583592 6.2825356 0.8
      vertex -2.9781296 6.171585 0.8
      vertex -2.4701824 5.8492317 0.8
    endloop
  endfacet
  facet normal 0 0 -1
    outer loop
      vertex -3.2583592 1.7174643 0.8
      vertex -3.2583592 6.2825356 0.8
      vertex -1.6754004 3.4031444 0.8
    endloop
  endfacet
  facet normal 0 0 -1
    outer loop
      vertex -4.150697 6.395264 0.8
      vertex -3.8493028 6.395264 0.8
      vertex -3.5502849 6.3574896 0.8
    endloop
  endfacet
  facet normal 0 0 -1
    outer loop
      vertex -5.2859845 6.026387 0.8
      vertex -4.7416406 6.2825356 0.8
      vertex -5.5298176 5.8492317 0.8
    endloop
  endfacet
  facet normal 0 0 -1
    outer loop
      vertex -5.941641 5.4106846 0.8
      vertex -5.5298176 5.8492317 0.8
      vertex -6.2314634 4.883499 0.8
    endloop
  endfacet
  facet normal 0 0 -1
    outer loop
      vertex -6.103136 5.156209 0.8
      vertex -5.941641 5.4106846 0.8
      vertex -6.2314634 4.883499 0.8
    endloop
  endfacet
  facet normal 0 0 -1
    outer loop
      vertex -5.5298176 5.8492317 0.8
      vertex -5.941641 5.4106846 0.8
      vertex -5.7495246 5.642913 0.8
    endloop
  endfacet
  facet normal 0 0 -1
    outer loop
      vertex -6.2314634 4.883499 0.8
      vertex -4.7416406 1.7174643 0.8
      vertex -6.103136 2.8437912 0.8
    endloop
  endfacet
  facet normal 0 0 -1
    outer loop
      vertex -6.3245997 4.5968556 0.8
      vertex -6.2314634 4.883499 0.8
      vertex -6.3810754 4.3008 0.8
    endloop
  endfacet
  facet normal 0 0 -1
    outer loop
      vertex -6.3810754 4.3008 0.8
      vertex -6.3245997 3.4031444 0.8
      vertex -6.3810754 3.6992002 0.8
    endloop
  endfacet
  facet normal 0 0 -1
    outer loop
      vertex -6.3810754 4.3008 0.8
      vertex -6.2314634 4.883499 0.8
      vertex -6.3245997 3.4031444 0.8
    endloop
  endfacet
  facet normal 0 0 -1
    outer loop
      vertex -6.3245997 3.4031444 0.8
      vertex -6.2314634 4.883499 0.8
      vertex -6.103136 2.8437912 0.8
    endloop
  endfacet
  facet normal 0 0 -1
    outer loop
      vertex -6.3810754 4.3008 0.8
      vertex -6.3810754 3.6992002 0.8
      vertex -6.4 4 0.8
    endloop
  endfacet
  facet normal 0 0 -1
    outer loop
      vertex -6.2314634 3.116501 0.8
      vertex -6.3245997 3.4031444 0.8
      vertex -6.103136 2.8437912 0.8
    endloop
  endfacet
  facet normal 0 0 -1
    outer loop
      vertex -6.2314634 4.883499 0.8
      vertex -4.7416406 6.2825356 0.8
      vertex -4.7416406 1.7174643 0.8
    endloop
  endfacet
  facet normal 0 0 -1
    outer loop
      vertex -5.941641 2.5893154 0.8
      vertex -6.103136 2.8437912 0.8
      vertex -5.2859845 1.973613 0.8
    endloop
  endfacet
  facet normal 0 0 -1
    outer loop
      vertex -5.941641 -2.5893154 0.8
      vertex -5.2859845 -1.973613 0.8
      vertex -6.103136 -2.8437912 0.8
    endloop
  endfacet
  facet normal 0 0 -1
    outer loop
      vertex -5.5298176 2.1507683 0.8
      vertex -5.941641 2.5893154 0.8
      vertex -5.2859845 1.973613 0.8
    endloop
  endfacet
  facet normal 0 0 -1
    outer loop
      vertex -5.5298176 2.1507683 0.8
      vertex -5.7495246 2.357087 0.8
      vertex -5.941641 2.5893154 0.8
    endloop
  endfacet
  facet normal 0 0 -1
    outer loop
      vertex -5.2859845 1.973613 0.8
      vertex -4.7416406 1.7174643 0.8
      vertex -5.02187 1.828415 0.8
    endloop
  endfacet
  facet normal 0 0 -1
    outer loop
      vertex -5.2859845 -1.973613 0.8
      vertex -5.02187 -1.828415 0.8
      vertex -4.7416406 -1.7174643 0.8
    endloop
  endfacet
  facet normal 0 0 -1
    outer loop
      vertex -5.2859845 1.973613 0.8
      vertex -6.103136 2.8437912 0.8
      vertex -4.7416406 1.7174643 0.8
    endloop
  endfacet
  facet normal 0 0 -1
    outer loop
      vertex -4.7416406 -1.7174643 0.8
      vertex -3.8493028 -1.6047359 0.8
      vertex -3.2583592 -1.7174643 0.8
    endloop
  endfacet
  facet normal 0 0 -1
    outer loop
      vertex -4.7416406 1.7174643 0.8
      vertex -4.7416406 6.2825356 0.8
      vertex -3.2583592 1.7174643 0.8
    endloop
  endfacet
  facet normal 0 0 -1
    outer loop
      vertex -4.449715 -1.6425107 0.8
      vertex -4.150697 -1.6047359 0.8
      vertex -4.7416406 -1.7174643 0.8
    endloop
  endfacet
  facet normal 0 0 -1
    outer loop
      vertex -4.449715 1.6425107 0.8
      vertex -4.7416406 1.7174643 0.8
      vertex -3.2583592 1.7174643 0.8
    endloop
  endfacet
  facet normal 0 0 -1
    outer loop
      vertex -3.8493028 -1.6047359 0.8
      vertex -3.5502849 -1.6425107 0.8
      vertex -3.2583592 -1.7174643 0.8
    endloop
  endfacet
  facet normal 0 0 -1
    outer loop
      vertex -3.5502849 1.6425107 0.8
      vertex -4.449715 1.6425107 0.8
      vertex -3.2583592 1.7174643 0.8
    endloop
  endfacet
  facet normal 0 0 -1
    outer loop
      vertex -3.2583592 -1.7174643 0.8
      vertex -2.4701824 -2.1507683 0.8
      vertex -1.7685364 -3.116501 0.8
    endloop
  endfacet
  facet normal 0 0 -1
    outer loop
      vertex -3.5502849 1.6425107 0.8
      vertex -3.8493028 1.6047359 0.8
      vertex -4.449715 1.6425107 0.8
    endloop
  endfacet
  facet normal 0 0 -1
    outer loop
      vertex -2.9781296 -1.828415 0.8
      vertex -2.4701824 -2.1507683 0.8
      vertex -3.2583592 -1.7174643 0.8
    endloop
  endfacet
  facet normal 0 0 -1
    outer loop
      vertex -4.449715 1.6425107 0.8
      vertex -3.8493028 1.6047359 0.8
      vertex -4.150697 1.6047359 0.8
    endloop
  endfacet
  facet normal 0 0 -1
    outer loop
      vertex -3.5502849 -6.3574896 0.8
      vertex -1.7685364 -3.116501 0.8
      vertex -1.6754004 -4.5968556 0.8
    endloop
  endfacet
  facet normal 0 0 -1
    outer loop
      vertex -1.6754004 -4.5968556 0.8
      vertex -1.8968639 -5.156209 0.8
      vertex -2.0583591 -5.4106846 0.8
    endloop
  endfacet
  facet normal 0 0 -1
    outer loop
      vertex -1.6 -4 0.8
      vertex -1.6754004 -4.5968556 0.8
      vertex -1.7685364 -3.116501 0.8
    endloop
  endfacet
  facet normal 0 0 -1
    outer loop
      vertex -2.0583591 -5.4106846 0.8
      vertex -2.2504754 -5.642913 0.8
      vertex -2.9781296 -6.171585 0.8
    endloop
  endfacet
  facet normal 0 0 -1
    outer loop
      vertex -2.2504754 -2.357087 0.8
      vertex -1.8968639 -2.8437912 0.8
      vertex -2.4701824 -2.1507683 0.8
    endloop
  endfacet
  facet normal 0 0 -1
    outer loop
      vertex 5.941641 5.4106846 0.8
      vertex 6.2314634 4.883499 0.8
      vertex 5.7495246 5.642913 0.8
    endloop
  endfacet
  facet normal 0 0 -1
    outer loop
      vertex 5.02187 6.171585 0.8
      vertex 5.5298176 5.8492317 0.8
      vertex 4.7416406 6.2825356 0.8
    endloop
  endfacet
  facet normal 0 0 -1
    outer loop
      vertex 5.7495246 -2.357087 0.8
      vertex 4.7416406 -1.7174643 0.8
      vertex 5.02187 -1.828415 0.8
    endloop
  endfacet
  facet normal 0 0 -1
    outer loop
      vertex 5.2859845 -6.026387 0.8
      vertex 5.7495246 -5.642913 0.8
      vertex 5.5298176 -5.8492317 0.8
    endloop
  endfacet
  facet normal 0 0 -1
    outer loop
      vertex 6.3810754 -3.6992002 0.8
      vertex 6.2314634 -3.116501 0.8
      vertex 6.3245997 -3.4031444 0.8
    endloop
  endfacet
  facet normal 0 0 -1
    outer loop
      vertex 6.4 -4 0.8
      vertex 6.3810754 -4.3008 0.8
      vertex 6.3810754 -3.6992002 0.8
    endloop
  endfacet
  facet normal 0 0 -1
    outer loop
      vertex 6.2314634 -3.116501 0.8
      vertex 6.3810754 -3.6992002 0.8
      vertex 6.3810754 -4.3008 0.8
    endloop
  endfacet
  facet normal 0 0 -1
    outer loop
      vertex 6.2314634 -3.116501 0.8
      vertex 6.2314634 -4.883499 0.8
      vertex 4.449715 -6.3574896 0.8
    endloop
  endfacet
  facet normal 0 0 -1
    outer loop
      vertex 6.2314634 4.883499 0.8
      vertex 3.2583592 6.2825356 0.8
      vertex 4.7416406 6.2825356 0.8
    endloop
  endfacet
  facet normal 0 0 -1
    outer loop
      vertex 3.2583592 6.2825356 0.8
      vertex 3.5502849 6.3574896 0.8
      vertex 4.7416406 6.2825356 0.8
    endloop
  endfacet
  facet normal 0 0 -1
    outer loop
      vertex 4.7416406 6.2825356 0.8
      vertex 3.5502849 6.3574896 0.8
      vertex 4.150697 6.395264 0.8
    endloop
  endfacet
  facet normal 0 0 -1
    outer loop
      vertex 3.5502849 6.3574896 0.8
      vertex 3.8493028 6.395264 0.8
      vertex 4.150697 6.395264 0.8
    endloop
  endfacet
  facet normal 0 0 -1
    outer loop
      vertex 3.2583592 6.2825356 0.8
      vertex 6.2314634 4.883499 0.8
      vertex 3.2583592 1.7174643 0.8
    endloop
  endfacet
  facet normal 0 0 -1
    outer loop
      vertex 3.2583592 6.2825356 0.8
      vertex 1.7685364 4.883499 0.8
      vertex 2.4701824 5.8492317 0.8
    endloop
  endfacet
  facet normal 0 0 -1
    outer loop
      vertex 1.7685364 4.883499 0.8
      vertex 2.0583591 5.4106846 0.8
      vertex 2.4701824 5.8492317 0.8
    endloop
  endfacet
  facet normal 0 0 -1
    outer loop
      vertex 1.7685364 4.883499 0.8
      vertex 1.8968639 5.156209 0.8
      vertex 2.0583591 5.4106846 0.8
    endloop
  endfacet
  facet normal 0 0 -1
    outer loop
      vertex 1.7685364 4.883499 0.8
      vertex 3.2583592 1.7174643 0.8
      vertex 1.8968639 2.8437912 0.8
    endloop
  endfacet
  facet normal 0 0 -1
    outer loop
      vertex 1.6189247 4.3008 0.8
      vertex 1.7685364 4.883499 0.8
      vertex 1.6 4 0.8
    endloop
  endfacet
  facet normal 0 0 -1
    outer loop
      vertex 1.6 4 0.8
      vertex 1.8968639 2.8437912 0.8
      vertex 1.6754004 3.4031444 0.8
    endloop
  endfacet
  facet normal 0 0 -1
    outer loop
      vertex 1.6 4 0.8
      vertex 1.7685364 4.883499 0.8
      vertex 1.8968639 2.8437912 0.8
    endloop
  endfacet
  facet normal 0 0 -1
    outer loop
      vertex 3.2583592 1.7174643 0.8
      vertex 1.7685364 4.883499 0.8
      vertex 3.2583592 6.2825356 0.8
    endloop
  endfacet
  facet normal 0 0 -1
    outer loop
      vertex 2.7140157 1.973613 0.8
      vertex 2.0583591 2.5893154 0.8
      vertex 1.8968639 2.8437912 0.8
    endloop
  endfacet
  facet normal 0 0 -1
    outer loop
      vertex 2.0583591 2.5893154 0.8
      vertex 2.7140157 1.973613 0.8
      vertex 2.4701824 2.1507683 0.8
    endloop
  endfacet
  facet normal 0 0 -1
    outer loop
      vertex 2.2504754 2.357087 0.8
      vertex 2.0583591 2.5893154 0.8
      vertex 2.4701824 2.1507683 0.8
    endloop
  endfacet
  facet normal 0 0 -1
    outer loop
      vertex 3.2583592 1.7174643 0.8
      vertex 2.9781296 1.828415 0.8
      vertex 2.7140157 1.973613 0.8
    endloop
  endfacet
  facet normal 0 0 -1
    outer loop
      vertex 1.8968639 2.8437912 0.8
      vertex 3.2583592 1.7174643 0.8
      vertex 2.7140157 1.973613 0.8
    endloop
  endfacet
  facet normal 0 0 -1
    outer loop
      vertex 6.2314634 4.883499 0.8
      vertex 4.7416406 1.7174643 0.8
      vertex 3.2583592 1.7174643 0.8
    endloop
  endfacet
  facet normal 0 0 -1
    outer loop
      vertex 3.2583592 1.7174643 0.8
      vertex 4.7416406 1.7174643 0.8
      vertex 4.449715 1.6425107 0.8
    endloop
  endfacet
  facet normal 0 0 -1
    outer loop
      vertex -1.7685364 -4.883499 0.8
      vertex -1.8968639 -5.156209 0.8
      vertex -1.6754004 -4.5968556 0.8
    endloop
  endfacet
  facet normal 0 0 -1
    outer loop
      vertex 3.5502849 1.6425107 0.8
      vertex 3.2583592 1.7174643 0.8
      vertex 4.449715 1.6425107 0.8
    endloop
  endfacet
  facet normal 0 0 -1
    outer loop
      vertex -2.0583591 -5.4106846 0.8
      vertex -3.5502849 -6.3574896 0.8
      vertex -1.6754004 -4.5968556 0.8
    endloop
  endfacet
  facet normal 0 0 -1
    outer loop
      vertex 4.150697 1.6047359 0.8
      vertex 3.5502849 1.6425107 0.8
      vertex 4.449715 1.6425107 0.8
    endloop
  endfacet
  facet normal 0 0 -1
    outer loop
      vertex -1.6 -4 0.8
      vertex -1.6189247 -4.3008 0.8
      vertex -1.6754004 -4.5968556 0.8
    endloop
  endfacet
  facet normal 0 0 -1
    outer loop
      vertex 4.150697 1.6047359 0.8
      vertex 3.8493028 1.6047359 0.8
      vertex 3.5502849 1.6425107 0.8
    endloop
  endfacet
  facet normal 0 0 -1
    outer loop
      vertex -1.6 -4 0.8
      vertex -1.7685364 -3.116501 0.8
      vertex -1.6754004 -3.4031444 0.8
    endloop
  endfacet
  facet normal 0 0 -1
    outer loop
      vertex -1.6754004 -11.403144 0.8
      vertex -2.0583591 -10.589315 0.8
      vertex -1.7685364 -11.116501 0.8
    endloop
  endfacet
  facet normal 0 0 -1
    outer loop
      vertex -3.2583592 -14.282536 0.8
      vertex -2.7140157 -14.026387 0.8
      vertex -2.9781296 -14.171585 0.8
    endloop
  endfacet
  facet normal 0 0 -1
    outer loop
      vertex 6.2314634 -4.883499 0.8
      vertex 5.02187 -6.171585 0.8
      vertex 4.449715 -6.3574896 0.8
    endloop
  endfacet
  facet normal 0 0 -1
    outer loop
      vertex -2.4701824 -13.849232 0.8
      vertex -2.0583591 -13.410685 0.8
      vertex -2.2504754 -13.642913 0.8
    endloop
  endfacet
  facet normal 0 0 -1
    outer loop
      vertex 4.449715 -6.3574896 0.8
      vertex 5.02187 -6.171585 0.8
      vertex 4.7416406 -6.2825356 0.8
    endloop
  endfacet
  facet normal 0 0 -1
    outer loop
      vertex -2.7140157 -14.026387 0.8
      vertex -2.0583591 -13.410685 0.8
      vertex -2.4701824 -13.849232 0.8
    endloop
  endfacet
  facet normal 0 0 -1
    outer loop
      vertex 5.2859845 -6.026387 0.8
      vertex 5.02187 -6.171585 0.8
      vertex 5.7495246 -5.642913 0.8
    endloop
  endfacet
  facet normal 0 0 -1
    outer loop
      vertex -1.8968639 -13.156209 0.8
      vertex -2.0583591 -13.410685 0.8
      vertex -1.7685364 -12.883499 0.8
    endloop
  endfacet
  facet normal 0 0 -1
    outer loop
      vertex 5.7495246 -5.642913 0.8
      vertex 5.02187 -6.171585 0.8
      vertex 5.941641 -5.4106846 0.8
    endloop
  endfacet
  facet normal 0 0 -1
    outer loop
      vertex -2.4701824 -10.150768 0.8
      vertex -2.0583591 -10.589315 0.8
      vertex -3.2583592 -9.717464 0.8
    endloop
  endfacet
  facet normal 0 0 -1
    outer loop
      vertex 5.941641 -5.4106846 0.8
      vertex 5.02187 -6.171585 0.8
      vertex 6.2314634 -4.883499 0.8
    endloop
  endfacet
  facet normal 0 0 -1
    outer loop
      vertex 6.2314634 -3.116501 0.8
      vertex 6.3810754 -4.3008 0.8
      vertex 6.3245997 -4.5968556 0.8
    endloop
  endfacet
  facet normal 0 0 -1
    outer loop
      vertex 6.103136 -5.156209 0.8
      vertex 5.941641 -5.4106846 0.8
      vertex 6.2314634 -4.883499 0.8
    endloop
  endfacet
  facet normal 0 0 -1
    outer loop
      vertex 6.2314634 -4.883499 0.8
      vertex 6.2314634 -3.116501 0.8
      vertex 6.3245997 -4.5968556 0.8
    endloop
  endfacet
  facet normal 0 0 -1
    outer loop
      vertex -2.0583591 -2.5893154 0.8
      vertex -1.8968639 -2.8437912 0.8
      vertex -2.2504754 -2.357087 0.8
    endloop
  endfacet
  facet normal 0 0 -1
    outer loop
      vertex 1.8968639 -2.8437912 0.8
      vertex 2.0583591 -2.5893154 0.8
      vertex 2.7140157 -1.973613 0.8
    endloop
  endfacet
  facet normal 0 0 -1
    outer loop
      vertex 3.2583592 -1.7174643 0.8
      vertex 3.8493028 -1.6047359 0.8
      vertex 4.150697 -1.6047359 0.8
    endloop
  endfacet
  facet normal 0 0 -1
    outer loop
      vertex 5.7495246 -2.357087 0.8
      vertex 6.103136 -2.8437912 0.8
      vertex 6.2314634 -3.116501 0.8
    endloop
  endfacet
  facet normal 0 0 -1
    outer loop
      vertex 5.7495246 -2.357087 0.8
      vertex 6.2314634 -3.116501 0.8
      vertex 4.7416406 -1.7174643 0.8
    endloop
  endfacet
  facet normal 0 0 -1
    outer loop
      vertex 6.2314634 -3.116501 0.8
      vertex 4.449715 -6.3574896 0.8
      vertex 3.2583592 -1.7174643 0.8
    endloop
  endfacet
  facet normal 0 0 -1
    outer loop
      vertex -2.9781296 -1.828415 0.8
      vertex -2.7140157 -1.973613 0.8
      vertex -2.4701824 -2.1507683 0.8
    endloop
  endfacet
  facet normal 0 0 -1
    outer loop
      vertex -3.5502849 -6.3574896 0.8
      vertex -3.2583592 -1.7174643 0.8
      vertex -1.7685364 -3.116501 0.8
    endloop
  endfacet
  facet normal 0 0 -1
    outer loop
      vertex -4.150697 -1.6047359 0.8
      vertex -3.8493028 -1.6047359 0.8
      vertex -4.7416406 -1.7174643 0.8
    endloop
  endfacet
  facet normal 0 0 -1
    outer loop
      vertex -4.449715 -6.3574896 0.8
      vertex -4.7416406 -1.7174643 0.8
      vertex -3.2583592 -1.7174643 0.8
    endloop
  endfacet
  facet normal 0 0 -1
    outer loop
      vertex -5.7495246 -2.357087 0.8
      vertex -5.5298176 -2.1507683 0.8
      vertex -5.941641 -2.5893154 0.8
    endloop
  endfacet
  facet normal 0 0 -1
    outer loop
      vertex -5.941641 -2.5893154 0.8
      vertex -5.5298176 -2.1507683 0.8
      vertex -5.2859845 -1.973613 0.8
    endloop
  endfacet
  facet normal 0 0 -1
    outer loop
      vertex -6.103136 -2.8437912 0.8
      vertex -5.2859845 -1.973613 0.8
      vertex -4.7416406 -1.7174643 0.8
    endloop
  endfacet
  facet normal 0 0 -1
    outer loop
      vertex -6.2314634 -4.883499 0.8
      vertex -6.103136 -2.8437912 0.8
      vertex -4.449715 -6.3574896 0.8
    endloop
  endfacet
  facet normal 0 0 -1
    outer loop
      vertex -6.3245997 -3.4031444 0.8
      vertex -6.2314634 -3.116501 0.8
      vertex -6.103136 -2.8437912 0.8
    endloop
  endfacet
  facet normal 0 0 -1
    outer loop
      vertex -6.3810754 -4.3008 0.8
      vertex -6.3245997 -3.4031444 0.8
      vertex -6.2314634 -4.883499 0.8
    endloop
  endfacet
  facet normal 0 0 -1
    outer loop
      vertex -6.3810754 -4.3008 0.8
      vertex -6.3810754 -3.6992002 0.8
      vertex -6.3245997 -3.4031444 0.8
    endloop
  endfacet
  facet normal 0 0 -1
    outer loop
      vertex -6.3810754 -4.3008 0.8
      vertex -6.4 -4 0.8
      vertex -6.3810754 -3.6992002 0.8
    endloop
  endfacet
  facet normal 0 0 -1
    outer loop
      vertex -6.2314634 -4.883499 0.8
      vertex -6.3245997 -3.4031444 0.8
      vertex -6.103136 -2.8437912 0.8
    endloop
  endfacet
  facet normal 0 0 -1
    outer loop
      vertex -6.2314634 -4.883499 0.8
      vertex -6.3245997 -4.5968556 0.8
      vertex -6.3810754 -4.3008 0.8
    endloop
  endfacet
  facet normal 0 0 -1
    outer loop
      vertex -5.5298176 -5.8492317 0.8
      vertex -6.2314634 -4.883499 0.8
      vertex -4.449715 -6.3574896 0.8
    endloop
  endfacet
  facet normal 0 0 -1
    outer loop
      vertex -5.941641 -5.4106846 0.8
      vertex -6.103136 -5.156209 0.8
      vertex -6.2314634 -4.883499 0.8
    endloop
  endfacet
  facet normal 0 0 -1
    outer loop
      vertex -5.5298176 -10.150768 0.8
      vertex -5.2859845 -9.973613 0.8
      vertex -5.02187 -9.828415 0.8
    endloop
  endfacet
  facet normal 0 0 -1
    outer loop
      vertex -5.5298176 -5.8492317 0.8
      vertex -5.941641 -5.4106846 0.8
      vertex -6.2314634 -4.883499 0.8
    endloop
  endfacet
  facet normal 0 0 -1
    outer loop
      vertex -5.5298176 -5.8492317 0.8
      vertex -5.7495246 -5.642913 0.8
      vertex -5.941641 -5.4106846 0.8
    endloop
  endfacet
  facet normal 0 0 -1
    outer loop
      vertex -4.7416406 -6.2825356 0.8
      vertex -5.5298176 -5.8492317 0.8
      vertex -4.449715 -6.3574896 0.8
    endloop
  endfacet
  facet normal 0 0 -1
    outer loop
      vertex -5.5298176 -10.150768 0.8
      vertex -5.02187 -9.828415 0.8
      vertex -4.7416406 -9.717464 0.8
    endloop
  endfacet
  facet normal 0 0 -1
    outer loop
      vertex -5.02187 -6.171585 0.8
      vertex -5.2859845 -6.026387 0.8
      vertex -4.7416406 -6.2825356 0.8
    endloop
  endfacet
  facet normal 0 0 -1
    outer loop
      vertex -4.7416406 -9.717464 0.8
      vertex -3.2583592 -9.717464 0.8
      vertex -3.2583592 -14.282536 0.8
    endloop
  endfacet
  facet normal 0 0 -1
    outer loop
      vertex -4.7416406 -6.2825356 0.8
      vertex -5.2859845 -6.026387 0.8
      vertex -5.5298176 -5.8492317 0.8
    endloop
  endfacet
  facet normal 0 0 -1
    outer loop
      vertex -3.8493028 -9.604736 0.8
      vertex -3.2583592 -9.717464 0.8
      vertex -4.7416406 -9.717464 0.8
    endloop
  endfacet
  facet normal 0 0 -1
    outer loop
      vertex -4.449715 -6.3574896 0.8
      vertex -6.103136 -2.8437912 0.8
      vertex -4.7416406 -1.7174643 0.8
    endloop
  endfacet
  facet normal 0 0 -1
    outer loop
      vertex -4.150697 -9.604736 0.8
      vertex -3.8493028 -9.604736 0.8
      vertex -4.7416406 -9.717464 0.8
    endloop
  endfacet
  facet normal 0 0 -1
    outer loop
      vertex -3.5502849 -6.3574896 0.8
      vertex -4.449715 -6.3574896 0.8
      vertex -3.2583592 -1.7174643 0.8
    endloop
  endfacet
  facet normal 0 0 -1
    outer loop
      vertex -3.2583592 -9.717464 0.8
      vertex -2.0583591 -13.410685 0.8
      vertex -3.2583592 -14.282536 0.8
    endloop
  endfacet
  facet normal 0 0 -1
    outer loop
      vertex -3.5502849 -6.3574896 0.8
      vertex -3.8493028 -6.395264 0.8
      vertex -4.449715 -6.3574896 0.8
    endloop
  endfacet
  facet normal 0 0 -1
    outer loop
      vertex -2.9781296 -9.828415 0.8
      vertex -2.4701824 -10.150768 0.8
      vertex -3.2583592 -9.717464 0.8
    endloop
  endfacet
  facet normal 0 0 -1
    outer loop
      vertex -4.449715 -6.3574896 0.8
      vertex -3.8493028 -6.395264 0.8
      vertex -4.150697 -6.395264 0.8
    endloop
  endfacet
  facet normal 0 0 -1
    outer loop
      vertex -1.8968639 -10.843791 0.8
      vertex -1.7685364 -11.116501 0.8
      vertex -2.0583591 -10.589315 0.8
    endloop
  endfacet
  facet normal 0 0 -1
    outer loop
      vertex -1.6754004 -12.596856 0.8
      vertex -1.6754004 -11.403144 0.8
      vertex -1.6 -12 0.8
    endloop
  endfacet
  facet normal 0 0 -1
    outer loop
      vertex -2.0583591 -13.410685 0.8
      vertex -2.0583591 -10.589315 0.8
      vertex -1.6754004 -12.596856 0.8
    endloop
  endfacet
  facet normal 0 0 -1
    outer loop
      vertex -3.2583592 -14.282536 0.8
      vertex -2.0583591 -13.410685 0.8
      vertex -2.7140157 -14.026387 0.8
    endloop
  endfacet
  facet normal 0 0 -1
    outer loop
      vertex -2.0583591 -10.589315 0.8
      vertex -2.0583591 -13.410685 0.8
      vertex -3.2583592 -9.717464 0.8
    endloop
  endfacet
  facet normal 0 0 -1
    outer loop
      vertex 6.103136 -2.8437912 0.8
      vertex 5.7495246 -2.357087 0.8
      vertex 5.941641 -2.5893154 0.8
    endloop
  endfacet
  facet normal 0 0 -1
    outer loop
      vertex 5.02187 -1.828415 0.8
      vertex 5.5298176 -2.1507683 0.8
      vertex 5.7495246 -2.357087 0.8
    endloop
  endfacet
  facet normal 0 0 -1
    outer loop
      vertex 4.7416406 -9.717464 0.8
      vertex 5.02187 -9.828415 0.8
      vertex 5.5298176 -10.150768 0.8
    endloop
  endfacet
  facet normal 0 0 -1
    outer loop
      vertex 5.2859845 -14.026387 0.8
      vertex 5.02187 -14.171585 0.8
      vertex 4.7416406 -14.282536 0.8
    endloop
  endfacet
  facet normal 0 0 -1
    outer loop
      vertex 6.3810754 -12.300799 0.8
      vertex 6.2314634 -11.116501 0.8
      vertex 6.3810754 -11.699201 0.8
    endloop
  endfacet
  facet normal 0 0 -1
    outer loop
      vertex 6.2314634 -11.116501 0.8
      vertex 6.3245997 -11.403144 0.8
      vertex 6.3810754 -11.699201 0.8
    endloop
  endfacet
  facet normal 0 0 -1
    outer loop
      vertex 6.2314634 -11.116501 0.8
      vertex 6.3810754 -12.300799 0.8
      vertex 6.2314634 -12.883499 0.8
    endloop
  endfacet
  facet normal 0 0 -1
    outer loop
      vertex 6.2314634 -11.116501 0.8
      vertex 4.7416406 -9.717464 0.8
      vertex 5.941641 -10.589315 0.8
    endloop
  endfacet
  facet normal 0 0 -1
    outer loop
      vertex 5.2859845 -1.973613 0.8
      vertex 5.5298176 -2.1507683 0.8
      vertex 5.02187 -1.828415 0.8
    endloop
  endfacet
  facet normal 0 0 -1
    outer loop
      vertex 6.2314634 -3.116501 0.8
      vertex 3.2583592 -1.7174643 0.8
      vertex 4.7416406 -1.7174643 0.8
    endloop
  endfacet
  facet normal 0 0 -1
    outer loop
      vertex 4.7416406 -1.7174643 0.8
      vertex 4.150697 -1.6047359 0.8
      vertex 4.449715 -1.6425107 0.8
    endloop
  endfacet
  facet normal 0 0 -1
    outer loop
      vertex 3.5502849 -1.6425107 0.8
      vertex 3.8493028 -1.6047359 0.8
      vertex 3.2583592 -1.7174643 0.8
    endloop
  endfacet
  facet normal 0 0 -1
    outer loop
      vertex 3.2583592 -1.7174643 0.8
      vertex 4.150697 -1.6047359 0.8
      vertex 4.7416406 -1.7174643 0.8
    endloop
  endfacet
  facet normal 0 0 -1
    outer loop
      vertex 2.9781296 -1.828415 0.8
      vertex 3.2583592 -1.7174643 0.8
      vertex 2.7140157 -1.973613 0.8
    endloop
  endfacet
  facet normal 0 0 -1
    outer loop
      vertex 2.0583591 -2.5893154 0.8
      vertex 2.2504754 -2.357087 0.8
      vertex 2.4701824 -2.1507683 0.8
    endloop
  endfacet
  facet normal 0 0 -1
    outer loop
      vertex 2.7140157 -1.973613 0.8
      vertex 2.0583591 -2.5893154 0.8
      vertex 2.4701824 -2.1507683 0.8
    endloop
  endfacet
  facet normal 0 0 -1
    outer loop
      vertex 3.2583592 -1.7174643 0.8
      vertex 1.8968639 -2.8437912 0.8
      vertex 2.7140157 -1.973613 0.8
    endloop
  endfacet
  facet normal 0 0 -1
    outer loop
      vertex 3.5502849 -6.3574896 0.8
      vertex 1.7685364 -4.883499 0.8
      vertex 1.8968639 -2.8437912 0.8
    endloop
  endfacet
  facet normal 0 0 -1
    outer loop
      vertex 1.8968639 -2.8437912 0.8
      vertex 1.6754004 -3.4031444 0.8
      vertex 1.7685364 -3.116501 0.8
    endloop
  endfacet
  facet normal 0 0 -1
    outer loop
      vertex 1.8968639 -2.8437912 0.8
      vertex 1.6 -4 0.8
      vertex 1.6754004 -3.4031444 0.8
    endloop
  endfacet
  facet normal 0 0 -1
    outer loop
      vertex 1.6754004 -3.4031444 0.8
      vertex 1.6 -4 0.8
      vertex 1.6189247 -3.6992002 0.8
    endloop
  endfacet
  facet normal 0 0 -1
    outer loop
      vertex 1.7685364 -4.883499 0.8
      vertex 1.6189247 -4.3008 0.8
      vertex 1.6 -4 0.8
    endloop
  endfacet
  facet normal 0 0 -1
    outer loop
      vertex 1.8968639 -2.8437912 0.8
      vertex 1.7685364 -4.883499 0.8
      vertex 1.6 -4 0.8
    endloop
  endfacet
  facet normal 0 0 -1
    outer loop
      vertex 1.6754004 -4.5968556 0.8
      vertex 1.6189247 -4.3008 0.8
      vertex 1.7685364 -4.883499 0.8
    endloop
  endfacet
  facet normal 0 0 -1
    outer loop
      vertex 3.2583592 -1.7174643 0.8
      vertex 3.5502849 -6.3574896 0.8
      vertex 1.8968639 -2.8437912 0.8
    endloop
  endfacet
  facet normal 0 0 -1
    outer loop
      vertex 1.7685364 -4.883499 0.8
      vertex 2.0583591 -5.4106846 0.8
      vertex 1.8968639 -5.156209 0.8
    endloop
  endfacet
  facet normal 0 0 -1
    outer loop
      vertex 2.0583591 -5.4106846 0.8
      vertex 1.7685364 -4.883499 0.8
      vertex 2.4701824 -5.8492317 0.8
    endloop
  endfacet
  facet normal 0 0 -1
    outer loop
      vertex 2.2504754 -5.642913 0.8
      vertex 2.0583591 -5.4106846 0.8
      vertex 2.4701824 -5.8492317 0.8
    endloop
  endfacet
  facet normal 0 0 -1
    outer loop
      vertex 2.4701824 -5.8492317 0.8
      vertex 3.5502849 -6.3574896 0.8
      vertex 3.2583592 -6.2825356 0.8
    endloop
  endfacet
  facet normal 0 0 -1
    outer loop
      vertex 2.7140157 -6.026387 0.8
      vertex 3.2583592 -6.2825356 0.8
      vertex 2.9781296 -6.171585 0.8
    endloop
  endfacet
  facet normal 0 0 -1
    outer loop
      vertex 2.7140157 -6.026387 0.8
      vertex 2.4701824 -5.8492317 0.8
      vertex 3.2583592 -6.2825356 0.8
    endloop
  endfacet
  facet normal 0 0 -1
    outer loop
      vertex 2.4701824 -5.8492317 0.8
      vertex 1.7685364 -4.883499 0.8
      vertex 3.5502849 -6.3574896 0.8
    endloop
  endfacet
  facet normal 0 0 -1
    outer loop
      vertex -1.7685364 -12.883499 0.8
      vertex -2.0583591 -13.410685 0.8
      vertex -1.6754004 -12.596856 0.8
    endloop
  endfacet
  facet normal 0 0 -1
    outer loop
      vertex 3.5502849 -6.3574896 0.8
      vertex 3.2583592 -1.7174643 0.8
      vertex 4.449715 -6.3574896 0.8
    endloop
  endfacet
  facet normal 0 0 -1
    outer loop
      vertex -1.6 -12 0.8
      vertex -1.6189247 -12.300799 0.8
      vertex -1.6754004 -12.596856 0.8
    endloop
  endfacet
  facet normal 0 0 -1
    outer loop
      vertex 4.150697 -6.395264 0.8
      vertex 3.5502849 -6.3574896 0.8
      vertex 4.449715 -6.3574896 0.8
    endloop
  endfacet
  facet normal 0 0 -1
    outer loop
      vertex -1.6754004 -12.596856 0.8
      vertex -2.0583591 -10.589315 0.8
      vertex -1.6754004 -11.403144 0.8
    endloop
  endfacet
  facet normal 0 0 -1
    outer loop
      vertex 4.150697 -6.395264 0.8
      vertex 3.8493028 -6.395264 0.8
      vertex 3.5502849 -6.3574896 0.8
    endloop
  endfacet
  facet normal 0 0 -1
    outer loop
      vertex -1.6 -12 0.8
      vertex -1.6754004 -11.403144 0.8
      vertex -1.6189247 -11.699201 0.8
    endloop
  endfacet
  facet normal 0 0 -1
    outer loop
      vertex 6.2314634 -12.883499 0.8
      vertex 6.3810754 -12.300799 0.8
      vertex 6.3245997 -12.596856 0.8
    endloop
  endfacet
  facet normal 0 0 -1
    outer loop
      vertex 5.5298176 -13.849232 0.8
      vertex 5.2859845 -14.026387 0.8
      vertex 5.941641 -13.410685 0.8
    endloop
  endfacet
  facet normal 0 0 -1
    outer loop
      vertex 5.5298176 -13.849232 0.8
      vertex 5.941641 -13.410685 0.8
      vertex 5.7495246 -13.642913 0.8
    endloop
  endfacet
  facet normal 0 0 -1
    outer loop
      vertex 5.2859845 -14.026387 0.8
      vertex 4.7416406 -14.282536 0.8
      vertex 5.941641 -13.410685 0.8
    endloop
  endfacet
  facet normal 0 0 -1
    outer loop
      vertex 5.941641 -13.410685 0.8
      vertex 6.2314634 -12.883499 0.8
      vertex 6.103136 -13.156209 0.8
    endloop
  endfacet
  facet normal 0 0 -1
    outer loop
      vertex 6.4 -12 0.8
      vertex 6.3810754 -12.300799 0.8
      vertex 6.3810754 -11.699201 0.8
    endloop
  endfacet
  facet normal 0 0 -1
    outer loop
      vertex 5.941641 -13.410685 0.8
      vertex 4.7416406 -14.282536 0.8
      vertex 6.2314634 -12.883499 0.8
    endloop
  endfacet
  facet normal 0 0 -1
    outer loop
      vertex 4.7416406 -9.717464 0.8
      vertex 6.2314634 -11.116501 0.8
      vertex 6.2314634 -12.883499 0.8
    endloop
  endfacet
  facet normal 0 0 -1
    outer loop
      vertex -2.0583591 -10.589315 0.8
      vertex -2.4701824 -10.150768 0.8
      vertex -2.2504754 -10.357087 0.8
    endloop
  endfacet
  facet normal 0 0 -1
    outer loop
      vertex 2.9781296 -9.828415 0.8
      vertex 2.4701824 -10.150768 0.8
      vertex 2.7140157 -9.973613 0.8
    endloop
  endfacet
  facet normal 0 0 -1
    outer loop
      vertex 4.449715 -9.64251 0.8
      vertex 4.7416406 -9.717464 0.8
      vertex 4.150697 -9.604736 0.8
    endloop
  endfacet
  facet normal 0 0 -1
    outer loop
      vertex 5.7495246 -10.357087 0.8
      vertex 5.941641 -10.589315 0.8
      vertex 4.7416406 -9.717464 0.8
    endloop
  endfacet
  facet normal 0 0 -1
    outer loop
      vertex 6.2314634 -12.883499 0.8
      vertex 4.7416406 -14.282536 0.8
      vertex 4.7416406 -9.717464 0.8
    endloop
  endfacet
  facet normal 0 0 -1
    outer loop
      vertex 2.0583591 -10.589315 0.8
      vertex 2.4701824 -10.150768 0.8
      vertex 3.2583592 -9.717464 0.8
    endloop
  endfacet
  facet normal 0 0 -1
    outer loop
      vertex -2.9781296 -9.828415 0.8
      vertex -2.7140157 -9.973613 0.8
      vertex -2.4701824 -10.150768 0.8
    endloop
  endfacet
  facet normal 0 0 -1
    outer loop
      vertex -4.150697 -9.604736 0.8
      vertex -4.7416406 -9.717464 0.8
      vertex -4.449715 -9.64251 0.8
    endloop
  endfacet
  facet normal 0 0 -1
    outer loop
      vertex -3.2583592 -9.717464 0.8
      vertex -3.8493028 -9.604736 0.8
      vertex -3.5502849 -9.64251 0.8
    endloop
  endfacet
  facet normal 0 0 -1
    outer loop
      vertex -5.5298176 -10.150768 0.8
      vertex -4.7416406 -9.717464 0.8
      vertex -5.941641 -10.589315 0.8
    endloop
  endfacet
  facet normal 0 0 -1
    outer loop
      vertex -5.7495246 -10.357087 0.8
      vertex -5.5298176 -10.150768 0.8
      vertex -5.941641 -10.589315 0.8
    endloop
  endfacet
  facet normal 0 0 -1
    outer loop
      vertex -5.941641 -10.589315 0.8
      vertex -5.941641 -13.410685 0.8
      vertex -6.3245997 -11.403144 0.8
    endloop
  endfacet
  facet normal 0 0 -1
    outer loop
      vertex -6.103136 -10.843791 0.8
      vertex -5.941641 -10.589315 0.8
      vertex -6.2314634 -11.116501 0.8
    endloop
  endfacet
  facet normal 0 0 -1
    outer loop
      vertex -6.2314634 -11.116501 0.8
      vertex -5.941641 -10.589315 0.8
      vertex -6.3245997 -11.403144 0.8
    endloop
  endfacet
  facet normal 0 0 -1
    outer loop
      vertex -6.3245997 -11.403144 0.8
      vertex -6.3245997 -12.596856 0.8
      vertex -6.3810754 -11.699201 0.8
    endloop
  endfacet
  facet normal 0 0 -1
    outer loop
      vertex -6.3810754 -11.699201 0.8
      vertex -6.3245997 -12.596856 0.8
      vertex -6.3810754 -12.300799 0.8
    endloop
  endfacet
  facet normal 0 0 -1
    outer loop
      vertex -6.4 -12 0.8
      vertex -6.3810754 -11.699201 0.8
      vertex -6.3810754 -12.300799 0.8
    endloop
  endfacet
  facet normal 0 0 -1
    outer loop
      vertex -6.3245997 -11.403144 0.8
      vertex -5.941641 -13.410685 0.8
      vertex -6.3245997 -12.596856 0.8
    endloop
  endfacet
  facet normal 0 0 -1
    outer loop
      vertex -5.941641 -10.589315 0.8
      vertex -4.7416406 -14.282536 0.8
      vertex -5.941641 -13.410685 0.8
    endloop
  endfacet
  facet normal 0 0 -1
    outer loop
      vertex -6.2314634 -12.883499 0.8
      vertex -5.941641 -13.410685 0.8
      vertex -6.103136 -13.156209 0.8
    endloop
  endfacet
  facet normal 0 0 -1
    outer loop
      vertex -6.2314634 -12.883499 0.8
      vertex -6.3245997 -12.596856 0.8
      vertex -5.941641 -13.410685 0.8
    endloop
  endfacet
  facet normal 0 0 -1
    outer loop
      vertex -5.941641 -10.589315 0.8
      vertex -4.7416406 -9.717464 0.8
      vertex -4.7416406 -14.282536 0.8
    endloop
  endfacet
  facet normal 0 0 -1
    outer loop
      vertex -5.5298176 -13.849232 0.8
      vertex -4.7416406 -14.282536 0.8
      vertex -5.02187 -14.171585 0.8
    endloop
  endfacet
  facet normal 0 0 -1
    outer loop
      vertex -5.5298176 -13.849232 0.8
      vertex -5.7495246 -13.642913 0.8
      vertex -5.941641 -13.410685 0.8
    endloop
  endfacet
  facet normal 0 0 -1
    outer loop
      vertex -5.5298176 -13.849232 0.8
      vertex -5.941641 -13.410685 0.8
      vertex -4.7416406 -14.282536 0.8
    endloop
  endfacet
  facet normal 0 0 -1
    outer loop
      vertex -5.02187 -14.171585 0.8
      vertex -5.2859845 -14.026387 0.8
      vertex -5.5298176 -13.849232 0.8
    endloop
  endfacet
  facet normal 0 0 -1
    outer loop
      vertex -4.7416406 -14.282536 0.8
      vertex -4.7416406 -9.717464 0.8
      vertex -3.2583592 -14.282536 0.8
    endloop
  endfacet
  facet normal 0 0 -1
    outer loop
      vertex -4.449715 -14.35749 0.8
      vertex -4.7416406 -14.282536 0.8
      vertex -3.2583592 -14.282536 0.8
    endloop
  endfacet
  facet normal 0 0 -1
    outer loop
      vertex -3.5502849 -14.35749 0.8
      vertex -4.449715 -14.35749 0.8
      vertex -3.2583592 -14.282536 0.8
    endloop
  endfacet
  facet normal 0 0 -1
    outer loop
      vertex -3.5502849 -14.35749 0.8
      vertex -3.8493028 -14.395264 0.8
      vertex -4.449715 -14.35749 0.8
    endloop
  endfacet
  facet normal 0 0 -1
    outer loop
      vertex -4.449715 -14.35749 0.8
      vertex -3.8493028 -14.395264 0.8
      vertex -4.150697 -14.395264 0.8
    endloop
  endfacet
  facet normal 0 0 -1
    outer loop
      vertex 6.103136 -10.843791 0.8
      vertex 6.2314634 -11.116501 0.8
      vertex 5.941641 -10.589315 0.8
    endloop
  endfacet
  facet normal 0 0 -1
    outer loop
      vertex 5.5298176 -10.150768 0.8
      vertex 5.7495246 -10.357087 0.8
      vertex 4.7416406 -9.717464 0.8
    endloop
  endfacet
  facet normal 0 0 -1
    outer loop
      vertex 5.2859845 -9.973613 0.8
      vertex 5.5298176 -10.150768 0.8
      vertex 5.02187 -9.828415 0.8
    endloop
  endfacet
  facet normal 0 0 -1
    outer loop
      vertex 3.5502849 -9.64251 0.8
      vertex 3.8493028 -9.604736 0.8
      vertex 3.2583592 -9.717464 0.8
    endloop
  endfacet
  facet normal 0 0 -1
    outer loop
      vertex 3.2583592 -9.717464 0.8
      vertex 3.8493028 -9.604736 0.8
      vertex 4.150697 -9.604736 0.8
    endloop
  endfacet
  facet normal 0 0 -1
    outer loop
      vertex 4.150697 -9.604736 0.8
      vertex 4.7416406 -9.717464 0.8
      vertex 3.2583592 -9.717464 0.8
    endloop
  endfacet
  facet normal 0 0 -1
    outer loop
      vertex 3.2583592 -9.717464 0.8
      vertex 4.7416406 -9.717464 0.8
      vertex 4.7416406 -14.282536 0.8
    endloop
  endfacet
  facet normal 0 0 -1
    outer loop
      vertex 2.9781296 -9.828415 0.8
      vertex 3.2583592 -9.717464 0.8
      vertex 2.4701824 -10.150768 0.8
    endloop
  endfacet
  facet normal 0 0 -1
    outer loop
      vertex 2.0583591 -10.589315 0.8
      vertex 2.2504754 -10.357087 0.8
      vertex 2.4701824 -10.150768 0.8
    endloop
  endfacet
  facet normal 0 0 -1
    outer loop
      vertex 1.6754004 -11.403144 0.8
      vertex 2.0583591 -10.589315 0.8
      vertex 2.0583591 -13.410685 0.8
    endloop
  endfacet
  facet normal 0 0 -1
    outer loop
      vertex 1.6754004 -11.403144 0.8
      vertex 1.7685364 -11.116501 0.8
      vertex 2.0583591 -10.589315 0.8
    endloop
  endfacet
  facet normal 0 0 -1
    outer loop
      vertex 2.0583591 -10.589315 0.8
      vertex 1.7685364 -11.116501 0.8
      vertex 1.8968639 -10.843791 0.8
    endloop
  endfacet
  facet normal 0 0 -1
    outer loop
      vertex 1.6 -12 0.8
      vertex 1.6754004 -11.403144 0.8
      vertex 1.6754004 -12.596856 0.8
    endloop
  endfacet
  facet normal 0 0 -1
    outer loop
      vertex 1.6 -12 0.8
      vertex 1.6189247 -11.699201 0.8
      vertex 1.6754004 -11.403144 0.8
    endloop
  endfacet
  facet normal 0 0 -1
    outer loop
      vertex 1.6754004 -12.596856 0.8
      vertex 1.6754004 -11.403144 0.8
      vertex 2.0583591 -13.410685 0.8
    endloop
  endfacet
  facet normal 0 0 -1
    outer loop
      vertex 1.6754004 -12.596856 0.8
      vertex 1.6189247 -12.300799 0.8
      vertex 1.6 -12 0.8
    endloop
  endfacet
  facet normal 0 0 -1
    outer loop
      vertex 2.0583591 -13.410685 0.8
      vertex 2.0583591 -10.589315 0.8
      vertex 3.2583592 -14.282536 0.8
    endloop
  endfacet
  facet normal 0 0 -1
    outer loop
      vertex 2.0583591 -13.410685 0.8
      vertex 1.8968639 -13.156209 0.8
      vertex 1.7685364 -12.883499 0.8
    endloop
  endfacet
  facet normal 0 0 -1
    outer loop
      vertex 2.0583591 -13.410685 0.8
      vertex 1.7685364 -12.883499 0.8
      vertex 1.6754004 -12.596856 0.8
    endloop
  endfacet
  facet normal 0 0 -1
    outer loop
      vertex 3.2583592 -14.282536 0.8
      vertex 2.0583591 -10.589315 0.8
      vertex 3.2583592 -9.717464 0.8
    endloop
  endfacet
  facet normal 0 0 -1
    outer loop
      vertex 3.2583592 -14.282536 0.8
      vertex 2.9781296 -14.171585 0.8
      vertex 2.4701824 -13.849232 0.8
    endloop
  endfacet
  facet normal 0 0 -1
    outer loop
      vertex 2.2504754 -13.642913 0.8
      vertex 2.0583591 -13.410685 0.8
      vertex 2.4701824 -13.849232 0.8
    endloop
  endfacet
  facet normal 0 0 -1
    outer loop
      vertex 2.0583591 -13.410685 0.8
      vertex 3.2583592 -14.282536 0.8
      vertex 2.4701824 -13.849232 0.8
    endloop
  endfacet
  facet normal 0 0 -1
    outer loop
      vertex 2.7140157 -14.026387 0.8
      vertex 2.4701824 -13.849232 0.8
      vertex 2.9781296 -14.171585 0.8
    endloop
  endfacet
  facet normal 0 0 -1
    outer loop
      vertex 3.2583592 -9.717464 0.8
      vertex 4.7416406 -14.282536 0.8
      vertex 3.2583592 -14.282536 0.8
    endloop
  endfacet
  facet normal 0 0 -1
    outer loop
      vertex 3.2583592 -14.282536 0.8
      vertex 4.7416406 -14.282536 0.8
      vertex 4.449715 -14.35749 0.8
    endloop
  endfacet
  facet normal 0 0 -1
    outer loop
      vertex 3.5502849 -14.35749 0.8
      vertex 3.2583592 -14.282536 0.8
      vertex 4.449715 -14.35749 0.8
    endloop
  endfacet
  facet normal 0 0 -1
    outer loop
      vertex 4.150697 -14.395264 0.8
      vertex 3.5502849 -14.35749 0.8
      vertex 4.449715 -14.35749 0.8
    endloop
  endfacet
  facet normal 0 0 -1
    outer loop
      vertex 4.150697 -14.395264 0.8
      vertex 3.8493028 -14.395264 0.8
      vertex 3.5502849 -14.35749 0.8
    endloop
  endfacet
  facet normal 0 0 1
    outer loop
      vertex 3.2583592 9.717464 2.6
      vertex 3.5502849 9.64251 2.6
      vertex 4.449715 9.64251 2.6
    endloop
  endfacet
  facet normal 0 0 1
    outer loop
      vertex -2.7140157 9.973613 2.6
      vertex -2.0583591 10.589315 2.6
      vertex -3.2583592 9.717464 2.6
    endloop
  endfacet
  facet normal 0 0 1
    outer loop
      vertex -2.0583591 10.589315 2.6
      vertex -2.4701824 10.150768 2.6
      vertex -2.2504754 10.357087 2.6
    endloop
  endfacet
  facet normal 0 0 1
    outer loop
      vertex -2.9781296 9.828415 2.6
      vertex -2.7140157 9.973613 2.6
      vertex -3.2583592 9.717464 2.6
    endloop
  endfacet
  facet normal 0 0 1
    outer loop
      vertex -1.6754004 3.4031444 2.6
      vertex -1.6754004 4.5968556 2.6
      vertex -1.7685364 4.883499 2.6
    endloop
  endfacet
  facet normal 0 0 1
    outer loop
      vertex -2.7140157 9.973613 2.6
      vertex -2.4701824 10.150768 2.6
      vertex -2.0583591 10.589315 2.6
    endloop
  endfacet
  facet normal 0 0 1
    outer loop
      vertex -1.7685364 11.116501 2.6
      vertex -2.0583591 10.589315 2.6
      vertex -1.8968639 10.843791 2.6
    endloop
  endfacet
  facet normal 0 0 1
    outer loop
      vertex -1.6754004 11.403144 2.6
      vertex -2.0583591 10.589315 2.6
      vertex -1.7685364 11.116501 2.6
    endloop
  endfacet
  facet normal 0 0 1
    outer loop
      vertex -1.6 12 2.6
      vertex -1.6754004 12.596856 2.6
      vertex -1.6754004 11.403144 2.6
    endloop
  endfacet
  facet normal 0 0 1
    outer loop
      vertex -1.6 12 2.6
      vertex -1.6754004 11.403144 2.6
      vertex -1.6189247 11.699201 2.6
    endloop
  endfacet
  facet normal 0 0 1
    outer loop
      vertex -1.6754004 12.596856 2.6
      vertex -2.0583591 13.410685 2.6
      vertex -1.6754004 11.403144 2.6
    endloop
  endfacet
  facet normal 0 0 1
    outer loop
      vertex -1.6754004 12.596856 2.6
      vertex -1.6 12 2.6
      vertex -1.6189247 12.300799 2.6
    endloop
  endfacet
  facet normal 0 0 1
    outer loop
      vertex -1.7685364 12.883499 2.6
      vertex -2.0583591 13.410685 2.6
      vertex -1.6754004 12.596856 2.6
    endloop
  endfacet
  facet normal 0 0 1
    outer loop
      vertex 2.7140157 14.026387 2.6
      vertex 2.4701824 13.849232 2.6
      vertex 2.9781296 14.171585 2.6
    endloop
  endfacet
  facet normal 0 0 1
    outer loop
      vertex -2.0583591 13.410685 2.6
      vertex -2.0583591 10.589315 2.6
      vertex -1.6754004 11.403144 2.6
    endloop
  endfacet
  facet normal 0 0 1
    outer loop
      vertex 4.150697 14.395264 2.6
      vertex 4.7416406 14.282536 2.6
      vertex 4.449715 14.35749 2.6
    endloop
  endfacet
  facet normal 0 0 1
    outer loop
      vertex -2.0583591 13.410685 2.6
      vertex -1.7685364 12.883499 2.6
      vertex -1.8968639 13.156209 2.6
    endloop
  endfacet
  facet normal 0 0 1
    outer loop
      vertex 5.941641 13.410685 2.6
      vertex 5.7495246 13.642913 2.6
      vertex 4.7416406 14.282536 2.6
    endloop
  endfacet
  facet normal 0 0 1
    outer loop
      vertex -3.2583592 14.282536 2.6
      vertex -2.0583591 10.589315 2.6
      vertex -2.0583591 13.410685 2.6
    endloop
  endfacet
  facet normal 0 0 1
    outer loop
      vertex 6.2314634 11.116501 2.6
      vertex 6.3245997 11.403144 2.6
      vertex 6.3810754 11.699201 2.6
    endloop
  endfacet
  facet normal 0 0 1
    outer loop
      vertex -2.4701824 13.849232 2.6
      vertex -2.0583591 13.410685 2.6
      vertex -2.2504754 13.642913 2.6
    endloop
  endfacet
  facet normal 0 0 1
    outer loop
      vertex 5.2859845 9.973613 2.6
      vertex 5.5298176 10.150768 2.6
      vertex 5.941641 10.589315 2.6
    endloop
  endfacet
  facet normal 0 0 1
    outer loop
      vertex -3.2583592 14.282536 2.6
      vertex -2.0583591 13.410685 2.6
      vertex -2.4701824 13.849232 2.6
    endloop
  endfacet
  facet normal 0 0 1
    outer loop
      vertex 5.02187 9.828415 2.6
      vertex 5.2859845 9.973613 2.6
      vertex 4.7416406 9.717464 2.6
    endloop
  endfacet
  facet normal 0 0 1
    outer loop
      vertex -3.2583592 14.282536 2.6
      vertex -2.4701824 13.849232 2.6
      vertex -2.9781296 14.171585 2.6
    endloop
  endfacet
  facet normal 0 0 1
    outer loop
      vertex 5.7495246 10.357087 2.6
      vertex 5.941641 10.589315 2.6
      vertex 5.5298176 10.150768 2.6
    endloop
  endfacet
  facet normal 0 0 1
    outer loop
      vertex -2.4701824 13.849232 2.6
      vertex -2.7140157 14.026387 2.6
      vertex -2.9781296 14.171585 2.6
    endloop
  endfacet
  facet normal 0 0 1
    outer loop
      vertex 5.2859845 9.973613 2.6
      vertex 5.941641 10.589315 2.6
      vertex 4.7416406 9.717464 2.6
    endloop
  endfacet
  facet normal 0 0 1
    outer loop
      vertex -3.2583592 9.717464 2.6
      vertex -2.0583591 10.589315 2.6
      vertex -3.2583592 14.282536 2.6
    endloop
  endfacet
  facet normal 0 0 1
    outer loop
      vertex 6.2314634 11.116501 2.6
      vertex 5.941641 10.589315 2.6
      vertex 6.103136 10.843791 2.6
    endloop
  endfacet
  facet normal 0 0 1
    outer loop
      vertex -4.449715 14.35749 2.6
      vertex -4.7416406 14.282536 2.6
      vertex -4.150697 14.395264 2.6
    endloop
  endfacet
  facet normal 0 0 1
    outer loop
      vertex 6.2314634 12.883499 2.6
      vertex 6.3810754 12.300799 2.6
      vertex 6.3245997 12.596856 2.6
    endloop
  endfacet
  facet normal 0 0 1
    outer loop
      vertex -4.7416406 14.282536 2.6
      vertex -3.8493028 14.395264 2.6
      vertex -4.150697 14.395264 2.6
    endloop
  endfacet
  facet normal 0 0 1
    outer loop
      vertex 5.5298176 13.849232 2.6
      vertex 4.7416406 14.282536 2.6
      vertex 5.7495246 13.642913 2.6
    endloop
  endfacet
  facet normal 0 0 1
    outer loop
      vertex -3.5502849 14.35749 2.6
      vertex -3.8493028 14.395264 2.6
      vertex -3.2583592 14.282536 2.6
    endloop
  endfacet
  facet normal 0 0 1
    outer loop
      vertex 3.2583592 14.282536 2.6
      vertex 4.7416406 14.282536 2.6
      vertex 4.150697 14.395264 2.6
    endloop
  endfacet
  facet normal 0 0 1
    outer loop
      vertex -4.7416406 14.282536 2.6
      vertex -3.2583592 14.282536 2.6
      vertex -3.8493028 14.395264 2.6
    endloop
  endfacet
  facet normal 0 0 1
    outer loop
      vertex -3.2583592 9.717464 2.6
      vertex -3.2583592 14.282536 2.6
      vertex -4.7416406 14.282536 2.6
    endloop
  endfacet
  facet normal 0 0 1
    outer loop
      vertex -5.941641 13.410685 2.6
      vertex -4.7416406 14.282536 2.6
      vertex -5.5298176 13.849232 2.6
    endloop
  endfacet
  facet normal 0 0 1
    outer loop
      vertex -4.7416406 14.282536 2.6
      vertex -5.02187 14.171585 2.6
      vertex -5.5298176 13.849232 2.6
    endloop
  endfacet
  facet normal 0 0 1
    outer loop
      vertex -5.02187 14.171585 2.6
      vertex -5.2859845 14.026387 2.6
      vertex -5.5298176 13.849232 2.6
    endloop
  endfacet
  facet normal 0 0 1
    outer loop
      vertex -5.941641 13.410685 2.6
      vertex -5.5298176 13.849232 2.6
      vertex -5.7495246 13.642913 2.6
    endloop
  endfacet
  facet normal 0 0 1
    outer loop
      vertex -6.3245997 12.596856 2.6
      vertex -5.941641 10.589315 2.6
      vertex -5.941641 13.410685 2.6
    endloop
  endfacet
  facet normal 0 0 1
    outer loop
      vertex -6.2314634 12.883499 2.6
      vertex -5.941641 13.410685 2.6
      vertex -6.103136 13.156209 2.6
    endloop
  endfacet
  facet normal 0 0 1
    outer loop
      vertex -6.3245997 12.596856 2.6
      vertex -5.941641 13.410685 2.6
      vertex -6.2314634 12.883499 2.6
    endloop
  endfacet
  facet normal 0 0 1
    outer loop
      vertex -6.3810754 12.300799 2.6
      vertex -6.3245997 11.403144 2.6
      vertex -6.3245997 12.596856 2.6
    endloop
  endfacet
  facet normal 0 0 1
    outer loop
      vertex -6.3810754 11.699201 2.6
      vertex -6.3245997 11.403144 2.6
      vertex -6.3810754 12.300799 2.6
    endloop
  endfacet
  facet normal 0 0 1
    outer loop
      vertex -6.3810754 11.699201 2.6
      vertex -6.3810754 12.300799 2.6
      vertex -6.4 12 2.6
    endloop
  endfacet
  facet normal 0 0 1
    outer loop
      vertex -6.3245997 11.403144 2.6
      vertex -5.941641 10.589315 2.6
      vertex -6.3245997 12.596856 2.6
    endloop
  endfacet
  facet normal 0 0 1
    outer loop
      vertex -5.941641 10.589315 2.6
      vertex -4.7416406 9.717464 2.6
      vertex -5.941641 13.410685 2.6
    endloop
  endfacet
  facet normal 0 0 1
    outer loop
      vertex -6.103136 10.843791 2.6
      vertex -5.941641 10.589315 2.6
      vertex -6.2314634 11.116501 2.6
    endloop
  endfacet
  facet normal 0 0 1
    outer loop
      vertex -5.941641 10.589315 2.6
      vertex -6.3245997 11.403144 2.6
      vertex -6.2314634 11.116501 2.6
    endloop
  endfacet
  facet normal 0 0 1
    outer loop
      vertex -4.7416406 9.717464 2.6
      vertex -4.7416406 14.282536 2.6
      vertex -5.941641 13.410685 2.6
    endloop
  endfacet
  facet normal 0 0 1
    outer loop
      vertex -5.02187 6.171585 2.6
      vertex -5.2859845 6.026387 2.6
      vertex -4.7416406 6.2825356 2.6
    endloop
  endfacet
  facet normal 0 0 1
    outer loop
      vertex -5.02187 9.828415 2.6
      vertex -4.7416406 9.717464 2.6
      vertex -5.5298176 10.150768 2.6
    endloop
  endfacet
  facet normal 0 0 1
    outer loop
      vertex -5.941641 10.589315 2.6
      vertex -5.7495246 10.357087 2.6
      vertex -5.5298176 10.150768 2.6
    endloop
  endfacet
  facet normal 0 0 1
    outer loop
      vertex -4.7416406 9.717464 2.6
      vertex -5.941641 10.589315 2.6
      vertex -5.5298176 10.150768 2.6
    endloop
  endfacet
  facet normal 0 0 1
    outer loop
      vertex -6.2314634 4.883499 2.6
      vertex -4.7416406 6.2825356 2.6
      vertex -5.5298176 5.8492317 2.6
    endloop
  endfacet
  facet normal 0 0 1
    outer loop
      vertex -5.5298176 10.150768 2.6
      vertex -5.2859845 9.973613 2.6
      vertex -5.02187 9.828415 2.6
    endloop
  endfacet
  facet normal 0 0 1
    outer loop
      vertex -3.5502849 6.3574896 2.6
      vertex -4.150697 6.395264 2.6
      vertex -4.7416406 6.2825356 2.6
    endloop
  endfacet
  facet normal 0 0 1
    outer loop
      vertex -3.2583592 9.717464 2.6
      vertex -4.7416406 14.282536 2.6
      vertex -4.7416406 9.717464 2.6
    endloop
  endfacet
  facet normal 0 0 1
    outer loop
      vertex -4.7416406 6.2825356 2.6
      vertex -4.150697 6.395264 2.6
      vertex -4.449715 6.3574896 2.6
    endloop
  endfacet
  facet normal 0 0 1
    outer loop
      vertex -3.2583592 9.717464 2.6
      vertex -4.7416406 9.717464 2.6
      vertex -4.449715 9.64251 2.6
    endloop
  endfacet
  facet normal 0 0 1
    outer loop
      vertex -3.2583592 1.7174643 2.6
      vertex -3.2583592 6.2825356 2.6
      vertex -4.7416406 6.2825356 2.6
    endloop
  endfacet
  facet normal 0 0 1
    outer loop
      vertex -3.2583592 9.717464 2.6
      vertex -4.449715 9.64251 2.6
      vertex -3.5502849 9.64251 2.6
    endloop
  endfacet
  facet normal 0 0 1
    outer loop
      vertex -2.7140157 6.026387 2.6
      vertex -2.9781296 6.171585 2.6
      vertex -2.4701824 5.8492317 2.6
    endloop
  endfacet
  facet normal 0 0 1
    outer loop
      vertex -4.449715 9.64251 2.6
      vertex -3.8493028 9.604736 2.6
      vertex -3.5502849 9.64251 2.6
    endloop
  endfacet
  facet normal 0 0 1
    outer loop
      vertex -1.7685364 4.883499 2.6
      vertex -2.4701824 5.8492317 2.6
      vertex -3.2583592 6.2825356 2.6
    endloop
  endfacet
  facet normal 0 0 1
    outer loop
      vertex -4.150697 9.604736 2.6
      vertex -3.8493028 9.604736 2.6
      vertex -4.449715 9.64251 2.6
    endloop
  endfacet
  facet normal 0 0 1
    outer loop
      vertex -1.6754004 3.4031444 2.6
      vertex -1.7685364 4.883499 2.6
      vertex -3.2583592 6.2825356 2.6
    endloop
  endfacet
  facet normal 0 0 1
    outer loop
      vertex -1.8968639 2.8437912 2.6
      vertex -1.7685364 3.116501 2.6
      vertex -1.6754004 3.4031444 2.6
    endloop
  endfacet
  facet normal 0 0 1
    outer loop
      vertex -2.0583591 5.4106846 2.6
      vertex -2.2504754 5.642913 2.6
      vertex -1.7685364 4.883499 2.6
    endloop
  endfacet
  facet normal 0 0 1
    outer loop
      vertex -3.2583592 6.2825356 2.6
      vertex -3.5502849 6.3574896 2.6
      vertex -4.7416406 6.2825356 2.6
    endloop
  endfacet
  facet normal 0 0 1
    outer loop
      vertex 5.941641 10.589315 2.6
      vertex 6.2314634 11.116501 2.6
      vertex 4.7416406 9.717464 2.6
    endloop
  endfacet
  facet normal 0 0 1
    outer loop
      vertex 6.4 12 2.6
      vertex 6.3810754 12.300799 2.6
      vertex 6.3810754 11.699201 2.6
    endloop
  endfacet
  facet normal 0 0 1
    outer loop
      vertex 6.3810754 12.300799 2.6
      vertex 6.2314634 12.883499 2.6
      vertex 6.3810754 11.699201 2.6
    endloop
  endfacet
  facet normal 0 0 1
    outer loop
      vertex 5.5298176 5.8492317 2.6
      vertex 4.7416406 6.2825356 2.6
      vertex 5.7495246 5.642913 2.6
    endloop
  endfacet
  facet normal 0 0 1
    outer loop
      vertex 6.3810754 11.699201 2.6
      vertex 6.2314634 12.883499 2.6
      vertex 6.2314634 11.116501 2.6
    endloop
  endfacet
  facet normal 0 0 1
    outer loop
      vertex 5.5298176 2.1507683 2.6
      vertex 5.02187 1.828415 2.6
      vertex 5.2859845 1.973613 2.6
    endloop
  endfacet
  facet normal 0 0 1
    outer loop
      vertex 6.2314634 12.883499 2.6
      vertex 4.7416406 14.282536 2.6
      vertex 6.2314634 11.116501 2.6
    endloop
  endfacet
  facet normal 0 0 1
    outer loop
      vertex 6.3245997 4.5968556 2.6
      vertex 6.2314634 4.883499 2.6
      vertex 6.3810754 4.3008 2.6
    endloop
  endfacet
  facet normal 0 0 1
    outer loop
      vertex 5.941641 13.410685 2.6
      vertex 4.7416406 14.282536 2.6
      vertex 6.2314634 12.883499 2.6
    endloop
  endfacet
  facet normal 0 0 1
    outer loop
      vertex 6.3245997 3.4031444 2.6
      vertex 6.2314634 4.883499 2.6
      vertex 6.2314634 3.116501 2.6
    endloop
  endfacet
  facet normal 0 0 1
    outer loop
      vertex 5.941641 13.410685 2.6
      vertex 6.2314634 12.883499 2.6
      vertex 6.103136 13.156209 2.6
    endloop
  endfacet
  facet normal 0 0 1
    outer loop
      vertex 6.3810754 4.3008 2.6
      vertex 6.3810754 3.6992002 2.6
      vertex 6.4 4 2.6
    endloop
  endfacet
  facet normal 0 0 1
    outer loop
      vertex 4.7416406 14.282536 2.6
      vertex 5.5298176 13.849232 2.6
      vertex 5.02187 14.171585 2.6
    endloop
  endfacet
  facet normal 0 0 1
    outer loop
      vertex 5.7495246 5.642913 2.6
      vertex 4.7416406 6.2825356 2.6
      vertex 6.2314634 4.883499 2.6
    endloop
  endfacet
  facet normal 0 0 1
    outer loop
      vertex 5.5298176 13.849232 2.6
      vertex 5.2859845 14.026387 2.6
      vertex 5.02187 14.171585 2.6
    endloop
  endfacet
  facet normal 0 0 1
    outer loop
      vertex 4.7416406 9.717464 2.6
      vertex 6.2314634 11.116501 2.6
      vertex 4.7416406 14.282536 2.6
    endloop
  endfacet
  facet normal 0 0 1
    outer loop
      vertex 3.5502849 14.35749 2.6
      vertex 3.2583592 14.282536 2.6
      vertex 3.8493028 14.395264 2.6
    endloop
  endfacet
  facet normal 0 0 1
    outer loop
      vertex 3.2583592 14.282536 2.6
      vertex 4.150697 14.395264 2.6
      vertex 3.8493028 14.395264 2.6
    endloop
  endfacet
  facet normal 0 0 1
    outer loop
      vertex 4.7416406 14.282536 2.6
      vertex 3.2583592 14.282536 2.6
      vertex 4.7416406 9.717464 2.6
    endloop
  endfacet
  facet normal 0 0 1
    outer loop
      vertex 3.2583592 14.282536 2.6
      vertex 2.4701824 13.849232 2.6
      vertex 2.0583591 13.410685 2.6
    endloop
  endfacet
  facet normal 0 0 1
    outer loop
      vertex 2.9781296 14.171585 2.6
      vertex 2.4701824 13.849232 2.6
      vertex 3.2583592 14.282536 2.6
    endloop
  endfacet
  facet normal 0 0 1
    outer loop
      vertex 2.0583591 13.410685 2.6
      vertex 2.4701824 13.849232 2.6
      vertex 2.2504754 13.642913 2.6
    endloop
  endfacet
  facet normal 0 0 1
    outer loop
      vertex 1.6754004 12.596856 2.6
      vertex 2.0583591 10.589315 2.6
      vertex 2.0583591 13.410685 2.6
    endloop
  endfacet
  facet normal 0 0 1
    outer loop
      vertex 2.0583591 13.410685 2.6
      vertex 1.7685364 12.883499 2.6
      vertex 1.6754004 12.596856 2.6
    endloop
  endfacet
  facet normal 0 0 1
    outer loop
      vertex 1.8968639 13.156209 2.6
      vertex 1.7685364 12.883499 2.6
      vertex 2.0583591 13.410685 2.6
    endloop
  endfacet
  facet normal 0 0 1
    outer loop
      vertex 1.6754004 11.403144 2.6
      vertex 1.6754004 12.596856 2.6
      vertex 1.6 12 2.6
    endloop
  endfacet
  facet normal 0 0 1
    outer loop
      vertex 1.6754004 12.596856 2.6
      vertex 1.6189247 12.300799 2.6
      vertex 1.6 12 2.6
    endloop
  endfacet
  facet normal 0 0 1
    outer loop
      vertex 2.0583591 10.589315 2.6
      vertex 1.6754004 12.596856 2.6
      vertex 1.6754004 11.403144 2.6
    endloop
  endfacet
  facet normal 0 0 1
    outer loop
      vertex 1.6 12 2.6
      vertex 1.6189247 11.699201 2.6
      vertex 1.6754004 11.403144 2.6
    endloop
  endfacet
  facet normal 0 0 1
    outer loop
      vertex 3.2583592 9.717464 2.6
      vertex 2.0583591 13.410685 2.6
      vertex 2.0583591 10.589315 2.6
    endloop
  endfacet
  facet normal 0 0 1
    outer loop
      vertex 2.0583591 10.589315 2.6
      vertex 1.7685364 11.116501 2.6
      vertex 1.8968639 10.843791 2.6
    endloop
  endfacet
  facet normal 0 0 1
    outer loop
      vertex 1.6754004 11.403144 2.6
      vertex 1.7685364 11.116501 2.6
      vertex 2.0583591 10.589315 2.6
    endloop
  endfacet
  facet normal 0 0 1
    outer loop
      vertex 3.2583592 14.282536 2.6
      vertex 2.0583591 13.410685 2.6
      vertex 3.2583592 9.717464 2.6
    endloop
  endfacet
  facet normal 0 0 1
    outer loop
      vertex 3.2583592 9.717464 2.6
      vertex 2.4701824 10.150768 2.6
      vertex 2.9781296 9.828415 2.6
    endloop
  endfacet
  facet normal 0 0 1
    outer loop
      vertex 2.2504754 10.357087 2.6
      vertex 2.4701824 10.150768 2.6
      vertex 2.0583591 10.589315 2.6
    endloop
  endfacet
  facet normal 0 0 1
    outer loop
      vertex -1.8968639 2.8437912 2.6
      vertex -2.9781296 1.828415 2.6
      vertex -2.0583591 2.5893154 2.6
    endloop
  endfacet
  facet normal 0 0 1
    outer loop
      vertex 2.0583591 10.589315 2.6
      vertex 2.4701824 10.150768 2.6
      vertex 3.2583592 9.717464 2.6
    endloop
  endfacet
  facet normal 0 0 1
    outer loop
      vertex -2.4701824 2.1507683 2.6
      vertex -2.2504754 2.357087 2.6
      vertex -2.0583591 2.5893154 2.6
    endloop
  endfacet
  facet normal 0 0 1
    outer loop
      vertex 2.7140157 9.973613 2.6
      vertex 2.9781296 9.828415 2.6
      vertex 2.4701824 10.150768 2.6
    endloop
  endfacet
  facet normal 0 0 1
    outer loop
      vertex -3.2583592 1.7174643 2.6
      vertex -2.9781296 1.828415 2.6
      vertex -1.8968639 2.8437912 2.6
    endloop
  endfacet
  facet normal 0 0 1
    outer loop
      vertex 3.2583592 14.282536 2.6
      vertex 3.2583592 9.717464 2.6
      vertex 4.7416406 9.717464 2.6
    endloop
  endfacet
  facet normal 0 0 1
    outer loop
      vertex -2.4701824 2.1507683 2.6
      vertex -2.0583591 2.5893154 2.6
      vertex -2.9781296 1.828415 2.6
    endloop
  endfacet
  facet normal 0 0 1
    outer loop
      vertex 3.2583592 9.717464 2.6
      vertex 4.449715 9.64251 2.6
      vertex 4.7416406 9.717464 2.6
    endloop
  endfacet
  facet normal 0 0 1
    outer loop
      vertex -3.2583592 1.7174643 2.6
      vertex -1.8968639 2.8437912 2.6
      vertex -1.6754004 3.4031444 2.6
    endloop
  endfacet
  facet normal 0 0 1
    outer loop
      vertex 3.5502849 9.64251 2.6
      vertex 4.150697 9.604736 2.6
      vertex 4.449715 9.64251 2.6
    endloop
  endfacet
  facet normal 0 0 1
    outer loop
      vertex -1.6189247 3.6992002 2.6
      vertex -1.6 4 2.6
      vertex -1.6754004 3.4031444 2.6
    endloop
  endfacet
  facet normal 0 0 1
    outer loop
      vertex -2.7140157 1.973613 2.6
      vertex -2.4701824 2.1507683 2.6
      vertex -2.9781296 1.828415 2.6
    endloop
  endfacet
  facet normal 0 0 1
    outer loop
      vertex 3.5502849 9.64251 2.6
      vertex 3.8493028 9.604736 2.6
      vertex 4.150697 9.604736 2.6
    endloop
  endfacet
  facet normal 0 0 1
    outer loop
      vertex -1.6189247 4.3008 2.6
      vertex -1.6754004 4.5968556 2.6
      vertex -1.6 4 2.6
    endloop
  endfacet
  facet normal 0 0 1
    outer loop
      vertex -1.6 -4 2.6
      vertex -1.6189247 -3.6992002 2.6
      vertex -1.6754004 -3.4031444 2.6
    endloop
  endfacet
  facet normal 0 0 1
    outer loop
      vertex -1.6 4 2.6
      vertex -1.6754004 4.5968556 2.6
      vertex -1.6754004 3.4031444 2.6
    endloop
  endfacet
  facet normal 0 0 1
    outer loop
      vertex -2.2504754 -5.642913 2.6
      vertex -2.7140157 -6.026387 2.6
      vertex -2.4701824 -5.8492317 2.6
    endloop
  endfacet
  facet normal 0 0 1
    outer loop
      vertex 6.3245997 3.4031444 2.6
      vertex 6.3810754 3.6992002 2.6
      vertex 6.2314634 4.883499 2.6
    endloop
  endfacet
  facet normal 0 0 1
    outer loop
      vertex -2.2504754 -5.642913 2.6
      vertex -2.9781296 -6.171585 2.6
      vertex -2.7140157 -6.026387 2.6
    endloop
  endfacet
  facet normal 0 0 1
    outer loop
      vertex 6.103136 2.8437912 2.6
      vertex 6.2314634 3.116501 2.6
      vertex 5.941641 2.5893154 2.6
    endloop
  endfacet
  facet normal 0 0 1
    outer loop
      vertex -2.9781296 -6.171585 2.6
      vertex -2.0583591 -5.4106846 2.6
      vertex -3.2583592 -6.2825356 2.6
    endloop
  endfacet
  facet normal 0 0 1
    outer loop
      vertex 5.941641 2.5893154 2.6
      vertex 5.02187 1.828415 2.6
      vertex 5.5298176 2.1507683 2.6
    endloop
  endfacet
  facet normal 0 0 1
    outer loop
      vertex -3.2583592 -6.2825356 2.6
      vertex -2.0583591 -5.4106846 2.6
      vertex -3.5502849 -6.3574896 2.6
    endloop
  endfacet
  facet normal 0 0 1
    outer loop
      vertex 5.941641 2.5893154 2.6
      vertex 5.5298176 2.1507683 2.6
      vertex 5.7495246 2.357087 2.6
    endloop
  endfacet
  facet normal 0 0 1
    outer loop
      vertex -1.7685364 -3.116501 2.6
      vertex -1.8968639 -2.8437912 2.6
      vertex -2.4701824 -2.1507683 2.6
    endloop
  endfacet
  facet normal 0 0 1
    outer loop
      vertex 5.941641 2.5893154 2.6
      vertex 6.2314634 3.116501 2.6
      vertex 5.02187 1.828415 2.6
    endloop
  endfacet
  facet normal 0 0 1
    outer loop
      vertex 6.2314634 4.883499 2.6
      vertex 6.3810754 3.6992002 2.6
      vertex 6.3810754 4.3008 2.6
    endloop
  endfacet
  facet normal 0 0 1
    outer loop
      vertex 6.2314634 3.116501 2.6
      vertex 4.7416406 1.7174643 2.6
      vertex 5.02187 1.828415 2.6
    endloop
  endfacet
  facet normal 0 0 1
    outer loop
      vertex 6.2314634 3.116501 2.6
      vertex 6.2314634 4.883499 2.6
      vertex 4.7416406 1.7174643 2.6
    endloop
  endfacet
  facet normal 0 0 1
    outer loop
      vertex -1.8968639 5.156209 2.6
      vertex -2.0583591 5.4106846 2.6
      vertex -1.7685364 4.883499 2.6
    endloop
  endfacet
  facet normal 0 0 1
    outer loop
      vertex 1.8968639 2.8437912 2.6
      vertex 1.6754004 3.4031444 2.6
      vertex 1.7685364 3.116501 2.6
    endloop
  endfacet
  facet normal 0 0 1
    outer loop
      vertex 1.6754004 3.4031444 2.6
      vertex 1.6 4 2.6
      vertex 1.6189247 3.6992002 2.6
    endloop
  endfacet
  facet normal 0 0 1
    outer loop
      vertex 1.7685364 4.883499 2.6
      vertex 1.6754004 4.5968556 2.6
      vertex 1.6189247 4.3008 2.6
    endloop
  endfacet
  facet normal 0 0 1
    outer loop
      vertex 5.02187 6.171585 2.6
      vertex 5.5298176 5.8492317 2.6
      vertex 5.2859845 6.026387 2.6
    endloop
  endfacet
  facet normal 0 0 1
    outer loop
      vertex 2.2504754 5.642913 2.6
      vertex 2.0583591 5.4106846 2.6
      vertex 2.4701824 5.8492317 2.6
    endloop
  endfacet
  facet normal 0 0 1
    outer loop
      vertex 2.9781296 6.171585 2.6
      vertex 2.7140157 6.026387 2.6
      vertex 3.2583592 6.2825356 2.6
    endloop
  endfacet
  facet normal 0 0 1
    outer loop
      vertex 6.2314634 4.883499 2.6
      vertex 6.103136 5.156209 2.6
      vertex 5.941641 5.4106846 2.6
    endloop
  endfacet
  facet normal 0 0 1
    outer loop
      vertex 4.449715 6.3574896 2.6
      vertex 4.150697 6.395264 2.6
      vertex 4.7416406 6.2825356 2.6
    endloop
  endfacet
  facet normal 0 0 1
    outer loop
      vertex 2.4701824 5.8492317 2.6
      vertex 3.2583592 6.2825356 2.6
      vertex 2.7140157 6.026387 2.6
    endloop
  endfacet
  facet normal 0 0 1
    outer loop
      vertex -2.4701824 5.8492317 2.6
      vertex -1.7685364 4.883499 2.6
      vertex -2.2504754 5.642913 2.6
    endloop
  endfacet
  facet normal 0 0 1
    outer loop
      vertex -2.4701824 5.8492317 2.6
      vertex -2.9781296 6.171585 2.6
      vertex -3.2583592 6.2825356 2.6
    endloop
  endfacet
  facet normal 0 0 1
    outer loop
      vertex -1.6754004 3.4031444 2.6
      vertex -3.2583592 6.2825356 2.6
      vertex -3.2583592 1.7174643 2.6
    endloop
  endfacet
  facet normal 0 0 1
    outer loop
      vertex -3.5502849 6.3574896 2.6
      vertex -3.8493028 6.395264 2.6
      vertex -4.150697 6.395264 2.6
    endloop
  endfacet
  facet normal 0 0 1
    outer loop
      vertex -5.5298176 5.8492317 2.6
      vertex -4.7416406 6.2825356 2.6
      vertex -5.2859845 6.026387 2.6
    endloop
  endfacet
  facet normal 0 0 1
    outer loop
      vertex -6.2314634 4.883499 2.6
      vertex -5.5298176 5.8492317 2.6
      vertex -5.941641 5.4106846 2.6
    endloop
  endfacet
  facet normal 0 0 1
    outer loop
      vertex -6.2314634 4.883499 2.6
      vertex -5.941641 5.4106846 2.6
      vertex -6.103136 5.156209 2.6
    endloop
  endfacet
  facet normal 0 0 1
    outer loop
      vertex -5.7495246 5.642913 2.6
      vertex -5.941641 5.4106846 2.6
      vertex -5.5298176 5.8492317 2.6
    endloop
  endfacet
  facet normal 0 0 1
    outer loop
      vertex -6.103136 2.8437912 2.6
      vertex -4.7416406 1.7174643 2.6
      vertex -6.2314634 4.883499 2.6
    endloop
  endfacet
  facet normal 0 0 1
    outer loop
      vertex -6.3810754 4.3008 2.6
      vertex -6.2314634 4.883499 2.6
      vertex -6.3245997 4.5968556 2.6
    endloop
  endfacet
  facet normal 0 0 1
    outer loop
      vertex -6.3810754 3.6992002 2.6
      vertex -6.3245997 3.4031444 2.6
      vertex -6.3810754 4.3008 2.6
    endloop
  endfacet
  facet normal 0 0 1
    outer loop
      vertex -6.3245997 3.4031444 2.6
      vertex -6.2314634 4.883499 2.6
      vertex -6.3810754 4.3008 2.6
    endloop
  endfacet
  facet normal 0 0 1
    outer loop
      vertex -6.103136 2.8437912 2.6
      vertex -6.2314634 4.883499 2.6
      vertex -6.3245997 3.4031444 2.6
    endloop
  endfacet
  facet normal 0 0 1
    outer loop
      vertex -6.4 4 2.6
      vertex -6.3810754 3.6992002 2.6
      vertex -6.3810754 4.3008 2.6
    endloop
  endfacet
  facet normal 0 0 1
    outer loop
      vertex -6.103136 2.8437912 2.6
      vertex -6.3245997 3.4031444 2.6
      vertex -6.2314634 3.116501 2.6
    endloop
  endfacet
  facet normal 0 0 1
    outer loop
      vertex -4.7416406 1.7174643 2.6
      vertex -4.7416406 6.2825356 2.6
      vertex -6.2314634 4.883499 2.6
    endloop
  endfacet
  facet normal 0 0 1
    outer loop
      vertex -5.2859845 1.973613 2.6
      vertex -6.103136 2.8437912 2.6
      vertex -5.941641 2.5893154 2.6
    endloop
  endfacet
  facet normal 0 0 1
    outer loop
      vertex -6.103136 -2.8437912 2.6
      vertex -5.2859845 -1.973613 2.6
      vertex -5.941641 -2.5893154 2.6
    endloop
  endfacet
  facet normal 0 0 1
    outer loop
      vertex -5.2859845 1.973613 2.6
      vertex -5.941641 2.5893154 2.6
      vertex -5.5298176 2.1507683 2.6
    endloop
  endfacet
  facet normal 0 0 1
    outer loop
      vertex -5.941641 2.5893154 2.6
      vertex -5.7495246 2.357087 2.6
      vertex -5.5298176 2.1507683 2.6
    endloop
  endfacet
  facet normal 0 0 1
    outer loop
      vertex -5.02187 1.828415 2.6
      vertex -4.7416406 1.7174643 2.6
      vertex -5.2859845 1.973613 2.6
    endloop
  endfacet
  facet normal 0 0 1
    outer loop
      vertex -4.7416406 -1.7174643 2.6
      vertex -5.02187 -1.828415 2.6
      vertex -5.2859845 -1.973613 2.6
    endloop
  endfacet
  facet normal 0 0 1
    outer loop
      vertex -4.7416406 1.7174643 2.6
      vertex -6.103136 2.8437912 2.6
      vertex -5.2859845 1.973613 2.6
    endloop
  endfacet
  facet normal 0 0 1
    outer loop
      vertex -3.2583592 -1.7174643 2.6
      vertex -3.8493028 -1.6047359 2.6
      vertex -4.7416406 -1.7174643 2.6
    endloop
  endfacet
  facet normal 0 0 1
    outer loop
      vertex -3.2583592 1.7174643 2.6
      vertex -4.7416406 6.2825356 2.6
      vertex -4.7416406 1.7174643 2.6
    endloop
  endfacet
  facet normal 0 0 1
    outer loop
      vertex -4.7416406 -1.7174643 2.6
      vertex -4.150697 -1.6047359 2.6
      vertex -4.449715 -1.6425107 2.6
    endloop
  endfacet
  facet normal 0 0 1
    outer loop
      vertex -3.2583592 1.7174643 2.6
      vertex -4.7416406 1.7174643 2.6
      vertex -4.449715 1.6425107 2.6
    endloop
  endfacet
  facet normal 0 0 1
    outer loop
      vertex -3.2583592 -1.7174643 2.6
      vertex -3.5502849 -1.6425107 2.6
      vertex -3.8493028 -1.6047359 2.6
    endloop
  endfacet
  facet normal 0 0 1
    outer loop
      vertex -3.2583592 1.7174643 2.6
      vertex -4.449715 1.6425107 2.6
      vertex -3.5502849 1.6425107 2.6
    endloop
  endfacet
  facet normal 0 0 1
    outer loop
      vertex -1.7685364 -3.116501 2.6
      vertex -2.4701824 -2.1507683 2.6
      vertex -3.2583592 -1.7174643 2.6
    endloop
  endfacet
  facet normal 0 0 1
    outer loop
      vertex -4.449715 1.6425107 2.6
      vertex -3.8493028 1.6047359 2.6
      vertex -3.5502849 1.6425107 2.6
    endloop
  endfacet
  facet normal 0 0 1
    outer loop
      vertex -3.2583592 -1.7174643 2.6
      vertex -2.4701824 -2.1507683 2.6
      vertex -2.9781296 -1.828415 2.6
    endloop
  endfacet
  facet normal 0 0 1
    outer loop
      vertex -4.150697 1.6047359 2.6
      vertex -3.8493028 1.6047359 2.6
      vertex -4.449715 1.6425107 2.6
    endloop
  endfacet
  facet normal 0 0 1
    outer loop
      vertex -1.6754004 -4.5968556 2.6
      vertex -1.7685364 -3.116501 2.6
      vertex -3.5502849 -6.3574896 2.6
    endloop
  endfacet
  facet normal 0 0 1
    outer loop
      vertex -2.0583591 -5.4106846 2.6
      vertex -1.8968639 -5.156209 2.6
      vertex -1.6754004 -4.5968556 2.6
    endloop
  endfacet
  facet normal 0 0 1
    outer loop
      vertex -1.7685364 -3.116501 2.6
      vertex -1.6754004 -4.5968556 2.6
      vertex -1.6 -4 2.6
    endloop
  endfacet
  facet normal 0 0 1
    outer loop
      vertex -2.9781296 -6.171585 2.6
      vertex -2.2504754 -5.642913 2.6
      vertex -2.0583591 -5.4106846 2.6
    endloop
  endfacet
  facet normal 0 0 1
    outer loop
      vertex -2.4701824 -2.1507683 2.6
      vertex -1.8968639 -2.8437912 2.6
      vertex -2.2504754 -2.357087 2.6
    endloop
  endfacet
  facet normal 0 0 1
    outer loop
      vertex 5.7495246 5.642913 2.6
      vertex 6.2314634 4.883499 2.6
      vertex 5.941641 5.4106846 2.6
    endloop
  endfacet
  facet normal 0 0 1
    outer loop
      vertex 4.7416406 6.2825356 2.6
      vertex 5.5298176 5.8492317 2.6
      vertex 5.02187 6.171585 2.6
    endloop
  endfacet
  facet normal 0 0 1
    outer loop
      vertex 5.02187 -1.828415 2.6
      vertex 4.7416406 -1.7174643 2.6
      vertex 5.7495246 -2.357087 2.6
    endloop
  endfacet
  facet normal 0 0 1
    outer loop
      vertex 5.5298176 -5.8492317 2.6
      vertex 5.7495246 -5.642913 2.6
      vertex 5.2859845 -6.026387 2.6
    endloop
  endfacet
  facet normal 0 0 1
    outer loop
      vertex 6.3245997 -3.4031444 2.6
      vertex 6.2314634 -3.116501 2.6
      vertex 6.3810754 -3.6992002 2.6
    endloop
  endfacet
  facet normal 0 0 1
    outer loop
      vertex 6.3810754 -3.6992002 2.6
      vertex 6.3810754 -4.3008 2.6
      vertex 6.4 -4 2.6
    endloop
  endfacet
  facet normal 0 0 1
    outer loop
      vertex 6.3810754 -4.3008 2.6
      vertex 6.3810754 -3.6992002 2.6
      vertex 6.2314634 -3.116501 2.6
    endloop
  endfacet
  facet normal 0 0 1
    outer loop
      vertex 4.449715 -6.3574896 2.6
      vertex 6.2314634 -4.883499 2.6
      vertex 6.2314634 -3.116501 2.6
    endloop
  endfacet
  facet normal 0 0 1
    outer loop
      vertex 4.7416406 6.2825356 2.6
      vertex 3.2583592 6.2825356 2.6
      vertex 6.2314634 4.883499 2.6
    endloop
  endfacet
  facet normal 0 0 1
    outer loop
      vertex 4.7416406 6.2825356 2.6
      vertex 3.5502849 6.3574896 2.6
      vertex 3.2583592 6.2825356 2.6
    endloop
  endfacet
  facet normal 0 0 1
    outer loop
      vertex 4.150697 6.395264 2.6
      vertex 3.5502849 6.3574896 2.6
      vertex 4.7416406 6.2825356 2.6
    endloop
  endfacet
  facet normal 0 0 1
    outer loop
      vertex 4.150697 6.395264 2.6
      vertex 3.8493028 6.395264 2.6
      vertex 3.5502849 6.3574896 2.6
    endloop
  endfacet
  facet normal 0 0 1
    outer loop
      vertex 3.2583592 1.7174643 2.6
      vertex 6.2314634 4.883499 2.6
      vertex 3.2583592 6.2825356 2.6
    endloop
  endfacet
  facet normal 0 0 1
    outer loop
      vertex 2.4701824 5.8492317 2.6
      vertex 1.7685364 4.883499 2.6
      vertex 3.2583592 6.2825356 2.6
    endloop
  endfacet
  facet normal 0 0 1
    outer loop
      vertex 2.4701824 5.8492317 2.6
      vertex 2.0583591 5.4106846 2.6
      vertex 1.7685364 4.883499 2.6
    endloop
  endfacet
  facet normal 0 0 1
    outer loop
      vertex 2.0583591 5.4106846 2.6
      vertex 1.8968639 5.156209 2.6
      vertex 1.7685364 4.883499 2.6
    endloop
  endfacet
  facet normal 0 0 1
    outer loop
      vertex 1.8968639 2.8437912 2.6
      vertex 3.2583592 1.7174643 2.6
      vertex 1.7685364 4.883499 2.6
    endloop
  endfacet
  facet normal 0 0 1
    outer loop
      vertex 1.6 4 2.6
      vertex 1.7685364 4.883499 2.6
      vertex 1.6189247 4.3008 2.6
    endloop
  endfacet
  facet normal 0 0 1
    outer loop
      vertex 1.6754004 3.4031444 2.6
      vertex 1.8968639 2.8437912 2.6
      vertex 1.6 4 2.6
    endloop
  endfacet
  facet normal 0 0 1
    outer loop
      vertex 1.8968639 2.8437912 2.6
      vertex 1.7685364 4.883499 2.6
      vertex 1.6 4 2.6
    endloop
  endfacet
  facet normal 0 0 1
    outer loop
      vertex 3.2583592 6.2825356 2.6
      vertex 1.7685364 4.883499 2.6
      vertex 3.2583592 1.7174643 2.6
    endloop
  endfacet
  facet normal 0 0 1
    outer loop
      vertex 1.8968639 2.8437912 2.6
      vertex 2.0583591 2.5893154 2.6
      vertex 2.7140157 1.973613 2.6
    endloop
  endfacet
  facet normal 0 0 1
    outer loop
      vertex 2.4701824 2.1507683 2.6
      vertex 2.7140157 1.973613 2.6
      vertex 2.0583591 2.5893154 2.6
    endloop
  endfacet
  facet normal 0 0 1
    outer loop
      vertex 2.4701824 2.1507683 2.6
      vertex 2.0583591 2.5893154 2.6
      vertex 2.2504754 2.357087 2.6
    endloop
  endfacet
  facet normal 0 0 1
    outer loop
      vertex 2.7140157 1.973613 2.6
      vertex 2.9781296 1.828415 2.6
      vertex 3.2583592 1.7174643 2.6
    endloop
  endfacet
  facet normal 0 0 1
    outer loop
      vertex 2.7140157 1.973613 2.6
      vertex 3.2583592 1.7174643 2.6
      vertex 1.8968639 2.8437912 2.6
    endloop
  endfacet
  facet normal 0 0 1
    outer loop
      vertex 3.2583592 1.7174643 2.6
      vertex 4.7416406 1.7174643 2.6
      vertex 6.2314634 4.883499 2.6
    endloop
  endfacet
  facet normal 0 0 1
    outer loop
      vertex 4.449715 1.6425107 2.6
      vertex 4.7416406 1.7174643 2.6
      vertex 3.2583592 1.7174643 2.6
    endloop
  endfacet
  facet normal 0 0 1
    outer loop
      vertex -1.6754004 -4.5968556 2.6
      vertex -1.8968639 -5.156209 2.6
      vertex -1.7685364 -4.883499 2.6
    endloop
  endfacet
  facet normal 0 0 1
    outer loop
      vertex 4.449715 1.6425107 2.6
      vertex 3.2583592 1.7174643 2.6
      vertex 3.5502849 1.6425107 2.6
    endloop
  endfacet
  facet normal 0 0 1
    outer loop
      vertex -1.6754004 -4.5968556 2.6
      vertex -3.5502849 -6.3574896 2.6
      vertex -2.0583591 -5.4106846 2.6
    endloop
  endfacet
  facet normal 0 0 1
    outer loop
      vertex 4.449715 1.6425107 2.6
      vertex 3.5502849 1.6425107 2.6
      vertex 4.150697 1.6047359 2.6
    endloop
  endfacet
  facet normal 0 0 1
    outer loop
      vertex -1.6754004 -4.5968556 2.6
      vertex -1.6189247 -4.3008 2.6
      vertex -1.6 -4 2.6
    endloop
  endfacet
  facet normal 0 0 1
    outer loop
      vertex 3.5502849 1.6425107 2.6
      vertex 3.8493028 1.6047359 2.6
      vertex 4.150697 1.6047359 2.6
    endloop
  endfacet
  facet normal 0 0 1
    outer loop
      vertex -1.6754004 -3.4031444 2.6
      vertex -1.7685364 -3.116501 2.6
      vertex -1.6 -4 2.6
    endloop
  endfacet
  facet normal 0 0 1
    outer loop
      vertex -1.7685364 -11.116501 2.6
      vertex -2.0583591 -10.589315 2.6
      vertex -1.6754004 -11.403144 2.6
    endloop
  endfacet
  facet normal 0 0 1
    outer loop
      vertex -2.9781296 -14.171585 2.6
      vertex -2.7140157 -14.026387 2.6
      vertex -3.2583592 -14.282536 2.6
    endloop
  endfacet
  facet normal 0 0 1
    outer loop
      vertex 4.449715 -6.3574896 2.6
      vertex 5.02187 -6.171585 2.6
      vertex 6.2314634 -4.883499 2.6
    endloop
  endfacet
  facet normal 0 0 1
    outer loop
      vertex -2.2504754 -13.642913 2.6
      vertex -2.0583591 -13.410685 2.6
      vertex -2.4701824 -13.849232 2.6
    endloop
  endfacet
  facet normal 0 0 1
    outer loop
      vertex 4.7416406 -6.2825356 2.6
      vertex 5.02187 -6.171585 2.6
      vertex 4.449715 -6.3574896 2.6
    endloop
  endfacet
  facet normal 0 0 1
    outer loop
      vertex -2.4701824 -13.849232 2.6
      vertex -2.0583591 -13.410685 2.6
      vertex -2.7140157 -14.026387 2.6
    endloop
  endfacet
  facet normal 0 0 1
    outer loop
      vertex 5.7495246 -5.642913 2.6
      vertex 5.02187 -6.171585 2.6
      vertex 5.2859845 -6.026387 2.6
    endloop
  endfacet
  facet normal 0 0 1
    outer loop
      vertex -1.7685364 -12.883499 2.6
      vertex -2.0583591 -13.410685 2.6
      vertex -1.8968639 -13.156209 2.6
    endloop
  endfacet
  facet normal 0 0 1
    outer loop
      vertex 5.941641 -5.4106846 2.6
      vertex 5.02187 -6.171585 2.6
      vertex 5.7495246 -5.642913 2.6
    endloop
  endfacet
  facet normal 0 0 1
    outer loop
      vertex -3.2583592 -9.717464 2.6
      vertex -2.0583591 -10.589315 2.6
      vertex -2.4701824 -10.150768 2.6
    endloop
  endfacet
  facet normal 0 0 1
    outer loop
      vertex 6.2314634 -4.883499 2.6
      vertex 5.02187 -6.171585 2.6
      vertex 5.941641 -5.4106846 2.6
    endloop
  endfacet
  facet normal 0 0 1
    outer loop
      vertex 6.3245997 -4.5968556 2.6
      vertex 6.3810754 -4.3008 2.6
      vertex 6.2314634 -3.116501 2.6
    endloop
  endfacet
  facet normal 0 0 1
    outer loop
      vertex 6.2314634 -4.883499 2.6
      vertex 5.941641 -5.4106846 2.6
      vertex 6.103136 -5.156209 2.6
    endloop
  endfacet
  facet normal 0 0 1
    outer loop
      vertex 6.3245997 -4.5968556 2.6
      vertex 6.2314634 -3.116501 2.6
      vertex 6.2314634 -4.883499 2.6
    endloop
  endfacet
  facet normal 0 0 1
    outer loop
      vertex -2.2504754 -2.357087 2.6
      vertex -1.8968639 -2.8437912 2.6
      vertex -2.0583591 -2.5893154 2.6
    endloop
  endfacet
  facet normal 0 0 1
    outer loop
      vertex 2.7140157 -1.973613 2.6
      vertex 2.0583591 -2.5893154 2.6
      vertex 1.8968639 -2.8437912 2.6
    endloop
  endfacet
  facet normal 0 0 1
    outer loop
      vertex 4.150697 -1.6047359 2.6
      vertex 3.8493028 -1.6047359 2.6
      vertex 3.2583592 -1.7174643 2.6
    endloop
  endfacet
  facet normal 0 0 1
    outer loop
      vertex 6.2314634 -3.116501 2.6
      vertex 6.103136 -2.8437912 2.6
      vertex 5.7495246 -2.357087 2.6
    endloop
  endfacet
  facet normal 0 0 1
    outer loop
      vertex 4.7416406 -1.7174643 2.6
      vertex 6.2314634 -3.116501 2.6
      vertex 5.7495246 -2.357087 2.6
    endloop
  endfacet
  facet normal 0 0 1
    outer loop
      vertex 3.2583592 -1.7174643 2.6
      vertex 4.449715 -6.3574896 2.6
      vertex 6.2314634 -3.116501 2.6
    endloop
  endfacet
  facet normal 0 0 1
    outer loop
      vertex -2.4701824 -2.1507683 2.6
      vertex -2.7140157 -1.973613 2.6
      vertex -2.9781296 -1.828415 2.6
    endloop
  endfacet
  facet normal 0 0 1
    outer loop
      vertex -1.7685364 -3.116501 2.6
      vertex -3.2583592 -1.7174643 2.6
      vertex -3.5502849 -6.3574896 2.6
    endloop
  endfacet
  facet normal 0 0 1
    outer loop
      vertex -4.7416406 -1.7174643 2.6
      vertex -3.8493028 -1.6047359 2.6
      vertex -4.150697 -1.6047359 2.6
    endloop
  endfacet
  facet normal 0 0 1
    outer loop
      vertex -3.2583592 -1.7174643 2.6
      vertex -4.7416406 -1.7174643 2.6
      vertex -4.449715 -6.3574896 2.6
    endloop
  endfacet
  facet normal 0 0 1
    outer loop
      vertex -5.941641 -2.5893154 2.6
      vertex -5.5298176 -2.1507683 2.6
      vertex -5.7495246 -2.357087 2.6
    endloop
  endfacet
  facet normal 0 0 1
    outer loop
      vertex -5.2859845 -1.973613 2.6
      vertex -5.5298176 -2.1507683 2.6
      vertex -5.941641 -2.5893154 2.6
    endloop
  endfacet
  facet normal 0 0 1
    outer loop
      vertex -4.7416406 -1.7174643 2.6
      vertex -5.2859845 -1.973613 2.6
      vertex -6.103136 -2.8437912 2.6
    endloop
  endfacet
  facet normal 0 0 1
    outer loop
      vertex -4.449715 -6.3574896 2.6
      vertex -6.103136 -2.8437912 2.6
      vertex -6.2314634 -4.883499 2.6
    endloop
  endfacet
  facet normal 0 0 1
    outer loop
      vertex -6.103136 -2.8437912 2.6
      vertex -6.2314634 -3.116501 2.6
      vertex -6.3245997 -3.4031444 2.6
    endloop
  endfacet
  facet normal 0 0 1
    outer loop
      vertex -6.2314634 -4.883499 2.6
      vertex -6.3245997 -3.4031444 2.6
      vertex -6.3810754 -4.3008 2.6
    endloop
  endfacet
  facet normal 0 0 1
    outer loop
      vertex -6.3245997 -3.4031444 2.6
      vertex -6.3810754 -3.6992002 2.6
      vertex -6.3810754 -4.3008 2.6
    endloop
  endfacet
  facet normal 0 0 1
    outer loop
      vertex -6.3810754 -3.6992002 2.6
      vertex -6.4 -4 2.6
      vertex -6.3810754 -4.3008 2.6
    endloop
  endfacet
  facet normal 0 0 1
    outer loop
      vertex -6.103136 -2.8437912 2.6
      vertex -6.3245997 -3.4031444 2.6
      vertex -6.2314634 -4.883499 2.6
    endloop
  endfacet
  facet normal 0 0 1
    outer loop
      vertex -6.3810754 -4.3008 2.6
      vertex -6.3245997 -4.5968556 2.6
      vertex -6.2314634 -4.883499 2.6
    endloop
  endfacet
  facet normal 0 0 1
    outer loop
      vertex -4.449715 -6.3574896 2.6
      vertex -6.2314634 -4.883499 2.6
      vertex -5.5298176 -5.8492317 2.6
    endloop
  endfacet
  facet normal 0 0 1
    outer loop
      vertex -6.2314634 -4.883499 2.6
      vertex -6.103136 -5.156209 2.6
      vertex -5.941641 -5.4106846 2.6
    endloop
  endfacet
  facet normal 0 0 1
    outer loop
      vertex -5.02187 -9.828415 2.6
      vertex -5.2859845 -9.973613 2.6
      vertex -5.5298176 -10.150768 2.6
    endloop
  endfacet
  facet normal 0 0 1
    outer loop
      vertex -6.2314634 -4.883499 2.6
      vertex -5.941641 -5.4106846 2.6
      vertex -5.5298176 -5.8492317 2.6
    endloop
  endfacet
  facet normal 0 0 1
    outer loop
      vertex -5.941641 -5.4106846 2.6
      vertex -5.7495246 -5.642913 2.6
      vertex -5.5298176 -5.8492317 2.6
    endloop
  endfacet
  facet normal 0 0 1
    outer loop
      vertex -4.449715 -6.3574896 2.6
      vertex -5.5298176 -5.8492317 2.6
      vertex -4.7416406 -6.2825356 2.6
    endloop
  endfacet
  facet normal 0 0 1
    outer loop
      vertex -4.7416406 -9.717464 2.6
      vertex -5.02187 -9.828415 2.6
      vertex -5.5298176 -10.150768 2.6
    endloop
  endfacet
  facet normal 0 0 1
    outer loop
      vertex -4.7416406 -6.2825356 2.6
      vertex -5.2859845 -6.026387 2.6
      vertex -5.02187 -6.171585 2.6
    endloop
  endfacet
  facet normal 0 0 1
    outer loop
      vertex -3.2583592 -14.282536 2.6
      vertex -3.2583592 -9.717464 2.6
      vertex -4.7416406 -9.717464 2.6
    endloop
  endfacet
  facet normal 0 0 1
    outer loop
      vertex -5.5298176 -5.8492317 2.6
      vertex -5.2859845 -6.026387 2.6
      vertex -4.7416406 -6.2825356 2.6
    endloop
  endfacet
  facet normal 0 0 1
    outer loop
      vertex -4.7416406 -9.717464 2.6
      vertex -3.2583592 -9.717464 2.6
      vertex -3.8493028 -9.604736 2.6
    endloop
  endfacet
  facet normal 0 0 1
    outer loop
      vertex -4.7416406 -1.7174643 2.6
      vertex -6.103136 -2.8437912 2.6
      vertex -4.449715 -6.3574896 2.6
    endloop
  endfacet
  facet normal 0 0 1
    outer loop
      vertex -4.7416406 -9.717464 2.6
      vertex -3.8493028 -9.604736 2.6
      vertex -4.150697 -9.604736 2.6
    endloop
  endfacet
  facet normal 0 0 1
    outer loop
      vertex -3.2583592 -1.7174643 2.6
      vertex -4.449715 -6.3574896 2.6
      vertex -3.5502849 -6.3574896 2.6
    endloop
  endfacet
  facet normal 0 0 1
    outer loop
      vertex -3.2583592 -14.282536 2.6
      vertex -2.0583591 -13.410685 2.6
      vertex -3.2583592 -9.717464 2.6
    endloop
  endfacet
  facet normal 0 0 1
    outer loop
      vertex -4.449715 -6.3574896 2.6
      vertex -3.8493028 -6.395264 2.6
      vertex -3.5502849 -6.3574896 2.6
    endloop
  endfacet
  facet normal 0 0 1
    outer loop
      vertex -3.2583592 -9.717464 2.6
      vertex -2.4701824 -10.150768 2.6
      vertex -2.9781296 -9.828415 2.6
    endloop
  endfacet
  facet normal 0 0 1
    outer loop
      vertex -4.150697 -6.395264 2.6
      vertex -3.8493028 -6.395264 2.6
      vertex -4.449715 -6.3574896 2.6
    endloop
  endfacet
  facet normal 0 0 1
    outer loop
      vertex -2.0583591 -10.589315 2.6
      vertex -1.7685364 -11.116501 2.6
      vertex -1.8968639 -10.843791 2.6
    endloop
  endfacet
  facet normal 0 0 1
    outer loop
      vertex -1.6 -12 2.6
      vertex -1.6754004 -11.403144 2.6
      vertex -1.6754004 -12.596856 2.6
    endloop
  endfacet
  facet normal 0 0 1
    outer loop
      vertex -1.6754004 -12.596856 2.6
      vertex -2.0583591 -10.589315 2.6
      vertex -2.0583591 -13.410685 2.6
    endloop
  endfacet
  facet normal 0 0 1
    outer loop
      vertex -2.7140157 -14.026387 2.6
      vertex -2.0583591 -13.410685 2.6
      vertex -3.2583592 -14.282536 2.6
    endloop
  endfacet
  facet normal 0 0 1
    outer loop
      vertex -3.2583592 -9.717464 2.6
      vertex -2.0583591 -13.410685 2.6
      vertex -2.0583591 -10.589315 2.6
    endloop
  endfacet
  facet normal 0 0 1
    outer loop
      vertex 5.941641 -2.5893154 2.6
      vertex 5.7495246 -2.357087 2.6
      vertex 6.103136 -2.8437912 2.6
    endloop
  endfacet
  facet normal 0 0 1
    outer loop
      vertex 5.7495246 -2.357087 2.6
      vertex 5.5298176 -2.1507683 2.6
      vertex 5.02187 -1.828415 2.6
    endloop
  endfacet
  facet normal 0 0 1
    outer loop
      vertex 5.5298176 -10.150768 2.6
      vertex 5.02187 -9.828415 2.6
      vertex 4.7416406 -9.717464 2.6
    endloop
  endfacet
  facet normal 0 0 1
    outer loop
      vertex 4.7416406 -14.282536 2.6
      vertex 5.02187 -14.171585 2.6
      vertex 5.2859845 -14.026387 2.6
    endloop
  endfacet
  facet normal 0 0 1
    outer loop
      vertex 6.3810754 -11.699201 2.6
      vertex 6.2314634 -11.116501 2.6
      vertex 6.3810754 -12.300799 2.6
    endloop
  endfacet
  facet normal 0 0 1
    outer loop
      vertex 6.3810754 -11.699201 2.6
      vertex 6.3245997 -11.403144 2.6
      vertex 6.2314634 -11.116501 2.6
    endloop
  endfacet
  facet normal 0 0 1
    outer loop
      vertex 6.2314634 -12.883499 2.6
      vertex 6.3810754 -12.300799 2.6
      vertex 6.2314634 -11.116501 2.6
    endloop
  endfacet
  facet normal 0 0 1
    outer loop
      vertex 5.941641 -10.589315 2.6
      vertex 4.7416406 -9.717464 2.6
      vertex 6.2314634 -11.116501 2.6
    endloop
  endfacet
  facet normal 0 0 1
    outer loop
      vertex 5.02187 -1.828415 2.6
      vertex 5.5298176 -2.1507683 2.6
      vertex 5.2859845 -1.973613 2.6
    endloop
  endfacet
  facet normal 0 0 1
    outer loop
      vertex 4.7416406 -1.7174643 2.6
      vertex 3.2583592 -1.7174643 2.6
      vertex 6.2314634 -3.116501 2.6
    endloop
  endfacet
  facet normal 0 0 1
    outer loop
      vertex 4.449715 -1.6425107 2.6
      vertex 4.150697 -1.6047359 2.6
      vertex 4.7416406 -1.7174643 2.6
    endloop
  endfacet
  facet normal 0 0 1
    outer loop
      vertex 3.2583592 -1.7174643 2.6
      vertex 3.8493028 -1.6047359 2.6
      vertex 3.5502849 -1.6425107 2.6
    endloop
  endfacet
  facet normal 0 0 1
    outer loop
      vertex 4.7416406 -1.7174643 2.6
      vertex 4.150697 -1.6047359 2.6
      vertex 3.2583592 -1.7174643 2.6
    endloop
  endfacet
  facet normal 0 0 1
    outer loop
      vertex 2.7140157 -1.973613 2.6
      vertex 3.2583592 -1.7174643 2.6
      vertex 2.9781296 -1.828415 2.6
    endloop
  endfacet
  facet normal 0 0 1
    outer loop
      vertex 2.4701824 -2.1507683 2.6
      vertex 2.2504754 -2.357087 2.6
      vertex 2.0583591 -2.5893154 2.6
    endloop
  endfacet
  facet normal 0 0 1
    outer loop
      vertex 2.4701824 -2.1507683 2.6
      vertex 2.0583591 -2.5893154 2.6
      vertex 2.7140157 -1.973613 2.6
    endloop
  endfacet
  facet normal 0 0 1
    outer loop
      vertex 2.7140157 -1.973613 2.6
      vertex 1.8968639 -2.8437912 2.6
      vertex 3.2583592 -1.7174643 2.6
    endloop
  endfacet
  facet normal 0 0 1
    outer loop
      vertex 1.8968639 -2.8437912 2.6
      vertex 1.7685364 -4.883499 2.6
      vertex 3.5502849 -6.3574896 2.6
    endloop
  endfacet
  facet normal 0 0 1
    outer loop
      vertex 1.7685364 -3.116501 2.6
      vertex 1.6754004 -3.4031444 2.6
      vertex 1.8968639 -2.8437912 2.6
    endloop
  endfacet
  facet normal 0 0 1
    outer loop
      vertex 1.6754004 -3.4031444 2.6
      vertex 1.6 -4 2.6
      vertex 1.8968639 -2.8437912 2.6
    endloop
  endfacet
  facet normal 0 0 1
    outer loop
      vertex 1.6189247 -3.6992002 2.6
      vertex 1.6 -4 2.6
      vertex 1.6754004 -3.4031444 2.6
    endloop
  endfacet
  facet normal 0 0 1
    outer loop
      vertex 1.6 -4 2.6
      vertex 1.6189247 -4.3008 2.6
      vertex 1.7685364 -4.883499 2.6
    endloop
  endfacet
  facet normal 0 0 1
    outer loop
      vertex 1.6 -4 2.6
      vertex 1.7685364 -4.883499 2.6
      vertex 1.8968639 -2.8437912 2.6
    endloop
  endfacet
  facet normal 0 0 1
    outer loop
      vertex 1.7685364 -4.883499 2.6
      vertex 1.6189247 -4.3008 2.6
      vertex 1.6754004 -4.5968556 2.6
    endloop
  endfacet
  facet normal 0 0 1
    outer loop
      vertex 1.8968639 -2.8437912 2.6
      vertex 3.5502849 -6.3574896 2.6
      vertex 3.2583592 -1.7174643 2.6
    endloop
  endfacet
  facet normal 0 0 1
    outer loop
      vertex 1.8968639 -5.156209 2.6
      vertex 2.0583591 -5.4106846 2.6
      vertex 1.7685364 -4.883499 2.6
    endloop
  endfacet
  facet normal 0 0 1
    outer loop
      vertex 2.4701824 -5.8492317 2.6
      vertex 1.7685364 -4.883499 2.6
      vertex 2.0583591 -5.4106846 2.6
    endloop
  endfacet
  facet normal 0 0 1
    outer loop
      vertex 2.4701824 -5.8492317 2.6
      vertex 2.0583591 -5.4106846 2.6
      vertex 2.2504754 -5.642913 2.6
    endloop
  endfacet
  facet normal 0 0 1
    outer loop
      vertex 3.2583592 -6.2825356 2.6
      vertex 3.5502849 -6.3574896 2.6
      vertex 2.4701824 -5.8492317 2.6
    endloop
  endfacet
  facet normal 0 0 1
    outer loop
      vertex 2.9781296 -6.171585 2.6
      vertex 3.2583592 -6.2825356 2.6
      vertex 2.7140157 -6.026387 2.6
    endloop
  endfacet
  facet normal 0 0 1
    outer loop
      vertex 3.2583592 -6.2825356 2.6
      vertex 2.4701824 -5.8492317 2.6
      vertex 2.7140157 -6.026387 2.6
    endloop
  endfacet
  facet normal 0 0 1
    outer loop
      vertex 3.5502849 -6.3574896 2.6
      vertex 1.7685364 -4.883499 2.6
      vertex 2.4701824 -5.8492317 2.6
    endloop
  endfacet
  facet normal 0 0 1
    outer loop
      vertex -1.6754004 -12.596856 2.6
      vertex -2.0583591 -13.410685 2.6
      vertex -1.7685364 -12.883499 2.6
    endloop
  endfacet
  facet normal 0 0 1
    outer loop
      vertex 4.449715 -6.3574896 2.6
      vertex 3.2583592 -1.7174643 2.6
      vertex 3.5502849 -6.3574896 2.6
    endloop
  endfacet
  facet normal 0 0 1
    outer loop
      vertex -1.6754004 -12.596856 2.6
      vertex -1.6189247 -12.300799 2.6
      vertex -1.6 -12 2.6
    endloop
  endfacet
  facet normal 0 0 1
    outer loop
      vertex 4.449715 -6.3574896 2.6
      vertex 3.5502849 -6.3574896 2.6
      vertex 4.150697 -6.395264 2.6
    endloop
  endfacet
  facet normal 0 0 1
    outer loop
      vertex -1.6754004 -11.403144 2.6
      vertex -2.0583591 -10.589315 2.6
      vertex -1.6754004 -12.596856 2.6
    endloop
  endfacet
  facet normal 0 0 1
    outer loop
      vertex 3.5502849 -6.3574896 2.6
      vertex 3.8493028 -6.395264 2.6
      vertex 4.150697 -6.395264 2.6
    endloop
  endfacet
  facet normal 0 0 1
    outer loop
      vertex -1.6189247 -11.699201 2.6
      vertex -1.6754004 -11.403144 2.6
      vertex -1.6 -12 2.6
    endloop
  endfacet
  facet normal 0 0 1
    outer loop
      vertex 6.3245997 -12.596856 2.6
      vertex 6.3810754 -12.300799 2.6
      vertex 6.2314634 -12.883499 2.6
    endloop
  endfacet
  facet normal 0 0 1
    outer loop
      vertex 5.941641 -13.410685 2.6
      vertex 5.2859845 -14.026387 2.6
      vertex 5.5298176 -13.849232 2.6
    endloop
  endfacet
  facet normal 0 0 1
    outer loop
      vertex 5.7495246 -13.642913 2.6
      vertex 5.941641 -13.410685 2.6
      vertex 5.5298176 -13.849232 2.6
    endloop
  endfacet
  facet normal 0 0 1
    outer loop
      vertex 5.941641 -13.410685 2.6
      vertex 4.7416406 -14.282536 2.6
      vertex 5.2859845 -14.026387 2.6
    endloop
  endfacet
  facet normal 0 0 1
    outer loop
      vertex 6.103136 -13.156209 2.6
      vertex 6.2314634 -12.883499 2.6
      vertex 5.941641 -13.410685 2.6
    endloop
  endfacet
  facet normal 0 0 1
    outer loop
      vertex 6.3810754 -11.699201 2.6
      vertex 6.3810754 -12.300799 2.6
      vertex 6.4 -12 2.6
    endloop
  endfacet
  facet normal 0 0 1
    outer loop
      vertex 6.2314634 -12.883499 2.6
      vertex 4.7416406 -14.282536 2.6
      vertex 5.941641 -13.410685 2.6
    endloop
  endfacet
  facet normal 0 0 1
    outer loop
      vertex 6.2314634 -12.883499 2.6
      vertex 6.2314634 -11.116501 2.6
      vertex 4.7416406 -9.717464 2.6
    endloop
  endfacet
  facet normal 0 0 1
    outer loop
      vertex -2.2504754 -10.357087 2.6
      vertex -2.4701824 -10.150768 2.6
      vertex -2.0583591 -10.589315 2.6
    endloop
  endfacet
  facet normal 0 0 1
    outer loop
      vertex 2.7140157 -9.973613 2.6
      vertex 2.4701824 -10.150768 2.6
      vertex 2.9781296 -9.828415 2.6
    endloop
  endfacet
  facet normal 0 0 1
    outer loop
      vertex 4.150697 -9.604736 2.6
      vertex 4.7416406 -9.717464 2.6
      vertex 4.449715 -9.64251 2.6
    endloop
  endfacet
  facet normal 0 0 1
    outer loop
      vertex 4.7416406 -9.717464 2.6
      vertex 5.941641 -10.589315 2.6
      vertex 5.7495246 -10.357087 2.6
    endloop
  endfacet
  facet normal 0 0 1
    outer loop
      vertex 4.7416406 -9.717464 2.6
      vertex 4.7416406 -14.282536 2.6
      vertex 6.2314634 -12.883499 2.6
    endloop
  endfacet
  facet normal 0 0 1
    outer loop
      vertex 3.2583592 -9.717464 2.6
      vertex 2.4701824 -10.150768 2.6
      vertex 2.0583591 -10.589315 2.6
    endloop
  endfacet
  facet normal 0 0 1
    outer loop
      vertex -2.4701824 -10.150768 2.6
      vertex -2.7140157 -9.973613 2.6
      vertex -2.9781296 -9.828415 2.6
    endloop
  endfacet
  facet normal 0 0 1
    outer loop
      vertex -4.449715 -9.64251 2.6
      vertex -4.7416406 -9.717464 2.6
      vertex -4.150697 -9.604736 2.6
    endloop
  endfacet
  facet normal 0 0 1
    outer loop
      vertex -3.5502849 -9.64251 2.6
      vertex -3.8493028 -9.604736 2.6
      vertex -3.2583592 -9.717464 2.6
    endloop
  endfacet
  facet normal 0 0 1
    outer loop
      vertex -5.941641 -10.589315 2.6
      vertex -4.7416406 -9.717464 2.6
      vertex -5.5298176 -10.150768 2.6
    endloop
  endfacet
  facet normal 0 0 1
    outer loop
      vertex -5.941641 -10.589315 2.6
      vertex -5.5298176 -10.150768 2.6
      vertex -5.7495246 -10.357087 2.6
    endloop
  endfacet
  facet normal 0 0 1
    outer loop
      vertex -6.3245997 -11.403144 2.6
      vertex -5.941641 -13.410685 2.6
      vertex -5.941641 -10.589315 2.6
    endloop
  endfacet
  facet normal 0 0 1
    outer loop
      vertex -6.2314634 -11.116501 2.6
      vertex -5.941641 -10.589315 2.6
      vertex -6.103136 -10.843791 2.6
    endloop
  endfacet
  facet normal 0 0 1
    outer loop
      vertex -6.3245997 -11.403144 2.6
      vertex -5.941641 -10.589315 2.6
      vertex -6.2314634 -11.116501 2.6
    endloop
  endfacet
  facet normal 0 0 1
    outer loop
      vertex -6.3810754 -11.699201 2.6
      vertex -6.3245997 -12.596856 2.6
      vertex -6.3245997 -11.403144 2.6
    endloop
  endfacet
  facet normal 0 0 1
    outer loop
      vertex -6.3810754 -12.300799 2.6
      vertex -6.3245997 -12.596856 2.6
      vertex -6.3810754 -11.699201 2.6
    endloop
  endfacet
  facet normal 0 0 1
    outer loop
      vertex -6.3810754 -12.300799 2.6
      vertex -6.3810754 -11.699201 2.6
      vertex -6.4 -12 2.6
    endloop
  endfacet
  facet normal 0 0 1
    outer loop
      vertex -6.3245997 -12.596856 2.6
      vertex -5.941641 -13.410685 2.6
      vertex -6.3245997 -11.403144 2.6
    endloop
  endfacet
  facet normal 0 0 1
    outer loop
      vertex -5.941641 -13.410685 2.6
      vertex -4.7416406 -14.282536 2.6
      vertex -5.941641 -10.589315 2.6
    endloop
  endfacet
  facet normal 0 0 1
    outer loop
      vertex -6.103136 -13.156209 2.6
      vertex -5.941641 -13.410685 2.6
      vertex -6.2314634 -12.883499 2.6
    endloop
  endfacet
  facet normal 0 0 1
    outer loop
      vertex -5.941641 -13.410685 2.6
      vertex -6.3245997 -12.596856 2.6
      vertex -6.2314634 -12.883499 2.6
    endloop
  endfacet
  facet normal 0 0 1
    outer loop
      vertex -4.7416406 -14.282536 2.6
      vertex -4.7416406 -9.717464 2.6
      vertex -5.941641 -10.589315 2.6
    endloop
  endfacet
  facet normal 0 0 1
    outer loop
      vertex -5.02187 -14.171585 2.6
      vertex -4.7416406 -14.282536 2.6
      vertex -5.5298176 -13.849232 2.6
    endloop
  endfacet
  facet normal 0 0 1
    outer loop
      vertex -5.941641 -13.410685 2.6
      vertex -5.7495246 -13.642913 2.6
      vertex -5.5298176 -13.849232 2.6
    endloop
  endfacet
  facet normal 0 0 1
    outer loop
      vertex -4.7416406 -14.282536 2.6
      vertex -5.941641 -13.410685 2.6
      vertex -5.5298176 -13.849232 2.6
    endloop
  endfacet
  facet normal 0 0 1
    outer loop
      vertex -5.5298176 -13.849232 2.6
      vertex -5.2859845 -14.026387 2.6
      vertex -5.02187 -14.171585 2.6
    endloop
  endfacet
  facet normal 0 0 1
    outer loop
      vertex -3.2583592 -14.282536 2.6
      vertex -4.7416406 -9.717464 2.6
      vertex -4.7416406 -14.282536 2.6
    endloop
  endfacet
  facet normal 0 0 1
    outer loop
      vertex -3.2583592 -14.282536 2.6
      vertex -4.7416406 -14.282536 2.6
      vertex -4.449715 -14.35749 2.6
    endloop
  endfacet
  facet normal 0 0 1
    outer loop
      vertex -3.2583592 -14.282536 2.6
      vertex -4.449715 -14.35749 2.6
      vertex -3.5502849 -14.35749 2.6
    endloop
  endfacet
  facet normal 0 0 1
    outer loop
      vertex -4.449715 -14.35749 2.6
      vertex -3.8493028 -14.395264 2.6
      vertex -3.5502849 -14.35749 2.6
    endloop
  endfacet
  facet normal 0 0 1
    outer loop
      vertex -4.150697 -14.395264 2.6
      vertex -3.8493028 -14.395264 2.6
      vertex -4.449715 -14.35749 2.6
    endloop
  endfacet
  facet normal 0 0 1
    outer loop
      vertex 5.941641 -10.589315 2.6
      vertex 6.2314634 -11.116501 2.6
      vertex 6.103136 -10.843791 2.6
    endloop
  endfacet
  facet normal 0 0 1
    outer loop
      vertex 4.7416406 -9.717464 2.6
      vertex 5.7495246 -10.357087 2.6
      vertex 5.5298176 -10.150768 2.6
    endloop
  endfacet
  facet normal 0 0 1
    outer loop
      vertex 5.02187 -9.828415 2.6
      vertex 5.5298176 -10.150768 2.6
      vertex 5.2859845 -9.973613 2.6
    endloop
  endfacet
  facet normal 0 0 1
    outer loop
      vertex 3.2583592 -9.717464 2.6
      vertex 3.8493028 -9.604736 2.6
      vertex 3.5502849 -9.64251 2.6
    endloop
  endfacet
  facet normal 0 0 1
    outer loop
      vertex 4.150697 -9.604736 2.6
      vertex 3.8493028 -9.604736 2.6
      vertex 3.2583592 -9.717464 2.6
    endloop
  endfacet
  facet normal 0 0 1
    outer loop
      vertex 3.2583592 -9.717464 2.6
      vertex 4.7416406 -9.717464 2.6
      vertex 4.150697 -9.604736 2.6
    endloop
  endfacet
  facet normal 0 0 1
    outer loop
      vertex 4.7416406 -14.282536 2.6
      vertex 4.7416406 -9.717464 2.6
      vertex 3.2583592 -9.717464 2.6
    endloop
  endfacet
  facet normal 0 0 1
    outer loop
      vertex 2.4701824 -10.150768 2.6
      vertex 3.2583592 -9.717464 2.6
      vertex 2.9781296 -9.828415 2.6
    endloop
  endfacet
  facet normal 0 0 1
    outer loop
      vertex 2.4701824 -10.150768 2.6
      vertex 2.2504754 -10.357087 2.6
      vertex 2.0583591 -10.589315 2.6
    endloop
  endfacet
  facet normal 0 0 1
    outer loop
      vertex 2.0583591 -13.410685 2.6
      vertex 2.0583591 -10.589315 2.6
      vertex 1.6754004 -11.403144 2.6
    endloop
  endfacet
  facet normal 0 0 1
    outer loop
      vertex 2.0583591 -10.589315 2.6
      vertex 1.7685364 -11.116501 2.6
      vertex 1.6754004 -11.403144 2.6
    endloop
  endfacet
  facet normal 0 0 1
    outer loop
      vertex 1.8968639 -10.843791 2.6
      vertex 1.7685364 -11.116501 2.6
      vertex 2.0583591 -10.589315 2.6
    endloop
  endfacet
  facet normal 0 0 1
    outer loop
      vertex 1.6754004 -12.596856 2.6
      vertex 1.6754004 -11.403144 2.6
      vertex 1.6 -12 2.6
    endloop
  endfacet
  facet normal 0 0 1
    outer loop
      vertex 1.6754004 -11.403144 2.6
      vertex 1.6189247 -11.699201 2.6
      vertex 1.6 -12 2.6
    endloop
  endfacet
  facet normal 0 0 1
    outer loop
      vertex 2.0583591 -13.410685 2.6
      vertex 1.6754004 -11.403144 2.6
      vertex 1.6754004 -12.596856 2.6
    endloop
  endfacet
  facet normal 0 0 1
    outer loop
      vertex 1.6 -12 2.6
      vertex 1.6189247 -12.300799 2.6
      vertex 1.6754004 -12.596856 2.6
    endloop
  endfacet
  facet normal 0 0 1
    outer loop
      vertex 3.2583592 -14.282536 2.6
      vertex 2.0583591 -10.589315 2.6
      vertex 2.0583591 -13.410685 2.6
    endloop
  endfacet
  facet normal 0 0 1
    outer loop
      vertex 1.7685364 -12.883499 2.6
      vertex 1.8968639 -13.156209 2.6
      vertex 2.0583591 -13.410685 2.6
    endloop
  endfacet
  facet normal 0 0 1
    outer loop
      vertex 1.6754004 -12.596856 2.6
      vertex 1.7685364 -12.883499 2.6
      vertex 2.0583591 -13.410685 2.6
    endloop
  endfacet
  facet normal 0 0 1
    outer loop
      vertex 3.2583592 -9.717464 2.6
      vertex 2.0583591 -10.589315 2.6
      vertex 3.2583592 -14.282536 2.6
    endloop
  endfacet
  facet normal 0 0 1
    outer loop
      vertex 2.4701824 -13.849232 2.6
      vertex 2.9781296 -14.171585 2.6
      vertex 3.2583592 -14.282536 2.6
    endloop
  endfacet
  facet normal 0 0 1
    outer loop
      vertex 2.4701824 -13.849232 2.6
      vertex 2.0583591 -13.410685 2.6
      vertex 2.2504754 -13.642913 2.6
    endloop
  endfacet
  facet normal 0 0 1
    outer loop
      vertex 2.4701824 -13.849232 2.6
      vertex 3.2583592 -14.282536 2.6
      vertex 2.0583591 -13.410685 2.6
    endloop
  endfacet
  facet normal 0 0 1
    outer loop
      vertex 2.9781296 -14.171585 2.6
      vertex 2.4701824 -13.849232 2.6
      vertex 2.7140157 -14.026387 2.6
    endloop
  endfacet
  facet normal 0 0 1
    outer loop
      vertex 3.2583592 -14.282536 2.6
      vertex 4.7416406 -14.282536 2.6
      vertex 3.2583592 -9.717464 2.6
    endloop
  endfacet
  facet normal 0 0 1
    outer loop
      vertex 4.449715 -14.35749 2.6
      vertex 4.7416406 -14.282536 2.6
      vertex 3.2583592 -14.282536 2.6
    endloop
  endfacet
  facet normal 0 0 1
    outer loop
      vertex 4.449715 -14.35749 2.6
      vertex 3.2583592 -14.282536 2.6
      vertex 3.5502849 -14.35749 2.6
    endloop
  endfacet
  facet normal 0 0 1
    outer loop
      vertex 4.449715 -14.35749 2.6
      vertex 3.5502849 -14.35749 2.6
      vertex 4.150697 -14.395264 2.6
    endloop
  endfacet
  facet normal 0 0 1
    outer loop
      vertex 3.5502849 -14.35749 2.6
      vertex 3.8493028 -14.395264 2.6
      vertex 4.150697 -14.395264 2.6
    endloop
  endfacet
  facet normal 0 0 1
    outer loop
      vertex -7.9 15.9 0.8
      vertex 7.9 -15.9 0.8
      vertex 7.9 15.9 0.8
    endloop
  endfacet
  facet normal 0 0 1
    outer loop
      vertex 7.9 -15.9 0.8
      vertex -7.9 15.9 0.8
      vertex -7.9 -15.9 0.8
    endloop
  endfacet
  facet normal 0 0 -1
    outer loop
      vertex -7.9 -15.9 -0.8
      vertex 7.9 15.9 -0.8
      vertex 7.9 -15.9 -0.8
    endloop
  endfacet
  facet normal 0 0 -1
    outer loop
      vertex 7.9 15.9 -0.8
      vertex -7.9 -15.9 -0.8
      vertex -7.9 15.9 -0.8
    endloop
  endfacet
  facet normal 0 -1 0
    outer loop
      vertex -7.9 -15.9 -0.8
      vertex 7.9 -15.9 0.8
      vertex -7.9 -15.9 0.8
    endloop
  endfacet
  facet normal 0 -1 0
    outer loop
      vertex 7.9 -15.9 0.8
      vertex -7.9 -15.9 -0.8
      vertex 7.9 -15.9 -0.8
    endloop
  endfacet
  facet normal 1 0 0
    outer loop
      vertex 7.9 -15.9 0.8
      vertex 7.9 15.9 -0.8
      vertex 7.9 15.9 0.8
    endloop
  endfacet
  facet normal 1 0 0
    outer loop
      vertex 7.9 15.9 -0.8
      vertex 7.9 -15.9 0.8
      vertex 7.9 -15.9 -0.8
    endloop
  endfacet
  facet normal 0 1 0
    outer loop
      vertex 7.9 15.9 -0.8
      vertex -7.9 15.9 0.8
      vertex 7.9 15.9 0.8
    endloop
  endfacet
  facet normal 0 1 0
    outer loop
      vertex -7.9 15.9 0.8
      vertex 7.9 15.9 -0.8
      vertex -7.9 15.9 -0.8
    endloop
  endfacet
  facet normal -1 0 0
    outer loop
      vertex -7.9 -15.9 -0.8
      vertex -7.9 15.9 0.8
      vertex -7.9 15.9 -0.8
    endloop
  endfacet
  facet normal -1 0 0
    outer loop
      vertex -7.9 15.9 0.8
      vertex -7.9 -15.9 -0.8
      vertex -7.9 -15.9 0.8
    endloop
  endfacet
endsolid OpenSCAD_Model
