solid OpenSCAD_Model
  facet normal 0.24868989 -0.96858317 0
    outer loop
      vertex 1.018211 4.8662686 -1.6
      vertex 0.61742145 4.7633634 1
      vertex 0.61742145 4.7633634 -1.6
    endloop
  endfacet
  facet normal 0.24868989 -0.96858317 0
    outer loop
      vertex 1.018211 4.8662686 -1.6
      vertex 1.018211 4.8662686 1
      vertex 0.61742145 4.7633634 1
    endloop
  endfacet
  facet normal 0.36812454 -0.9297765 0
    outer loop
      vertex 1.4029428 5.0185947 -1.6
      vertex 1.018211 4.8662686 1
      vertex 1.018211 4.8662686 -1.6
    endloop
  endfacet
  facet normal 0.36812454 -0.9297765 0
    outer loop
      vertex 1.4029428 5.0185947 -1.6
      vertex 1.4029428 5.0185947 1
      vertex 1.018211 4.8662686 1
    endloop
  endfacet
  facet normal 0.48175368 -0.87630665 0
    outer loop
      vertex 1.7655493 5.2179394 -1.6
      vertex 1.4029428 5.0185947 1
      vertex 1.4029428 5.0185947 -1.6
    endloop
  endfacet
  facet normal 0.48175368 -0.87630665 0
    outer loop
      vertex 1.7655493 5.2179394 -1.6
      vertex 1.7655493 5.2179394 1
      vertex 1.4029428 5.0185947 1
    endloop
  endfacet
  facet normal 0.58778524 -0.809017 0
    outer loop
      vertex 2.100312 5.4611588 -1.6
      vertex 1.7655493 5.2179394 1
      vertex 1.7655493 5.2179394 -1.6
    endloop
  endfacet
  facet normal 0.58778524 -0.809017 0
    outer loop
      vertex 2.100312 5.4611588 -1.6
      vertex 2.100312 5.4611588 1
      vertex 1.7655493 5.2179394 1
    endloop
  endfacet
  facet normal 0.6845471 -0.7289686 0
    outer loop
      vertex 2.4019516 5.744417 -1.6
      vertex 2.100312 5.4611588 1
      vertex 2.100312 5.4611588 -1.6
    endloop
  endfacet
  facet normal 0.6845471 -0.7289686 0
    outer loop
      vertex 2.4019516 5.744417 -1.6
      vertex 2.4019516 5.744417 1
      vertex 2.100312 5.4611588 1
    endloop
  endfacet
  facet normal 0.77051324 -0.637424 0
    outer loop
      vertex 2.665711 6.0632477 -1.6
      vertex 2.4019516 5.744417 1
      vertex 2.4019516 5.744417 -1.6
    endloop
  endfacet
  facet normal 0.77051324 -0.637424 0
    outer loop
      vertex 2.665711 6.0632477 -1.6
      vertex 2.665711 6.0632477 1
      vertex 2.4019516 5.744417 1
    endloop
  endfacet
  facet normal 0.8443279 -0.5358268 0
    outer loop
      vertex 2.8874304 6.4126215 -1.6
      vertex 2.665711 6.0632477 1
      vertex 2.665711 6.0632477 -1.6
    endloop
  endfacet
  facet normal 0.8443279 -0.5358268 0
    outer loop
      vertex 2.8874304 6.4126215 -1.6
      vertex 2.8874304 6.4126215 1
      vertex 2.665711 6.0632477 1
    endloop
  endfacet
  facet normal 0.90482706 -0.42577928 0
    outer loop
      vertex 3.0636134 6.7870297 -1.6
      vertex 2.8874304 6.4126215 1
      vertex 2.8874304 6.4126215 -1.6
    endloop
  endfacet
  facet normal 0.90482706 -0.42577928 0
    outer loop
      vertex 3.0636134 6.7870297 -1.6
      vertex 3.0636134 6.7870297 1
      vertex 2.8874304 6.4126215 1
    endloop
  endfacet
  facet normal 0.95105654 -0.309017 0
    outer loop
      vertex 3.1914816 7.180567 -1.6
      vertex 3.0636134 6.7870297 1
      vertex 3.0636134 6.7870297 -1.6
    endloop
  endfacet
  facet normal 0.95105654 -0.309017 0
    outer loop
      vertex 3.1914816 7.180567 -1.6
      vertex 3.1914816 7.180567 1
      vertex 3.0636134 6.7870297 1
    endloop
  endfacet
  facet normal 0.9822872 -0.18738131 0
    outer loop
      vertex 3.269018 7.587027 -1.6
      vertex 3.1914816 7.180567 1
      vertex 3.1914816 7.180567 -1.6
    endloop
  endfacet
  facet normal 0.9822872 -0.18738131 0
    outer loop
      vertex 3.269018 7.587027 -1.6
      vertex 3.269018 7.587027 1
      vertex 3.1914816 7.180567 1
    endloop
  endfacet
  facet normal 0.9980267 -0.06279052 0
    outer loop
      vertex 3.295 8 -1.6
      vertex 3.269018 7.587027 1
      vertex 3.269018 7.587027 -1.6
    endloop
  endfacet
  facet normal 0.9980267 -0.06279052 0
    outer loop
      vertex 3.295 8 -1.6
      vertex 3.295 8 1
      vertex 3.269018 7.587027 1
    endloop
  endfacet
  facet normal 0.9980267 0.06279052 0
    outer loop
      vertex 3.269018 8.412973 -1.6
      vertex 3.295 8 1
      vertex 3.295 8 -1.6
    endloop
  endfacet
  facet normal 0.9980267 0.06279052 0
    outer loop
      vertex 3.269018 8.412973 -1.6
      vertex 3.269018 8.412973 1
      vertex 3.295 8 1
    endloop
  endfacet
  facet normal 0.9822872 0.18738131 0
    outer loop
      vertex 3.1914816 8.819433 -1.6
      vertex 3.269018 8.412973 1
      vertex 3.269018 8.412973 -1.6
    endloop
  endfacet
  facet normal 0.9822872 0.18738131 0
    outer loop
      vertex 3.1914816 8.819433 -1.6
      vertex 3.1914816 8.819433 1
      vertex 3.269018 8.412973 1
    endloop
  endfacet
  facet normal 0.95105654 0.309017 0
    outer loop
      vertex 3.0636134 9.212971 -1.6
      vertex 3.1914816 8.819433 1
      vertex 3.1914816 8.819433 -1.6
    endloop
  endfacet
  facet normal 0.95105654 0.309017 0
    outer loop
      vertex 3.0636134 9.212971 -1.6
      vertex 3.0636134 9.212971 1
      vertex 3.1914816 8.819433 1
    endloop
  endfacet
  facet normal 0.90482706 0.42577928 0
    outer loop
      vertex 2.8874304 9.5873785 -1.6
      vertex 3.0636134 9.212971 1
      vertex 3.0636134 9.212971 -1.6
    endloop
  endfacet
  facet normal 0.90482706 0.42577928 0
    outer loop
      vertex 2.8874304 9.5873785 -1.6
      vertex 2.8874304 9.5873785 1
      vertex 3.0636134 9.212971 1
    endloop
  endfacet
  facet normal 0.8443279 0.5358268 0
    outer loop
      vertex 2.665711 9.936752 -1.6
      vertex 2.8874304 9.5873785 1
      vertex 2.8874304 9.5873785 -1.6
    endloop
  endfacet
  facet normal 0.8443279 0.5358268 0
    outer loop
      vertex 2.665711 9.936752 -1.6
      vertex 2.665711 9.936752 1
      vertex 2.8874304 9.5873785 1
    endloop
  endfacet
  facet normal 0.77051324 0.637424 0
    outer loop
      vertex 2.4019516 10.255583 -1.6
      vertex 2.665711 9.936752 1
      vertex 2.665711 9.936752 -1.6
    endloop
  endfacet
  facet normal 0.77051324 0.637424 0
    outer loop
      vertex 2.4019516 10.255583 -1.6
      vertex 2.4019516 10.255583 1
      vertex 2.665711 9.936752 1
    endloop
  endfacet
  facet normal 0.6845471 0.7289686 0
    outer loop
      vertex 2.100312 10.538841 -1.6
      vertex 2.4019516 10.255583 1
      vertex 2.4019516 10.255583 -1.6
    endloop
  endfacet
  facet normal 0.6845471 0.7289686 0
    outer loop
      vertex 2.100312 10.538841 -1.6
      vertex 2.100312 10.538841 1
      vertex 2.4019516 10.255583 1
    endloop
  endfacet
  facet normal 0.58778524 0.809017 0
    outer loop
      vertex 1.7655493 10.782061 -1.6
      vertex 2.100312 10.538841 1
      vertex 2.100312 10.538841 -1.6
    endloop
  endfacet
  facet normal 0.58778524 0.809017 0
    outer loop
      vertex 1.7655493 10.782061 -1.6
      vertex 1.7655493 10.782061 1
      vertex 2.100312 10.538841 1
    endloop
  endfacet
  facet normal 0.48175368 0.87630665 0
    outer loop
      vertex 1.4029428 10.981405 -1.6
      vertex 1.7655493 10.782061 1
      vertex 1.7655493 10.782061 -1.6
    endloop
  endfacet
  facet normal 0.48175368 0.87630665 0
    outer loop
      vertex 1.4029428 10.981405 -1.6
      vertex 1.4029428 10.981405 1
      vertex 1.7655493 10.782061 1
    endloop
  endfacet
  facet normal 0.36812454 0.9297765 0
    outer loop
      vertex 1.018211 11.133731 -1.6
      vertex 1.4029428 10.981405 1
      vertex 1.4029428 10.981405 -1.6
    endloop
  endfacet
  facet normal 0.36812454 0.9297765 0
    outer loop
      vertex 1.018211 11.133731 -1.6
      vertex 1.018211 11.133731 1
      vertex 1.4029428 10.981405 1
    endloop
  endfacet
  facet normal 0.24868989 0.96858317 0
    outer loop
      vertex 0.61742145 11.236636 -1.6
      vertex 1.018211 11.133731 1
      vertex 1.018211 11.133731 -1.6
    endloop
  endfacet
  facet normal 0.24868989 0.96858317 0
    outer loop
      vertex 0.61742145 11.236636 -1.6
      vertex 0.61742145 11.236636 1
      vertex 1.018211 11.133731 1
    endloop
  endfacet
  facet normal 0.12533323 0.9921147 0
    outer loop
      vertex 0.20689476 11.288498 -1.6
      vertex 0.61742145 11.236636 1
      vertex 0.61742145 11.236636 -1.6
    endloop
  endfacet
  facet normal 0.12533323 0.9921147 0
    outer loop
      vertex 0.20689476 11.288498 -1.6
      vertex 0.20689476 11.288498 1
      vertex 0.61742145 11.236636 1
    endloop
  endfacet
  facet normal 0 1 0
    outer loop
      vertex -0.20689476 11.288498 -1.6
      vertex 0.20689476 11.288498 1
      vertex 0.20689476 11.288498 -1.6
    endloop
  endfacet
  facet normal 0 1 0
    outer loop
      vertex -0.20689476 11.288498 -1.6
      vertex -0.20689476 11.288498 1
      vertex 0.20689476 11.288498 1
    endloop
  endfacet
  facet normal -0.12533323 0.9921147 0
    outer loop
      vertex -0.61742145 11.236636 -1.6
      vertex -0.20689476 11.288498 1
      vertex -0.20689476 11.288498 -1.6
    endloop
  endfacet
  facet normal -0.12533323 0.9921147 0
    outer loop
      vertex -0.61742145 11.236636 -1.6
      vertex -0.61742145 11.236636 1
      vertex -0.20689476 11.288498 1
    endloop
  endfacet
  facet normal -0.24868989 0.96858317 0
    outer loop
      vertex -1.018211 11.133731 -1.6
      vertex -0.61742145 11.236636 1
      vertex -0.61742145 11.236636 -1.6
    endloop
  endfacet
  facet normal -0.24868989 0.96858317 0
    outer loop
      vertex -1.018211 11.133731 -1.6
      vertex -1.018211 11.133731 1
      vertex -0.61742145 11.236636 1
    endloop
  endfacet
  facet normal -0.36812454 0.9297765 0
    outer loop
      vertex -1.4029428 10.981405 -1.6
      vertex -1.018211 11.133731 1
      vertex -1.018211 11.133731 -1.6
    endloop
  endfacet
  facet normal -0.36812454 0.9297765 0
    outer loop
      vertex -1.4029428 10.981405 -1.6
      vertex -1.4029428 10.981405 1
      vertex -1.018211 11.133731 1
    endloop
  endfacet
  facet normal -0.48175368 0.87630665 0
    outer loop
      vertex -1.7655493 10.782061 -1.6
      vertex -1.4029428 10.981405 1
      vertex -1.4029428 10.981405 -1.6
    endloop
  endfacet
  facet normal -0.48175368 0.87630665 0
    outer loop
      vertex -1.7655493 10.782061 -1.6
      vertex -1.7655493 10.782061 1
      vertex -1.4029428 10.981405 1
    endloop
  endfacet
  facet normal -0.58778524 0.809017 0
    outer loop
      vertex -2.100312 10.538841 -1.6
      vertex -1.7655493 10.782061 1
      vertex -1.7655493 10.782061 -1.6
    endloop
  endfacet
  facet normal -0.58778524 0.809017 0
    outer loop
      vertex -2.100312 10.538841 -1.6
      vertex -2.100312 10.538841 1
      vertex -1.7655493 10.782061 1
    endloop
  endfacet
  facet normal -0.6845471 0.7289686 0
    outer loop
      vertex -2.4019516 10.255583 -1.6
      vertex -2.100312 10.538841 1
      vertex -2.100312 10.538841 -1.6
    endloop
  endfacet
  facet normal -0.6845471 0.7289686 0
    outer loop
      vertex -2.4019516 10.255583 -1.6
      vertex -2.4019516 10.255583 1
      vertex -2.100312 10.538841 1
    endloop
  endfacet
  facet normal -0.77051324 0.637424 0
    outer loop
      vertex -2.665711 9.936752 -1.6
      vertex -2.4019516 10.255583 1
      vertex -2.4019516 10.255583 -1.6
    endloop
  endfacet
  facet normal -0.77051324 0.637424 0
    outer loop
      vertex -2.665711 9.936752 -1.6
      vertex -2.665711 9.936752 1
      vertex -2.4019516 10.255583 1
    endloop
  endfacet
  facet normal -0.8443279 0.5358268 0
    outer loop
      vertex -2.8874304 9.5873785 -1.6
      vertex -2.665711 9.936752 1
      vertex -2.665711 9.936752 -1.6
    endloop
  endfacet
  facet normal -0.8443279 0.5358268 0
    outer loop
      vertex -2.8874304 9.5873785 -1.6
      vertex -2.8874304 9.5873785 1
      vertex -2.665711 9.936752 1
    endloop
  endfacet
  facet normal -0.90482706 0.42577928 0
    outer loop
      vertex -3.0636134 9.212971 -1.6
      vertex -2.8874304 9.5873785 1
      vertex -2.8874304 9.5873785 -1.6
    endloop
  endfacet
  facet normal -0.90482706 0.42577928 0
    outer loop
      vertex -3.0636134 9.212971 -1.6
      vertex -3.0636134 9.212971 1
      vertex -2.8874304 9.5873785 1
    endloop
  endfacet
  facet normal -0.95105654 0.309017 0
    outer loop
      vertex -3.1914816 8.819433 -1.6
      vertex -3.0636134 9.212971 1
      vertex -3.0636134 9.212971 -1.6
    endloop
  endfacet
  facet normal -0.95105654 0.309017 0
    outer loop
      vertex -3.1914816 8.819433 -1.6
      vertex -3.1914816 8.819433 1
      vertex -3.0636134 9.212971 1
    endloop
  endfacet
  facet normal -0.9822872 0.18738131 0
    outer loop
      vertex -3.269018 8.412973 -1.6
      vertex -3.1914816 8.819433 1
      vertex -3.1914816 8.819433 -1.6
    endloop
  endfacet
  facet normal -0.9822872 0.18738131 0
    outer loop
      vertex -3.269018 8.412973 -1.6
      vertex -3.269018 8.412973 1
      vertex -3.1914816 8.819433 1
    endloop
  endfacet
  facet normal -0.9980267 0.06279052 0
    outer loop
      vertex -3.295 8 -1.6
      vertex -3.269018 8.412973 1
      vertex -3.269018 8.412973 -1.6
    endloop
  endfacet
  facet normal -0.9980267 0.06279052 0
    outer loop
      vertex -3.295 8 -1.6
      vertex -3.295 8 1
      vertex -3.269018 8.412973 1
    endloop
  endfacet
  facet normal -0.9980267 -0.06279052 0
    outer loop
      vertex -3.269018 7.587027 -1.6
      vertex -3.295 8 1
      vertex -3.295 8 -1.6
    endloop
  endfacet
  facet normal -0.9980267 -0.06279052 0
    outer loop
      vertex -3.269018 7.587027 -1.6
      vertex -3.269018 7.587027 1
      vertex -3.295 8 1
    endloop
  endfacet
  facet normal -0.9822872 -0.18738131 0
    outer loop
      vertex -3.1914816 7.180567 -1.6
      vertex -3.269018 7.587027 1
      vertex -3.269018 7.587027 -1.6
    endloop
  endfacet
  facet normal -0.9822872 -0.18738131 0
    outer loop
      vertex -3.1914816 7.180567 -1.6
      vertex -3.1914816 7.180567 1
      vertex -3.269018 7.587027 1
    endloop
  endfacet
  facet normal -0.95105654 -0.309017 0
    outer loop
      vertex -3.0636134 6.7870297 -1.6
      vertex -3.1914816 7.180567 1
      vertex -3.1914816 7.180567 -1.6
    endloop
  endfacet
  facet normal -0.95105654 -0.309017 0
    outer loop
      vertex -3.0636134 6.7870297 -1.6
      vertex -3.0636134 6.7870297 1
      vertex -3.1914816 7.180567 1
    endloop
  endfacet
  facet normal -0.90482706 -0.42577928 0
    outer loop
      vertex -2.8874304 6.4126215 -1.6
      vertex -3.0636134 6.7870297 1
      vertex -3.0636134 6.7870297 -1.6
    endloop
  endfacet
  facet normal -0.90482706 -0.42577928 0
    outer loop
      vertex -2.8874304 6.4126215 -1.6
      vertex -2.8874304 6.4126215 1
      vertex -3.0636134 6.7870297 1
    endloop
  endfacet
  facet normal -0.8443279 -0.5358268 0
    outer loop
      vertex -2.665711 6.0632477 -1.6
      vertex -2.8874304 6.4126215 1
      vertex -2.8874304 6.4126215 -1.6
    endloop
  endfacet
  facet normal -0.8443279 -0.5358268 0
    outer loop
      vertex -2.665711 6.0632477 -1.6
      vertex -2.665711 6.0632477 1
      vertex -2.8874304 6.4126215 1
    endloop
  endfacet
  facet normal -0.77051324 -0.637424 0
    outer loop
      vertex -2.4019516 5.744417 -1.6
      vertex -2.665711 6.0632477 1
      vertex -2.665711 6.0632477 -1.6
    endloop
  endfacet
  facet normal -0.77051324 -0.637424 0
    outer loop
      vertex -2.4019516 5.744417 -1.6
      vertex -2.4019516 5.744417 1
      vertex -2.665711 6.0632477 1
    endloop
  endfacet
  facet normal -0.6845471 -0.7289686 0
    outer loop
      vertex -2.100312 5.4611588 -1.6
      vertex -2.4019516 5.744417 1
      vertex -2.4019516 5.744417 -1.6
    endloop
  endfacet
  facet normal -0.6845471 -0.7289686 0
    outer loop
      vertex -2.100312 5.4611588 -1.6
      vertex -2.100312 5.4611588 1
      vertex -2.4019516 5.744417 1
    endloop
  endfacet
  facet normal -0.58778524 -0.809017 0
    outer loop
      vertex -1.7655493 5.2179394 -1.6
      vertex -2.100312 5.4611588 1
      vertex -2.100312 5.4611588 -1.6
    endloop
  endfacet
  facet normal -0.58778524 -0.809017 0
    outer loop
      vertex -1.7655493 5.2179394 -1.6
      vertex -1.7655493 5.2179394 1
      vertex -2.100312 5.4611588 1
    endloop
  endfacet
  facet normal -0.48175368 -0.87630665 0
    outer loop
      vertex -1.4029428 5.0185947 -1.6
      vertex -1.7655493 5.2179394 1
      vertex -1.7655493 5.2179394 -1.6
    endloop
  endfacet
  facet normal -0.48175368 -0.87630665 0
    outer loop
      vertex -1.4029428 5.0185947 -1.6
      vertex -1.4029428 5.0185947 1
      vertex -1.7655493 5.2179394 1
    endloop
  endfacet
  facet normal -0.36812454 -0.9297765 0
    outer loop
      vertex -1.018211 4.8662686 -1.6
      vertex -1.4029428 5.0185947 1
      vertex -1.4029428 5.0185947 -1.6
    endloop
  endfacet
  facet normal -0.36812454 -0.9297765 0
    outer loop
      vertex -1.018211 4.8662686 -1.6
      vertex -1.018211 4.8662686 1
      vertex -1.4029428 5.0185947 1
    endloop
  endfacet
  facet normal -0.24868989 -0.96858317 0
    outer loop
      vertex -0.61742145 4.7633634 -1.6
      vertex -1.018211 4.8662686 1
      vertex -1.018211 4.8662686 -1.6
    endloop
  endfacet
  facet normal -0.24868989 -0.96858317 0
    outer loop
      vertex -0.61742145 4.7633634 -1.6
      vertex -0.61742145 4.7633634 1
      vertex -1.018211 4.8662686 1
    endloop
  endfacet
  facet normal -0.12533323 -0.9921147 0
    outer loop
      vertex -0.20689476 4.711502 -1.6
      vertex -0.61742145 4.7633634 1
      vertex -0.61742145 4.7633634 -1.6
    endloop
  endfacet
  facet normal -0.12533323 -0.9921147 0
    outer loop
      vertex -0.20689476 4.711502 -1.6
      vertex -0.20689476 4.711502 1
      vertex -0.61742145 4.7633634 1
    endloop
  endfacet
  facet normal 0 -1 0
    outer loop
      vertex 0.20689476 4.711502 -1.6
      vertex -0.20689476 4.711502 1
      vertex -0.20689476 4.711502 -1.6
    endloop
  endfacet
  facet normal 0 -1 0
    outer loop
      vertex 0.20689476 4.711502 -1.6
      vertex 0.20689476 4.711502 1
      vertex -0.20689476 4.711502 1
    endloop
  endfacet
  facet normal 0.12533323 -0.9921147 0
    outer loop
      vertex 0.61742145 4.7633634 -1.6
      vertex 0.20689476 4.711502 1
      vertex 0.20689476 4.711502 -1.6
    endloop
  endfacet
  facet normal 0.12533323 -0.9921147 0
    outer loop
      vertex 0.61742145 4.7633634 -1.6
      vertex 0.61742145 4.7633634 1
      vertex 0.20689476 4.711502 1
    endloop
  endfacet
  facet normal 0.12533323 0.9921147 0
    outer loop
      vertex -0.47594854 5.5049906 -1.6
      vertex -0.47594854 5.5049906 1
      vertex -0.15948792 5.465012 -1.6
    endloop
  endfacet
  facet normal 0.12533323 0.9921147 0
    outer loop
      vertex -0.15948792 5.465012 1
      vertex -0.15948792 5.465012 -1.6
      vertex -0.47594854 5.5049906 1
    endloop
  endfacet
  facet normal 0.24868989 0.96858317 0
    outer loop
      vertex -0.78490317 5.5843163 -1.6
      vertex -0.78490317 5.5843163 1
      vertex -0.47594854 5.5049906 -1.6
    endloop
  endfacet
  facet normal 0.24868989 0.96858317 0
    outer loop
      vertex -0.47594854 5.5049906 1
      vertex -0.47594854 5.5049906 -1.6
      vertex -0.78490317 5.5843163 1
    endloop
  endfacet
  facet normal 0.36812454 0.9297765 0
    outer loop
      vertex -1.0814794 5.7017393 -1.6
      vertex -1.0814794 5.7017393 1
      vertex -0.78490317 5.5843163 -1.6
    endloop
  endfacet
  facet normal 0.36812454 0.9297765 0
    outer loop
      vertex -0.78490317 5.5843163 1
      vertex -0.78490317 5.5843163 -1.6
      vertex -1.0814794 5.7017393 1
    endloop
  endfacet
  facet normal 0.48175368 0.87630665 0
    outer loop
      vertex -1.3610001 5.855407 -1.6
      vertex -1.3610001 5.855407 1
      vertex -1.0814794 5.7017393 -1.6
    endloop
  endfacet
  facet normal 0.48175368 0.87630665 0
    outer loop
      vertex -1.0814794 5.7017393 1
      vertex -1.0814794 5.7017393 -1.6
      vertex -1.3610001 5.855407 1
    endloop
  endfacet
  facet normal 0.58778524 0.809017 0
    outer loop
      vertex -1.6190569 6.0428963 -1.6
      vertex -1.6190569 6.0428963 1
      vertex -1.3610001 5.855407 -1.6
    endloop
  endfacet
  facet normal 0.58778524 0.809017 0
    outer loop
      vertex -1.3610001 5.855407 1
      vertex -1.3610001 5.855407 -1.6
      vertex -1.6190569 6.0428963 1
    endloop
  endfacet
  facet normal 0.6845471 0.7289686 0
    outer loop
      vertex -1.8515803 6.2612505 -1.6
      vertex -1.8515803 6.2612505 1
      vertex -1.6190569 6.0428963 -1.6
    endloop
  endfacet
  facet normal 0.6845471 0.7289686 0
    outer loop
      vertex -1.6190569 6.0428963 1
      vertex -1.6190569 6.0428963 -1.6
      vertex -1.8515803 6.2612505 1
    endloop
  endfacet
  facet normal 0.77051324 0.637424 0
    outer loop
      vertex -2.0549033 6.5070252 -1.6
      vertex -2.0549033 6.5070252 1
      vertex -1.8515803 6.2612505 -1.6
    endloop
  endfacet
  facet normal 0.77051324 0.637424 0
    outer loop
      vertex -1.8515803 6.2612505 1
      vertex -1.8515803 6.2612505 -1.6
      vertex -2.0549033 6.5070252 1
    endloop
  endfacet
  facet normal 0.8443279 0.5358268 0
    outer loop
      vertex -2.2258189 6.7763457 -1.6
      vertex -2.2258189 6.7763457 1
      vertex -2.0549033 6.5070252 -1.6
    endloop
  endfacet
  facet normal 0.8443279 0.5358268 0
    outer loop
      vertex -2.0549033 6.5070252 1
      vertex -2.0549033 6.5070252 -1.6
      vertex -2.2258189 6.7763457 1
    endloop
  endfacet
  facet normal 0.90482706 0.42577928 0
    outer loop
      vertex -2.3616323 7.064964 -1.6
      vertex -2.3616323 7.064964 1
      vertex -2.2258189 6.7763457 -1.6
    endloop
  endfacet
  facet normal 0.90482706 0.42577928 0
    outer loop
      vertex -2.2258189 6.7763457 1
      vertex -2.2258189 6.7763457 -1.6
      vertex -2.3616323 7.064964 1
    endloop
  endfacet
  facet normal 0.95105654 0.309017 0
    outer loop
      vertex -2.4602013 7.3683276 -1.6
      vertex -2.4602013 7.3683276 1
      vertex -2.3616323 7.064964 -1.6
    endloop
  endfacet
  facet normal 0.95105654 0.309017 0
    outer loop
      vertex -2.3616323 7.064964 1
      vertex -2.3616323 7.064964 -1.6
      vertex -2.4602013 7.3683276 1
    endloop
  endfacet
  facet normal 0.9822872 0.18738131 0
    outer loop
      vertex -2.5199714 7.6816535 -1.6
      vertex -2.5199714 7.6816535 1
      vertex -2.4602013 7.3683276 -1.6
    endloop
  endfacet
  facet normal 0.9822872 0.18738131 0
    outer loop
      vertex -2.4602013 7.3683276 1
      vertex -2.4602013 7.3683276 -1.6
      vertex -2.5199714 7.6816535 1
    endloop
  endfacet
  facet normal 0.9980267 0.06279052 0
    outer loop
      vertex -2.54 8 -1.6
      vertex -2.54 8 1
      vertex -2.5199714 7.6816535 -1.6
    endloop
  endfacet
  facet normal 0.9980267 0.06279052 0
    outer loop
      vertex -2.5199714 7.6816535 1
      vertex -2.5199714 7.6816535 -1.6
      vertex -2.54 8 1
    endloop
  endfacet
  facet normal 0.9980267 -0.06279052 0
    outer loop
      vertex -2.5199714 8.318346 -1.6
      vertex -2.5199714 8.318346 1
      vertex -2.54 8 -1.6
    endloop
  endfacet
  facet normal 0.9980267 -0.06279052 0
    outer loop
      vertex -2.54 8 1
      vertex -2.54 8 -1.6
      vertex -2.5199714 8.318346 1
    endloop
  endfacet
  facet normal 0.9822872 -0.18738131 0
    outer loop
      vertex -2.4602013 8.631672 -1.6
      vertex -2.4602013 8.631672 1
      vertex -2.5199714 8.318346 -1.6
    endloop
  endfacet
  facet normal 0.9822872 -0.18738131 0
    outer loop
      vertex -2.5199714 8.318346 1
      vertex -2.5199714 8.318346 -1.6
      vertex -2.4602013 8.631672 1
    endloop
  endfacet
  facet normal 0.95105654 -0.309017 0
    outer loop
      vertex -2.3616323 8.935037 -1.6
      vertex -2.3616323 8.935037 1
      vertex -2.4602013 8.631672 -1.6
    endloop
  endfacet
  facet normal 0.95105654 -0.309017 0
    outer loop
      vertex -2.4602013 8.631672 1
      vertex -2.4602013 8.631672 -1.6
      vertex -2.3616323 8.935037 1
    endloop
  endfacet
  facet normal 0.90482706 -0.42577928 0
    outer loop
      vertex -2.2258189 9.223655 -1.6
      vertex -2.2258189 9.223655 1
      vertex -2.3616323 8.935037 -1.6
    endloop
  endfacet
  facet normal 0.90482706 -0.42577928 0
    outer loop
      vertex -2.3616323 8.935037 1
      vertex -2.3616323 8.935037 -1.6
      vertex -2.2258189 9.223655 1
    endloop
  endfacet
  facet normal 0.8443279 -0.5358268 0
    outer loop
      vertex -2.0549033 9.492974 -1.6
      vertex -2.0549033 9.492974 1
      vertex -2.2258189 9.223655 -1.6
    endloop
  endfacet
  facet normal 0.8443279 -0.5358268 0
    outer loop
      vertex -2.2258189 9.223655 1
      vertex -2.2258189 9.223655 -1.6
      vertex -2.0549033 9.492974 1
    endloop
  endfacet
  facet normal 0.77051324 -0.637424 0
    outer loop
      vertex -1.8515803 9.7387495 -1.6
      vertex -1.8515803 9.7387495 1
      vertex -2.0549033 9.492974 -1.6
    endloop
  endfacet
  facet normal 0.77051324 -0.637424 0
    outer loop
      vertex -2.0549033 9.492974 1
      vertex -2.0549033 9.492974 -1.6
      vertex -1.8515803 9.7387495 1
    endloop
  endfacet
  facet normal 0.6845471 -0.7289686 0
    outer loop
      vertex -1.6190569 9.957104 -1.6
      vertex -1.6190569 9.957104 1
      vertex -1.8515803 9.7387495 -1.6
    endloop
  endfacet
  facet normal 0.6845471 -0.7289686 0
    outer loop
      vertex -1.8515803 9.7387495 1
      vertex -1.8515803 9.7387495 -1.6
      vertex -1.6190569 9.957104 1
    endloop
  endfacet
  facet normal 0.58778524 -0.809017 0
    outer loop
      vertex -1.3610001 10.144593 -1.6
      vertex -1.3610001 10.144593 1
      vertex -1.6190569 9.957104 -1.6
    endloop
  endfacet
  facet normal 0.58778524 -0.809017 0
    outer loop
      vertex -1.6190569 9.957104 1
      vertex -1.6190569 9.957104 -1.6
      vertex -1.3610001 10.144593 1
    endloop
  endfacet
  facet normal 0.48175368 -0.87630665 0
    outer loop
      vertex -1.0814794 10.298261 -1.6
      vertex -1.0814794 10.298261 1
      vertex -1.3610001 10.144593 -1.6
    endloop
  endfacet
  facet normal 0.48175368 -0.87630665 0
    outer loop
      vertex -1.3610001 10.144593 1
      vertex -1.3610001 10.144593 -1.6
      vertex -1.0814794 10.298261 1
    endloop
  endfacet
  facet normal 0.36812454 -0.9297765 0
    outer loop
      vertex -0.78490317 10.415684 -1.6
      vertex -0.78490317 10.415684 1
      vertex -1.0814794 10.298261 -1.6
    endloop
  endfacet
  facet normal 0.36812454 -0.9297765 0
    outer loop
      vertex -1.0814794 10.298261 1
      vertex -1.0814794 10.298261 -1.6
      vertex -0.78490317 10.415684 1
    endloop
  endfacet
  facet normal 0.24868989 -0.96858317 0
    outer loop
      vertex -0.47594854 10.495009 -1.6
      vertex -0.47594854 10.495009 1
      vertex -0.78490317 10.415684 -1.6
    endloop
  endfacet
  facet normal 0.24868989 -0.96858317 0
    outer loop
      vertex -0.78490317 10.415684 1
      vertex -0.78490317 10.415684 -1.6
      vertex -0.47594854 10.495009 1
    endloop
  endfacet
  facet normal 0.12533323 -0.9921147 0
    outer loop
      vertex -0.15948792 10.534987 -1.6
      vertex -0.15948792 10.534987 1
      vertex -0.47594854 10.495009 -1.6
    endloop
  endfacet
  facet normal 0.12533323 -0.9921147 0
    outer loop
      vertex -0.47594854 10.495009 1
      vertex -0.47594854 10.495009 -1.6
      vertex -0.15948792 10.534987 1
    endloop
  endfacet
  facet normal 0 -1 0
    outer loop
      vertex 0.15948792 10.534987 -1.6
      vertex 0.15948792 10.534987 1
      vertex -0.15948792 10.534987 -1.6
    endloop
  endfacet
  facet normal 0 -1 0
    outer loop
      vertex -0.15948792 10.534987 1
      vertex -0.15948792 10.534987 -1.6
      vertex 0.15948792 10.534987 1
    endloop
  endfacet
  facet normal -0.12533323 -0.9921147 0
    outer loop
      vertex 0.47594854 10.495009 -1.6
      vertex 0.47594854 10.495009 1
      vertex 0.15948792 10.534987 -1.6
    endloop
  endfacet
  facet normal -0.12533323 -0.9921147 0
    outer loop
      vertex 0.15948792 10.534987 1
      vertex 0.15948792 10.534987 -1.6
      vertex 0.47594854 10.495009 1
    endloop
  endfacet
  facet normal -0.24868989 -0.96858317 0
    outer loop
      vertex 0.78490317 10.415684 -1.6
      vertex 0.78490317 10.415684 1
      vertex 0.47594854 10.495009 -1.6
    endloop
  endfacet
  facet normal -0.24868989 -0.96858317 0
    outer loop
      vertex 0.47594854 10.495009 1
      vertex 0.47594854 10.495009 -1.6
      vertex 0.78490317 10.415684 1
    endloop
  endfacet
  facet normal -0.36812454 -0.9297765 0
    outer loop
      vertex 1.0814794 10.298261 -1.6
      vertex 1.0814794 10.298261 1
      vertex 0.78490317 10.415684 -1.6
    endloop
  endfacet
  facet normal -0.36812454 -0.9297765 0
    outer loop
      vertex 0.78490317 10.415684 1
      vertex 0.78490317 10.415684 -1.6
      vertex 1.0814794 10.298261 1
    endloop
  endfacet
  facet normal -0.48175368 -0.87630665 0
    outer loop
      vertex 1.3610001 10.144593 -1.6
      vertex 1.3610001 10.144593 1
      vertex 1.0814794 10.298261 -1.6
    endloop
  endfacet
  facet normal -0.48175368 -0.87630665 0
    outer loop
      vertex 1.0814794 10.298261 1
      vertex 1.0814794 10.298261 -1.6
      vertex 1.3610001 10.144593 1
    endloop
  endfacet
  facet normal -0.58778524 -0.809017 0
    outer loop
      vertex 1.6190569 9.957104 -1.6
      vertex 1.6190569 9.957104 1
      vertex 1.3610001 10.144593 -1.6
    endloop
  endfacet
  facet normal -0.58778524 -0.809017 0
    outer loop
      vertex 1.3610001 10.144593 1
      vertex 1.3610001 10.144593 -1.6
      vertex 1.6190569 9.957104 1
    endloop
  endfacet
  facet normal -0.6845471 -0.7289686 0
    outer loop
      vertex 1.8515803 9.7387495 -1.6
      vertex 1.8515803 9.7387495 1
      vertex 1.6190569 9.957104 -1.6
    endloop
  endfacet
  facet normal -0.6845471 -0.7289686 0
    outer loop
      vertex 1.6190569 9.957104 1
      vertex 1.6190569 9.957104 -1.6
      vertex 1.8515803 9.7387495 1
    endloop
  endfacet
  facet normal -0.77051324 -0.637424 0
    outer loop
      vertex 2.0549033 9.492974 -1.6
      vertex 2.0549033 9.492974 1
      vertex 1.8515803 9.7387495 -1.6
    endloop
  endfacet
  facet normal -0.77051324 -0.637424 0
    outer loop
      vertex 1.8515803 9.7387495 1
      vertex 1.8515803 9.7387495 -1.6
      vertex 2.0549033 9.492974 1
    endloop
  endfacet
  facet normal -0.8443279 -0.5358268 0
    outer loop
      vertex 2.2258189 9.223655 -1.6
      vertex 2.2258189 9.223655 1
      vertex 2.0549033 9.492974 -1.6
    endloop
  endfacet
  facet normal -0.8443279 -0.5358268 0
    outer loop
      vertex 2.0549033 9.492974 1
      vertex 2.0549033 9.492974 -1.6
      vertex 2.2258189 9.223655 1
    endloop
  endfacet
  facet normal -0.90482706 -0.42577928 0
    outer loop
      vertex 2.3616323 8.935037 -1.6
      vertex 2.3616323 8.935037 1
      vertex 2.2258189 9.223655 -1.6
    endloop
  endfacet
  facet normal -0.90482706 -0.42577928 0
    outer loop
      vertex 2.2258189 9.223655 1
      vertex 2.2258189 9.223655 -1.6
      vertex 2.3616323 8.935037 1
    endloop
  endfacet
  facet normal -0.95105654 -0.309017 0
    outer loop
      vertex 2.4602013 8.631672 -1.6
      vertex 2.4602013 8.631672 1
      vertex 2.3616323 8.935037 -1.6
    endloop
  endfacet
  facet normal -0.95105654 -0.309017 0
    outer loop
      vertex 2.3616323 8.935037 1
      vertex 2.3616323 8.935037 -1.6
      vertex 2.4602013 8.631672 1
    endloop
  endfacet
  facet normal -0.9822872 -0.18738131 0
    outer loop
      vertex 2.5199714 8.318346 -1.6
      vertex 2.5199714 8.318346 1
      vertex 2.4602013 8.631672 -1.6
    endloop
  endfacet
  facet normal -0.9822872 -0.18738131 0
    outer loop
      vertex 2.4602013 8.631672 1
      vertex 2.4602013 8.631672 -1.6
      vertex 2.5199714 8.318346 1
    endloop
  endfacet
  facet normal -0.9980267 -0.06279052 0
    outer loop
      vertex 2.54 8 -1.6
      vertex 2.54 8 1
      vertex 2.5199714 8.318346 -1.6
    endloop
  endfacet
  facet normal -0.9980267 -0.06279052 0
    outer loop
      vertex 2.5199714 8.318346 1
      vertex 2.5199714 8.318346 -1.6
      vertex 2.54 8 1
    endloop
  endfacet
  facet normal -0.9980267 0.06279052 0
    outer loop
      vertex 2.5199714 7.6816535 -1.6
      vertex 2.5199714 7.6816535 1
      vertex 2.54 8 -1.6
    endloop
  endfacet
  facet normal -0.9980267 0.06279052 0
    outer loop
      vertex 2.54 8 1
      vertex 2.54 8 -1.6
      vertex 2.5199714 7.6816535 1
    endloop
  endfacet
  facet normal -0.9822872 0.18738131 0
    outer loop
      vertex 2.4602013 7.3683276 -1.6
      vertex 2.4602013 7.3683276 1
      vertex 2.5199714 7.6816535 -1.6
    endloop
  endfacet
  facet normal -0.9822872 0.18738131 0
    outer loop
      vertex 2.5199714 7.6816535 1
      vertex 2.5199714 7.6816535 -1.6
      vertex 2.4602013 7.3683276 1
    endloop
  endfacet
  facet normal -0.95105654 0.309017 0
    outer loop
      vertex 2.3616323 7.064964 -1.6
      vertex 2.3616323 7.064964 1
      vertex 2.4602013 7.3683276 -1.6
    endloop
  endfacet
  facet normal -0.95105654 0.309017 0
    outer loop
      vertex 2.4602013 7.3683276 1
      vertex 2.4602013 7.3683276 -1.6
      vertex 2.3616323 7.064964 1
    endloop
  endfacet
  facet normal -0.90482706 0.42577928 0
    outer loop
      vertex 2.2258189 6.7763457 -1.6
      vertex 2.2258189 6.7763457 1
      vertex 2.3616323 7.064964 -1.6
    endloop
  endfacet
  facet normal -0.90482706 0.42577928 0
    outer loop
      vertex 2.3616323 7.064964 1
      vertex 2.3616323 7.064964 -1.6
      vertex 2.2258189 6.7763457 1
    endloop
  endfacet
  facet normal -0.8443279 0.5358268 0
    outer loop
      vertex 2.0549033 6.5070252 -1.6
      vertex 2.0549033 6.5070252 1
      vertex 2.2258189 6.7763457 -1.6
    endloop
  endfacet
  facet normal -0.8443279 0.5358268 0
    outer loop
      vertex 2.2258189 6.7763457 1
      vertex 2.2258189 6.7763457 -1.6
      vertex 2.0549033 6.5070252 1
    endloop
  endfacet
  facet normal -0.77051324 0.637424 0
    outer loop
      vertex 1.8515803 6.2612505 -1.6
      vertex 1.8515803 6.2612505 1
      vertex 2.0549033 6.5070252 -1.6
    endloop
  endfacet
  facet normal -0.77051324 0.637424 0
    outer loop
      vertex 2.0549033 6.5070252 1
      vertex 2.0549033 6.5070252 -1.6
      vertex 1.8515803 6.2612505 1
    endloop
  endfacet
  facet normal -0.6845471 0.7289686 0
    outer loop
      vertex 1.6190569 6.0428963 -1.6
      vertex 1.6190569 6.0428963 1
      vertex 1.8515803 6.2612505 -1.6
    endloop
  endfacet
  facet normal -0.6845471 0.7289686 0
    outer loop
      vertex 1.8515803 6.2612505 1
      vertex 1.8515803 6.2612505 -1.6
      vertex 1.6190569 6.0428963 1
    endloop
  endfacet
  facet normal -0.58778524 0.809017 0
    outer loop
      vertex 1.3610001 5.855407 -1.6
      vertex 1.3610001 5.855407 1
      vertex 1.6190569 6.0428963 -1.6
    endloop
  endfacet
  facet normal -0.58778524 0.809017 0
    outer loop
      vertex 1.6190569 6.0428963 1
      vertex 1.6190569 6.0428963 -1.6
      vertex 1.3610001 5.855407 1
    endloop
  endfacet
  facet normal -0.48175368 0.87630665 0
    outer loop
      vertex 1.0814794 5.7017393 -1.6
      vertex 1.0814794 5.7017393 1
      vertex 1.3610001 5.855407 -1.6
    endloop
  endfacet
  facet normal -0.48175368 0.87630665 0
    outer loop
      vertex 1.3610001 5.855407 1
      vertex 1.3610001 5.855407 -1.6
      vertex 1.0814794 5.7017393 1
    endloop
  endfacet
  facet normal -0.36812454 0.9297765 0
    outer loop
      vertex 0.78490317 5.5843163 -1.6
      vertex 0.78490317 5.5843163 1
      vertex 1.0814794 5.7017393 -1.6
    endloop
  endfacet
  facet normal -0.36812454 0.9297765 0
    outer loop
      vertex 1.0814794 5.7017393 1
      vertex 1.0814794 5.7017393 -1.6
      vertex 0.78490317 5.5843163 1
    endloop
  endfacet
  facet normal -0.24868989 0.96858317 0
    outer loop
      vertex 0.47594854 5.5049906 -1.6
      vertex 0.47594854 5.5049906 1
      vertex 0.78490317 5.5843163 -1.6
    endloop
  endfacet
  facet normal -0.24868989 0.96858317 0
    outer loop
      vertex 0.78490317 5.5843163 1
      vertex 0.78490317 5.5843163 -1.6
      vertex 0.47594854 5.5049906 1
    endloop
  endfacet
  facet normal -0.12533323 0.9921147 0
    outer loop
      vertex 0.15948792 5.465012 -1.6
      vertex 0.15948792 5.465012 1
      vertex 0.47594854 5.5049906 -1.6
    endloop
  endfacet
  facet normal -0.12533323 0.9921147 0
    outer loop
      vertex 0.47594854 5.5049906 1
      vertex 0.47594854 5.5049906 -1.6
      vertex 0.15948792 5.465012 1
    endloop
  endfacet
  facet normal 0 1 0
    outer loop
      vertex -0.15948792 5.465012 -1.6
      vertex -0.15948792 5.465012 1
      vertex 0.15948792 5.465012 -1.6
    endloop
  endfacet
  facet normal 0 1 0
    outer loop
      vertex 0.15948792 5.465012 1
      vertex 0.15948792 5.465012 -1.6
      vertex -0.15948792 5.465012 1
    endloop
  endfacet
  facet normal 0.24868989 -0.96858317 0
    outer loop
      vertex 1.018211 -3.1337311 -1.6
      vertex 0.61742145 -3.2366364 1
      vertex 0.61742145 -3.2366364 -1.6
    endloop
  endfacet
  facet normal 0.24868989 -0.96858317 0
    outer loop
      vertex 1.018211 -3.1337311 -1.6
      vertex 1.018211 -3.1337311 1
      vertex 0.61742145 -3.2366364 1
    endloop
  endfacet
  facet normal 0.36812454 -0.9297765 0
    outer loop
      vertex 1.4029428 -2.981405 -1.6
      vertex 1.018211 -3.1337311 1
      vertex 1.018211 -3.1337311 -1.6
    endloop
  endfacet
  facet normal 0.36812454 -0.9297765 0
    outer loop
      vertex 1.4029428 -2.981405 -1.6
      vertex 1.4029428 -2.981405 1
      vertex 1.018211 -3.1337311 1
    endloop
  endfacet
  facet normal 0.48175368 -0.87630665 0
    outer loop
      vertex 1.7655493 -2.7820606 -1.6
      vertex 1.4029428 -2.981405 1
      vertex 1.4029428 -2.981405 -1.6
    endloop
  endfacet
  facet normal 0.48175368 -0.87630665 0
    outer loop
      vertex 1.7655493 -2.7820606 -1.6
      vertex 1.7655493 -2.7820606 1
      vertex 1.4029428 -2.981405 1
    endloop
  endfacet
  facet normal 0.58778524 -0.809017 0
    outer loop
      vertex 2.100312 -2.5388412 -1.6
      vertex 1.7655493 -2.7820606 1
      vertex 1.7655493 -2.7820606 -1.6
    endloop
  endfacet
  facet normal 0.58778524 -0.809017 0
    outer loop
      vertex 2.100312 -2.5388412 -1.6
      vertex 2.100312 -2.5388412 1
      vertex 1.7655493 -2.7820606 1
    endloop
  endfacet
  facet normal 0.6845471 -0.7289686 0
    outer loop
      vertex 2.4019516 -2.2555828 -1.6
      vertex 2.100312 -2.5388412 1
      vertex 2.100312 -2.5388412 -1.6
    endloop
  endfacet
  facet normal 0.6845471 -0.7289686 0
    outer loop
      vertex 2.4019516 -2.2555828 -1.6
      vertex 2.4019516 -2.2555828 1
      vertex 2.100312 -2.5388412 1
    endloop
  endfacet
  facet normal 0.77051324 -0.637424 0
    outer loop
      vertex 2.665711 -1.9367524 -1.6
      vertex 2.4019516 -2.2555828 1
      vertex 2.4019516 -2.2555828 -1.6
    endloop
  endfacet
  facet normal 0.77051324 -0.637424 0
    outer loop
      vertex 2.665711 -1.9367524 -1.6
      vertex 2.665711 -1.9367524 1
      vertex 2.4019516 -2.2555828 1
    endloop
  endfacet
  facet normal 0.8443279 -0.5358268 0
    outer loop
      vertex 2.8874304 -1.5873784 -1.6
      vertex 2.665711 -1.9367524 1
      vertex 2.665711 -1.9367524 -1.6
    endloop
  endfacet
  facet normal 0.8443279 -0.5358268 0
    outer loop
      vertex 2.8874304 -1.5873784 -1.6
      vertex 2.8874304 -1.5873784 1
      vertex 2.665711 -1.9367524 1
    endloop
  endfacet
  facet normal 0.90482706 -0.42577928 0
    outer loop
      vertex 3.0636134 -1.2129704 -1.6
      vertex 2.8874304 -1.5873784 1
      vertex 2.8874304 -1.5873784 -1.6
    endloop
  endfacet
  facet normal 0.90482706 -0.42577928 0
    outer loop
      vertex 3.0636134 -1.2129704 -1.6
      vertex 3.0636134 -1.2129704 1
      vertex 2.8874304 -1.5873784 1
    endloop
  endfacet
  facet normal 0.95105654 -0.309017 0
    outer loop
      vertex 3.1914816 -0.81943315 -1.6
      vertex 3.0636134 -1.2129704 1
      vertex 3.0636134 -1.2129704 -1.6
    endloop
  endfacet
  facet normal 0.95105654 -0.309017 0
    outer loop
      vertex 3.1914816 -0.81943315 -1.6
      vertex 3.1914816 -0.81943315 1
      vertex 3.0636134 -1.2129704 1
    endloop
  endfacet
  facet normal 0.9822872 -0.18738131 0
    outer loop
      vertex 3.269018 -0.41297302 -1.6
      vertex 3.1914816 -0.81943315 1
      vertex 3.1914816 -0.81943315 -1.6
    endloop
  endfacet
  facet normal 0.9822872 -0.18738131 0
    outer loop
      vertex 3.269018 -0.41297302 -1.6
      vertex 3.269018 -0.41297302 1
      vertex 3.1914816 -0.81943315 1
    endloop
  endfacet
  facet normal 0.9980267 -0.06279052 0
    outer loop
      vertex 3.295 0 -1.6
      vertex 3.269018 -0.41297302 1
      vertex 3.269018 -0.41297302 -1.6
    endloop
  endfacet
  facet normal 0.9980267 -0.06279052 0
    outer loop
      vertex 3.295 0 -1.6
      vertex 3.295 0 1
      vertex 3.269018 -0.41297302 1
    endloop
  endfacet
  facet normal 0.9980267 0.06279052 0
    outer loop
      vertex 3.269018 0.41297302 -1.6
      vertex 3.295 0 1
      vertex 3.295 0 -1.6
    endloop
  endfacet
  facet normal 0.9980267 0.06279052 0
    outer loop
      vertex 3.269018 0.41297302 -1.6
      vertex 3.269018 0.41297302 1
      vertex 3.295 0 1
    endloop
  endfacet
  facet normal 0.9822872 0.18738131 0
    outer loop
      vertex 3.1914816 0.81943315 -1.6
      vertex 3.269018 0.41297302 1
      vertex 3.269018 0.41297302 -1.6
    endloop
  endfacet
  facet normal 0.9822872 0.18738131 0
    outer loop
      vertex 3.1914816 0.81943315 -1.6
      vertex 3.1914816 0.81943315 1
      vertex 3.269018 0.41297302 1
    endloop
  endfacet
  facet normal 0.95105654 0.309017 0
    outer loop
      vertex 3.0636134 1.2129704 -1.6
      vertex 3.1914816 0.81943315 1
      vertex 3.1914816 0.81943315 -1.6
    endloop
  endfacet
  facet normal 0.95105654 0.309017 0
    outer loop
      vertex 3.0636134 1.2129704 -1.6
      vertex 3.0636134 1.2129704 1
      vertex 3.1914816 0.81943315 1
    endloop
  endfacet
  facet normal 0.90482706 0.42577928 0
    outer loop
      vertex 2.8874304 1.5873784 -1.6
      vertex 3.0636134 1.2129704 1
      vertex 3.0636134 1.2129704 -1.6
    endloop
  endfacet
  facet normal 0.90482706 0.42577928 0
    outer loop
      vertex 2.8874304 1.5873784 -1.6
      vertex 2.8874304 1.5873784 1
      vertex 3.0636134 1.2129704 1
    endloop
  endfacet
  facet normal 0.8443279 0.5358268 0
    outer loop
      vertex 2.665711 1.9367524 -1.6
      vertex 2.8874304 1.5873784 1
      vertex 2.8874304 1.5873784 -1.6
    endloop
  endfacet
  facet normal 0.8443279 0.5358268 0
    outer loop
      vertex 2.665711 1.9367524 -1.6
      vertex 2.665711 1.9367524 1
      vertex 2.8874304 1.5873784 1
    endloop
  endfacet
  facet normal 0.77051324 0.637424 0
    outer loop
      vertex 2.4019516 2.2555828 -1.6
      vertex 2.665711 1.9367524 1
      vertex 2.665711 1.9367524 -1.6
    endloop
  endfacet
  facet normal 0.77051324 0.637424 0
    outer loop
      vertex 2.4019516 2.2555828 -1.6
      vertex 2.4019516 2.2555828 1
      vertex 2.665711 1.9367524 1
    endloop
  endfacet
  facet normal 0.6845471 0.7289686 0
    outer loop
      vertex 2.100312 2.5388412 -1.6
      vertex 2.4019516 2.2555828 1
      vertex 2.4019516 2.2555828 -1.6
    endloop
  endfacet
  facet normal 0.6845471 0.7289686 0
    outer loop
      vertex 2.100312 2.5388412 -1.6
      vertex 2.100312 2.5388412 1
      vertex 2.4019516 2.2555828 1
    endloop
  endfacet
  facet normal 0.58778524 0.809017 0
    outer loop
      vertex 1.7655493 2.7820606 -1.6
      vertex 2.100312 2.5388412 1
      vertex 2.100312 2.5388412 -1.6
    endloop
  endfacet
  facet normal 0.58778524 0.809017 0
    outer loop
      vertex 1.7655493 2.7820606 -1.6
      vertex 1.7655493 2.7820606 1
      vertex 2.100312 2.5388412 1
    endloop
  endfacet
  facet normal 0.48175368 0.87630665 0
    outer loop
      vertex 1.4029428 2.981405 -1.6
      vertex 1.7655493 2.7820606 1
      vertex 1.7655493 2.7820606 -1.6
    endloop
  endfacet
  facet normal 0.48175368 0.87630665 0
    outer loop
      vertex 1.4029428 2.981405 -1.6
      vertex 1.4029428 2.981405 1
      vertex 1.7655493 2.7820606 1
    endloop
  endfacet
  facet normal 0.36812454 0.9297765 0
    outer loop
      vertex 1.018211 3.1337311 -1.6
      vertex 1.4029428 2.981405 1
      vertex 1.4029428 2.981405 -1.6
    endloop
  endfacet
  facet normal 0.36812454 0.9297765 0
    outer loop
      vertex 1.018211 3.1337311 -1.6
      vertex 1.018211 3.1337311 1
      vertex 1.4029428 2.981405 1
    endloop
  endfacet
  facet normal 0.24868989 0.96858317 0
    outer loop
      vertex 0.61742145 3.2366364 -1.6
      vertex 1.018211 3.1337311 1
      vertex 1.018211 3.1337311 -1.6
    endloop
  endfacet
  facet normal 0.24868989 0.96858317 0
    outer loop
      vertex 0.61742145 3.2366364 -1.6
      vertex 0.61742145 3.2366364 1
      vertex 1.018211 3.1337311 1
    endloop
  endfacet
  facet normal 0.12533323 0.9921147 0
    outer loop
      vertex 0.20689476 3.2884982 -1.6
      vertex 0.61742145 3.2366364 1
      vertex 0.61742145 3.2366364 -1.6
    endloop
  endfacet
  facet normal 0.12533323 0.9921147 0
    outer loop
      vertex 0.20689476 3.2884982 -1.6
      vertex 0.20689476 3.2884982 1
      vertex 0.61742145 3.2366364 1
    endloop
  endfacet
  facet normal 0 1 0
    outer loop
      vertex -0.20689476 3.2884982 -1.6
      vertex 0.20689476 3.2884982 1
      vertex 0.20689476 3.2884982 -1.6
    endloop
  endfacet
  facet normal 0 1 0
    outer loop
      vertex -0.20689476 3.2884982 -1.6
      vertex -0.20689476 3.2884982 1
      vertex 0.20689476 3.2884982 1
    endloop
  endfacet
  facet normal -0.12533323 0.9921147 0
    outer loop
      vertex -0.61742145 3.2366364 -1.6
      vertex -0.20689476 3.2884982 1
      vertex -0.20689476 3.2884982 -1.6
    endloop
  endfacet
  facet normal -0.12533323 0.9921147 0
    outer loop
      vertex -0.61742145 3.2366364 -1.6
      vertex -0.61742145 3.2366364 1
      vertex -0.20689476 3.2884982 1
    endloop
  endfacet
  facet normal -0.24868989 0.96858317 0
    outer loop
      vertex -1.018211 3.1337311 -1.6
      vertex -0.61742145 3.2366364 1
      vertex -0.61742145 3.2366364 -1.6
    endloop
  endfacet
  facet normal -0.24868989 0.96858317 0
    outer loop
      vertex -1.018211 3.1337311 -1.6
      vertex -1.018211 3.1337311 1
      vertex -0.61742145 3.2366364 1
    endloop
  endfacet
  facet normal -0.36812454 0.9297765 0
    outer loop
      vertex -1.4029428 2.981405 -1.6
      vertex -1.018211 3.1337311 1
      vertex -1.018211 3.1337311 -1.6
    endloop
  endfacet
  facet normal -0.36812454 0.9297765 0
    outer loop
      vertex -1.4029428 2.981405 -1.6
      vertex -1.4029428 2.981405 1
      vertex -1.018211 3.1337311 1
    endloop
  endfacet
  facet normal -0.48175368 0.87630665 0
    outer loop
      vertex -1.7655493 2.7820606 -1.6
      vertex -1.4029428 2.981405 1
      vertex -1.4029428 2.981405 -1.6
    endloop
  endfacet
  facet normal -0.48175368 0.87630665 0
    outer loop
      vertex -1.7655493 2.7820606 -1.6
      vertex -1.7655493 2.7820606 1
      vertex -1.4029428 2.981405 1
    endloop
  endfacet
  facet normal -0.58778524 0.809017 0
    outer loop
      vertex -2.100312 2.5388412 -1.6
      vertex -1.7655493 2.7820606 1
      vertex -1.7655493 2.7820606 -1.6
    endloop
  endfacet
  facet normal -0.58778524 0.809017 0
    outer loop
      vertex -2.100312 2.5388412 -1.6
      vertex -2.100312 2.5388412 1
      vertex -1.7655493 2.7820606 1
    endloop
  endfacet
  facet normal -0.6845471 0.7289686 0
    outer loop
      vertex -2.4019516 2.2555828 -1.6
      vertex -2.100312 2.5388412 1
      vertex -2.100312 2.5388412 -1.6
    endloop
  endfacet
  facet normal -0.6845471 0.7289686 0
    outer loop
      vertex -2.4019516 2.2555828 -1.6
      vertex -2.4019516 2.2555828 1
      vertex -2.100312 2.5388412 1
    endloop
  endfacet
  facet normal -0.77051324 0.637424 0
    outer loop
      vertex -2.665711 1.9367524 -1.6
      vertex -2.4019516 2.2555828 1
      vertex -2.4019516 2.2555828 -1.6
    endloop
  endfacet
  facet normal -0.77051324 0.637424 0
    outer loop
      vertex -2.665711 1.9367524 -1.6
      vertex -2.665711 1.9367524 1
      vertex -2.4019516 2.2555828 1
    endloop
  endfacet
  facet normal -0.8443279 0.5358268 0
    outer loop
      vertex -2.8874304 1.5873784 -1.6
      vertex -2.665711 1.9367524 1
      vertex -2.665711 1.9367524 -1.6
    endloop
  endfacet
  facet normal -0.8443279 0.5358268 0
    outer loop
      vertex -2.8874304 1.5873784 -1.6
      vertex -2.8874304 1.5873784 1
      vertex -2.665711 1.9367524 1
    endloop
  endfacet
  facet normal -0.90482706 0.42577928 0
    outer loop
      vertex -3.0636134 1.2129704 -1.6
      vertex -2.8874304 1.5873784 1
      vertex -2.8874304 1.5873784 -1.6
    endloop
  endfacet
  facet normal -0.90482706 0.42577928 0
    outer loop
      vertex -3.0636134 1.2129704 -1.6
      vertex -3.0636134 1.2129704 1
      vertex -2.8874304 1.5873784 1
    endloop
  endfacet
  facet normal -0.95105654 0.309017 0
    outer loop
      vertex -3.1914816 0.81943315 -1.6
      vertex -3.0636134 1.2129704 1
      vertex -3.0636134 1.2129704 -1.6
    endloop
  endfacet
  facet normal -0.95105654 0.309017 0
    outer loop
      vertex -3.1914816 0.81943315 -1.6
      vertex -3.1914816 0.81943315 1
      vertex -3.0636134 1.2129704 1
    endloop
  endfacet
  facet normal -0.9822872 0.18738131 0
    outer loop
      vertex -3.269018 0.41297302 -1.6
      vertex -3.1914816 0.81943315 1
      vertex -3.1914816 0.81943315 -1.6
    endloop
  endfacet
  facet normal -0.9822872 0.18738131 0
    outer loop
      vertex -3.269018 0.41297302 -1.6
      vertex -3.269018 0.41297302 1
      vertex -3.1914816 0.81943315 1
    endloop
  endfacet
  facet normal -0.9980267 0.06279052 0
    outer loop
      vertex -3.295 0 -1.6
      vertex -3.269018 0.41297302 1
      vertex -3.269018 0.41297302 -1.6
    endloop
  endfacet
  facet normal -0.9980267 0.06279052 0
    outer loop
      vertex -3.295 0 -1.6
      vertex -3.295 0 1
      vertex -3.269018 0.41297302 1
    endloop
  endfacet
  facet normal -0.9980267 -0.06279052 0
    outer loop
      vertex -3.269018 -0.41297302 -1.6
      vertex -3.295 0 1
      vertex -3.295 0 -1.6
    endloop
  endfacet
  facet normal -0.9980267 -0.06279052 0
    outer loop
      vertex -3.269018 -0.41297302 -1.6
      vertex -3.269018 -0.41297302 1
      vertex -3.295 0 1
    endloop
  endfacet
  facet normal -0.9822872 -0.18738131 0
    outer loop
      vertex -3.1914816 -0.81943315 -1.6
      vertex -3.269018 -0.41297302 1
      vertex -3.269018 -0.41297302 -1.6
    endloop
  endfacet
  facet normal -0.9822872 -0.18738131 0
    outer loop
      vertex -3.1914816 -0.81943315 -1.6
      vertex -3.1914816 -0.81943315 1
      vertex -3.269018 -0.41297302 1
    endloop
  endfacet
  facet normal -0.95105654 -0.309017 0
    outer loop
      vertex -3.0636134 -1.2129704 -1.6
      vertex -3.1914816 -0.81943315 1
      vertex -3.1914816 -0.81943315 -1.6
    endloop
  endfacet
  facet normal -0.95105654 -0.309017 0
    outer loop
      vertex -3.0636134 -1.2129704 -1.6
      vertex -3.0636134 -1.2129704 1
      vertex -3.1914816 -0.81943315 1
    endloop
  endfacet
  facet normal -0.90482706 -0.42577928 0
    outer loop
      vertex -2.8874304 -1.5873784 -1.6
      vertex -3.0636134 -1.2129704 1
      vertex -3.0636134 -1.2129704 -1.6
    endloop
  endfacet
  facet normal -0.90482706 -0.42577928 0
    outer loop
      vertex -2.8874304 -1.5873784 -1.6
      vertex -2.8874304 -1.5873784 1
      vertex -3.0636134 -1.2129704 1
    endloop
  endfacet
  facet normal -0.8443279 -0.5358268 0
    outer loop
      vertex -2.665711 -1.9367524 -1.6
      vertex -2.8874304 -1.5873784 1
      vertex -2.8874304 -1.5873784 -1.6
    endloop
  endfacet
  facet normal -0.8443279 -0.5358268 0
    outer loop
      vertex -2.665711 -1.9367524 -1.6
      vertex -2.665711 -1.9367524 1
      vertex -2.8874304 -1.5873784 1
    endloop
  endfacet
  facet normal -0.77051324 -0.637424 0
    outer loop
      vertex -2.4019516 -2.2555828 -1.6
      vertex -2.665711 -1.9367524 1
      vertex -2.665711 -1.9367524 -1.6
    endloop
  endfacet
  facet normal -0.77051324 -0.637424 0
    outer loop
      vertex -2.4019516 -2.2555828 -1.6
      vertex -2.4019516 -2.2555828 1
      vertex -2.665711 -1.9367524 1
    endloop
  endfacet
  facet normal -0.6845471 -0.7289686 0
    outer loop
      vertex -2.100312 -2.5388412 -1.6
      vertex -2.4019516 -2.2555828 1
      vertex -2.4019516 -2.2555828 -1.6
    endloop
  endfacet
  facet normal -0.6845471 -0.7289686 0
    outer loop
      vertex -2.100312 -2.5388412 -1.6
      vertex -2.100312 -2.5388412 1
      vertex -2.4019516 -2.2555828 1
    endloop
  endfacet
  facet normal -0.58778524 -0.809017 0
    outer loop
      vertex -1.7655493 -2.7820606 -1.6
      vertex -2.100312 -2.5388412 1
      vertex -2.100312 -2.5388412 -1.6
    endloop
  endfacet
  facet normal -0.58778524 -0.809017 0
    outer loop
      vertex -1.7655493 -2.7820606 -1.6
      vertex -1.7655493 -2.7820606 1
      vertex -2.100312 -2.5388412 1
    endloop
  endfacet
  facet normal -0.48175368 -0.87630665 0
    outer loop
      vertex -1.4029428 -2.981405 -1.6
      vertex -1.7655493 -2.7820606 1
      vertex -1.7655493 -2.7820606 -1.6
    endloop
  endfacet
  facet normal -0.48175368 -0.87630665 0
    outer loop
      vertex -1.4029428 -2.981405 -1.6
      vertex -1.4029428 -2.981405 1
      vertex -1.7655493 -2.7820606 1
    endloop
  endfacet
  facet normal -0.36812454 -0.9297765 0
    outer loop
      vertex -1.018211 -3.1337311 -1.6
      vertex -1.4029428 -2.981405 1
      vertex -1.4029428 -2.981405 -1.6
    endloop
  endfacet
  facet normal -0.36812454 -0.9297765 0
    outer loop
      vertex -1.018211 -3.1337311 -1.6
      vertex -1.018211 -3.1337311 1
      vertex -1.4029428 -2.981405 1
    endloop
  endfacet
  facet normal -0.24868989 -0.96858317 0
    outer loop
      vertex -0.61742145 -3.2366364 -1.6
      vertex -1.018211 -3.1337311 1
      vertex -1.018211 -3.1337311 -1.6
    endloop
  endfacet
  facet normal -0.24868989 -0.96858317 0
    outer loop
      vertex -0.61742145 -3.2366364 -1.6
      vertex -0.61742145 -3.2366364 1
      vertex -1.018211 -3.1337311 1
    endloop
  endfacet
  facet normal -0.12533323 -0.9921147 0
    outer loop
      vertex -0.20689476 -3.2884982 -1.6
      vertex -0.61742145 -3.2366364 1
      vertex -0.61742145 -3.2366364 -1.6
    endloop
  endfacet
  facet normal -0.12533323 -0.9921147 0
    outer loop
      vertex -0.20689476 -3.2884982 -1.6
      vertex -0.20689476 -3.2884982 1
      vertex -0.61742145 -3.2366364 1
    endloop
  endfacet
  facet normal 0 -1 0
    outer loop
      vertex 0.20689476 -3.2884982 -1.6
      vertex -0.20689476 -3.2884982 1
      vertex -0.20689476 -3.2884982 -1.6
    endloop
  endfacet
  facet normal 0 -1 0
    outer loop
      vertex 0.20689476 -3.2884982 -1.6
      vertex 0.20689476 -3.2884982 1
      vertex -0.20689476 -3.2884982 1
    endloop
  endfacet
  facet normal 0.12533323 -0.9921147 0
    outer loop
      vertex 0.61742145 -3.2366364 -1.6
      vertex 0.20689476 -3.2884982 1
      vertex 0.20689476 -3.2884982 -1.6
    endloop
  endfacet
  facet normal 0.12533323 -0.9921147 0
    outer loop
      vertex 0.61742145 -3.2366364 -1.6
      vertex 0.61742145 -3.2366364 1
      vertex 0.20689476 -3.2884982 1
    endloop
  endfacet
  facet normal 0.12533323 0.9921147 0
    outer loop
      vertex -0.47594854 -2.4950097 -1.6
      vertex -0.47594854 -2.4950097 1
      vertex -0.15948792 -2.534988 -1.6
    endloop
  endfacet
  facet normal 0.12533323 0.9921147 0
    outer loop
      vertex -0.15948792 -2.534988 1
      vertex -0.15948792 -2.534988 -1.6
      vertex -0.47594854 -2.4950097 1
    endloop
  endfacet
  facet normal 0.24868989 0.96858317 0
    outer loop
      vertex -0.78490317 -2.4156835 -1.6
      vertex -0.78490317 -2.4156835 1
      vertex -0.47594854 -2.4950097 -1.6
    endloop
  endfacet
  facet normal 0.24868989 0.96858317 0
    outer loop
      vertex -0.47594854 -2.4950097 1
      vertex -0.47594854 -2.4950097 -1.6
      vertex -0.78490317 -2.4156835 1
    endloop
  endfacet
  facet normal 0.36812454 0.9297765 0
    outer loop
      vertex -1.0814794 -2.2982607 -1.6
      vertex -1.0814794 -2.2982607 1
      vertex -0.78490317 -2.4156835 -1.6
    endloop
  endfacet
  facet normal 0.36812454 0.9297765 0
    outer loop
      vertex -0.78490317 -2.4156835 1
      vertex -0.78490317 -2.4156835 -1.6
      vertex -1.0814794 -2.2982607 1
    endloop
  endfacet
  facet normal 0.48175368 0.87630665 0
    outer loop
      vertex -1.3610001 -2.144593 -1.6
      vertex -1.3610001 -2.144593 1
      vertex -1.0814794 -2.2982607 -1.6
    endloop
  endfacet
  facet normal 0.48175368 0.87630665 0
    outer loop
      vertex -1.0814794 -2.2982607 1
      vertex -1.0814794 -2.2982607 -1.6
      vertex -1.3610001 -2.144593 1
    endloop
  endfacet
  facet normal 0.58778524 0.809017 0
    outer loop
      vertex -1.6190569 -1.9571036 -1.6
      vertex -1.6190569 -1.9571036 1
      vertex -1.3610001 -2.144593 -1.6
    endloop
  endfacet
  facet normal 0.58778524 0.809017 0
    outer loop
      vertex -1.3610001 -2.144593 1
      vertex -1.3610001 -2.144593 -1.6
      vertex -1.6190569 -1.9571036 1
    endloop
  endfacet
  facet normal 0.6845471 0.7289686 0
    outer loop
      vertex -1.8515803 -1.7387496 -1.6
      vertex -1.8515803 -1.7387496 1
      vertex -1.6190569 -1.9571036 -1.6
    endloop
  endfacet
  facet normal 0.6845471 0.7289686 0
    outer loop
      vertex -1.6190569 -1.9571036 1
      vertex -1.6190569 -1.9571036 -1.6
      vertex -1.8515803 -1.7387496 1
    endloop
  endfacet
  facet normal 0.77051324 0.637424 0
    outer loop
      vertex -2.0549033 -1.4929745 -1.6
      vertex -2.0549033 -1.4929745 1
      vertex -1.8515803 -1.7387496 -1.6
    endloop
  endfacet
  facet normal 0.77051324 0.637424 0
    outer loop
      vertex -1.8515803 -1.7387496 1
      vertex -1.8515803 -1.7387496 -1.6
      vertex -2.0549033 -1.4929745 1
    endloop
  endfacet
  facet normal 0.8443279 0.5358268 0
    outer loop
      vertex -2.2258189 -1.2236544 -1.6
      vertex -2.2258189 -1.2236544 1
      vertex -2.0549033 -1.4929745 -1.6
    endloop
  endfacet
  facet normal 0.8443279 0.5358268 0
    outer loop
      vertex -2.0549033 -1.4929745 1
      vertex -2.0549033 -1.4929745 -1.6
      vertex -2.2258189 -1.2236544 1
    endloop
  endfacet
  facet normal 0.90482706 0.42577928 0
    outer loop
      vertex -2.3616323 -0.93503636 -1.6
      vertex -2.3616323 -0.93503636 1
      vertex -2.2258189 -1.2236544 -1.6
    endloop
  endfacet
  facet normal 0.90482706 0.42577928 0
    outer loop
      vertex -2.2258189 -1.2236544 1
      vertex -2.2258189 -1.2236544 -1.6
      vertex -2.3616323 -0.93503636 1
    endloop
  endfacet
  facet normal 0.95105654 0.309017 0
    outer loop
      vertex -2.4602013 -0.6316723 -1.6
      vertex -2.4602013 -0.6316723 1
      vertex -2.3616323 -0.93503636 -1.6
    endloop
  endfacet
  facet normal 0.95105654 0.309017 0
    outer loop
      vertex -2.3616323 -0.93503636 1
      vertex -2.3616323 -0.93503636 -1.6
      vertex -2.4602013 -0.6316723 1
    endloop
  endfacet
  facet normal 0.9822872 0.18738131 0
    outer loop
      vertex -2.5199714 -0.3183464 -1.6
      vertex -2.5199714 -0.3183464 1
      vertex -2.4602013 -0.6316723 -1.6
    endloop
  endfacet
  facet normal 0.9822872 0.18738131 0
    outer loop
      vertex -2.4602013 -0.6316723 1
      vertex -2.4602013 -0.6316723 -1.6
      vertex -2.5199714 -0.3183464 1
    endloop
  endfacet
  facet normal 0.9980267 0.06279052 0
    outer loop
      vertex -2.54 0 -1.6
      vertex -2.54 0 1
      vertex -2.5199714 -0.3183464 -1.6
    endloop
  endfacet
  facet normal 0.9980267 0.06279052 0
    outer loop
      vertex -2.5199714 -0.3183464 1
      vertex -2.5199714 -0.3183464 -1.6
      vertex -2.54 0 1
    endloop
  endfacet
  facet normal 0.9980267 -0.06279052 0
    outer loop
      vertex -2.5199714 0.3183464 -1.6
      vertex -2.5199714 0.3183464 1
      vertex -2.54 0 -1.6
    endloop
  endfacet
  facet normal 0.9980267 -0.06279052 0
    outer loop
      vertex -2.54 0 1
      vertex -2.54 0 -1.6
      vertex -2.5199714 0.3183464 1
    endloop
  endfacet
  facet normal 0.9822872 -0.18738131 0
    outer loop
      vertex -2.4602013 0.6316723 -1.6
      vertex -2.4602013 0.6316723 1
      vertex -2.5199714 0.3183464 -1.6
    endloop
  endfacet
  facet normal 0.9822872 -0.18738131 0
    outer loop
      vertex -2.5199714 0.3183464 1
      vertex -2.5199714 0.3183464 -1.6
      vertex -2.4602013 0.6316723 1
    endloop
  endfacet
  facet normal 0.95105654 -0.309017 0
    outer loop
      vertex -2.3616323 0.93503636 -1.6
      vertex -2.3616323 0.93503636 1
      vertex -2.4602013 0.6316723 -1.6
    endloop
  endfacet
  facet normal 0.95105654 -0.309017 0
    outer loop
      vertex -2.4602013 0.6316723 1
      vertex -2.4602013 0.6316723 -1.6
      vertex -2.3616323 0.93503636 1
    endloop
  endfacet
  facet normal 0.90482706 -0.42577928 0
    outer loop
      vertex -2.2258189 1.2236544 -1.6
      vertex -2.2258189 1.2236544 1
      vertex -2.3616323 0.93503636 -1.6
    endloop
  endfacet
  facet normal 0.90482706 -0.42577928 0
    outer loop
      vertex -2.3616323 0.93503636 1
      vertex -2.3616323 0.93503636 -1.6
      vertex -2.2258189 1.2236544 1
    endloop
  endfacet
  facet normal 0.8443279 -0.5358268 0
    outer loop
      vertex -2.0549033 1.4929745 -1.6
      vertex -2.0549033 1.4929745 1
      vertex -2.2258189 1.2236544 -1.6
    endloop
  endfacet
  facet normal 0.8443279 -0.5358268 0
    outer loop
      vertex -2.2258189 1.2236544 1
      vertex -2.2258189 1.2236544 -1.6
      vertex -2.0549033 1.4929745 1
    endloop
  endfacet
  facet normal 0.77051324 -0.637424 0
    outer loop
      vertex -1.8515803 1.7387496 -1.6
      vertex -1.8515803 1.7387496 1
      vertex -2.0549033 1.4929745 -1.6
    endloop
  endfacet
  facet normal 0.77051324 -0.637424 0
    outer loop
      vertex -2.0549033 1.4929745 1
      vertex -2.0549033 1.4929745 -1.6
      vertex -1.8515803 1.7387496 1
    endloop
  endfacet
  facet normal 0.6845471 -0.7289686 0
    outer loop
      vertex -1.6190569 1.9571036 -1.6
      vertex -1.6190569 1.9571036 1
      vertex -1.8515803 1.7387496 -1.6
    endloop
  endfacet
  facet normal 0.6845471 -0.7289686 0
    outer loop
      vertex -1.8515803 1.7387496 1
      vertex -1.8515803 1.7387496 -1.6
      vertex -1.6190569 1.9571036 1
    endloop
  endfacet
  facet normal 0.58778524 -0.809017 0
    outer loop
      vertex -1.3610001 2.144593 -1.6
      vertex -1.3610001 2.144593 1
      vertex -1.6190569 1.9571036 -1.6
    endloop
  endfacet
  facet normal 0.58778524 -0.809017 0
    outer loop
      vertex -1.6190569 1.9571036 1
      vertex -1.6190569 1.9571036 -1.6
      vertex -1.3610001 2.144593 1
    endloop
  endfacet
  facet normal 0.48175368 -0.87630665 0
    outer loop
      vertex -1.0814794 2.2982607 -1.6
      vertex -1.0814794 2.2982607 1
      vertex -1.3610001 2.144593 -1.6
    endloop
  endfacet
  facet normal 0.48175368 -0.87630665 0
    outer loop
      vertex -1.3610001 2.144593 1
      vertex -1.3610001 2.144593 -1.6
      vertex -1.0814794 2.2982607 1
    endloop
  endfacet
  facet normal 0.36812454 -0.9297765 0
    outer loop
      vertex -0.78490317 2.4156835 -1.6
      vertex -0.78490317 2.4156835 1
      vertex -1.0814794 2.2982607 -1.6
    endloop
  endfacet
  facet normal 0.36812454 -0.9297765 0
    outer loop
      vertex -1.0814794 2.2982607 1
      vertex -1.0814794 2.2982607 -1.6
      vertex -0.78490317 2.4156835 1
    endloop
  endfacet
  facet normal 0.24868989 -0.96858317 0
    outer loop
      vertex -0.47594854 2.4950097 -1.6
      vertex -0.47594854 2.4950097 1
      vertex -0.78490317 2.4156835 -1.6
    endloop
  endfacet
  facet normal 0.24868989 -0.96858317 0
    outer loop
      vertex -0.78490317 2.4156835 1
      vertex -0.78490317 2.4156835 -1.6
      vertex -0.47594854 2.4950097 1
    endloop
  endfacet
  facet normal 0.12533323 -0.9921147 0
    outer loop
      vertex -0.15948792 2.534988 -1.6
      vertex -0.15948792 2.534988 1
      vertex -0.47594854 2.4950097 -1.6
    endloop
  endfacet
  facet normal 0.12533323 -0.9921147 0
    outer loop
      vertex -0.47594854 2.4950097 1
      vertex -0.47594854 2.4950097 -1.6
      vertex -0.15948792 2.534988 1
    endloop
  endfacet
  facet normal 0 -1 0
    outer loop
      vertex 0.15948792 2.534988 -1.6
      vertex 0.15948792 2.534988 1
      vertex -0.15948792 2.534988 -1.6
    endloop
  endfacet
  facet normal 0 -1 0
    outer loop
      vertex -0.15948792 2.534988 1
      vertex -0.15948792 2.534988 -1.6
      vertex 0.15948792 2.534988 1
    endloop
  endfacet
  facet normal -0.12533323 -0.9921147 0
    outer loop
      vertex 0.47594854 2.4950097 -1.6
      vertex 0.47594854 2.4950097 1
      vertex 0.15948792 2.534988 -1.6
    endloop
  endfacet
  facet normal -0.12533323 -0.9921147 0
    outer loop
      vertex 0.15948792 2.534988 1
      vertex 0.15948792 2.534988 -1.6
      vertex 0.47594854 2.4950097 1
    endloop
  endfacet
  facet normal -0.24868989 -0.96858317 0
    outer loop
      vertex 0.78490317 2.4156835 -1.6
      vertex 0.78490317 2.4156835 1
      vertex 0.47594854 2.4950097 -1.6
    endloop
  endfacet
  facet normal -0.24868989 -0.96858317 0
    outer loop
      vertex 0.47594854 2.4950097 1
      vertex 0.47594854 2.4950097 -1.6
      vertex 0.78490317 2.4156835 1
    endloop
  endfacet
  facet normal -0.36812454 -0.9297765 0
    outer loop
      vertex 1.0814794 2.2982607 -1.6
      vertex 1.0814794 2.2982607 1
      vertex 0.78490317 2.4156835 -1.6
    endloop
  endfacet
  facet normal -0.36812454 -0.9297765 0
    outer loop
      vertex 0.78490317 2.4156835 1
      vertex 0.78490317 2.4156835 -1.6
      vertex 1.0814794 2.2982607 1
    endloop
  endfacet
  facet normal -0.48175368 -0.87630665 0
    outer loop
      vertex 1.3610001 2.144593 -1.6
      vertex 1.3610001 2.144593 1
      vertex 1.0814794 2.2982607 -1.6
    endloop
  endfacet
  facet normal -0.48175368 -0.87630665 0
    outer loop
      vertex 1.0814794 2.2982607 1
      vertex 1.0814794 2.2982607 -1.6
      vertex 1.3610001 2.144593 1
    endloop
  endfacet
  facet normal -0.58778524 -0.809017 0
    outer loop
      vertex 1.6190569 1.9571036 -1.6
      vertex 1.6190569 1.9571036 1
      vertex 1.3610001 2.144593 -1.6
    endloop
  endfacet
  facet normal -0.58778524 -0.809017 0
    outer loop
      vertex 1.3610001 2.144593 1
      vertex 1.3610001 2.144593 -1.6
      vertex 1.6190569 1.9571036 1
    endloop
  endfacet
  facet normal -0.6845471 -0.7289686 0
    outer loop
      vertex 1.8515803 1.7387496 -1.6
      vertex 1.8515803 1.7387496 1
      vertex 1.6190569 1.9571036 -1.6
    endloop
  endfacet
  facet normal -0.6845471 -0.7289686 0
    outer loop
      vertex 1.6190569 1.9571036 1
      vertex 1.6190569 1.9571036 -1.6
      vertex 1.8515803 1.7387496 1
    endloop
  endfacet
  facet normal -0.77051324 -0.637424 0
    outer loop
      vertex 2.0549033 1.4929745 -1.6
      vertex 2.0549033 1.4929745 1
      vertex 1.8515803 1.7387496 -1.6
    endloop
  endfacet
  facet normal -0.77051324 -0.637424 0
    outer loop
      vertex 1.8515803 1.7387496 1
      vertex 1.8515803 1.7387496 -1.6
      vertex 2.0549033 1.4929745 1
    endloop
  endfacet
  facet normal -0.8443279 -0.5358268 0
    outer loop
      vertex 2.2258189 1.2236544 -1.6
      vertex 2.2258189 1.2236544 1
      vertex 2.0549033 1.4929745 -1.6
    endloop
  endfacet
  facet normal -0.8443279 -0.5358268 0
    outer loop
      vertex 2.0549033 1.4929745 1
      vertex 2.0549033 1.4929745 -1.6
      vertex 2.2258189 1.2236544 1
    endloop
  endfacet
  facet normal -0.90482706 -0.42577928 0
    outer loop
      vertex 2.3616323 0.93503636 -1.6
      vertex 2.3616323 0.93503636 1
      vertex 2.2258189 1.2236544 -1.6
    endloop
  endfacet
  facet normal -0.90482706 -0.42577928 0
    outer loop
      vertex 2.2258189 1.2236544 1
      vertex 2.2258189 1.2236544 -1.6
      vertex 2.3616323 0.93503636 1
    endloop
  endfacet
  facet normal -0.95105654 -0.309017 0
    outer loop
      vertex 2.4602013 0.6316723 -1.6
      vertex 2.4602013 0.6316723 1
      vertex 2.3616323 0.93503636 -1.6
    endloop
  endfacet
  facet normal -0.95105654 -0.309017 0
    outer loop
      vertex 2.3616323 0.93503636 1
      vertex 2.3616323 0.93503636 -1.6
      vertex 2.4602013 0.6316723 1
    endloop
  endfacet
  facet normal -0.9822872 -0.18738131 0
    outer loop
      vertex 2.5199714 0.3183464 -1.6
      vertex 2.5199714 0.3183464 1
      vertex 2.4602013 0.6316723 -1.6
    endloop
  endfacet
  facet normal -0.9822872 -0.18738131 0
    outer loop
      vertex 2.4602013 0.6316723 1
      vertex 2.4602013 0.6316723 -1.6
      vertex 2.5199714 0.3183464 1
    endloop
  endfacet
  facet normal -0.9980267 -0.06279052 0
    outer loop
      vertex 2.54 0 -1.6
      vertex 2.54 0 1
      vertex 2.5199714 0.3183464 -1.6
    endloop
  endfacet
  facet normal -0.9980267 -0.06279052 0
    outer loop
      vertex 2.5199714 0.3183464 1
      vertex 2.5199714 0.3183464 -1.6
      vertex 2.54 0 1
    endloop
  endfacet
  facet normal -0.9980267 0.06279052 0
    outer loop
      vertex 2.5199714 -0.3183464 -1.6
      vertex 2.5199714 -0.3183464 1
      vertex 2.54 0 -1.6
    endloop
  endfacet
  facet normal -0.9980267 0.06279052 0
    outer loop
      vertex 2.54 0 1
      vertex 2.54 0 -1.6
      vertex 2.5199714 -0.3183464 1
    endloop
  endfacet
  facet normal -0.9822872 0.18738131 0
    outer loop
      vertex 2.4602013 -0.6316723 -1.6
      vertex 2.4602013 -0.6316723 1
      vertex 2.5199714 -0.3183464 -1.6
    endloop
  endfacet
  facet normal -0.9822872 0.18738131 0
    outer loop
      vertex 2.5199714 -0.3183464 1
      vertex 2.5199714 -0.3183464 -1.6
      vertex 2.4602013 -0.6316723 1
    endloop
  endfacet
  facet normal -0.95105654 0.309017 0
    outer loop
      vertex 2.3616323 -0.93503636 -1.6
      vertex 2.3616323 -0.93503636 1
      vertex 2.4602013 -0.6316723 -1.6
    endloop
  endfacet
  facet normal -0.95105654 0.309017 0
    outer loop
      vertex 2.4602013 -0.6316723 1
      vertex 2.4602013 -0.6316723 -1.6
      vertex 2.3616323 -0.93503636 1
    endloop
  endfacet
  facet normal -0.90482706 0.42577928 0
    outer loop
      vertex 2.2258189 -1.2236544 -1.6
      vertex 2.2258189 -1.2236544 1
      vertex 2.3616323 -0.93503636 -1.6
    endloop
  endfacet
  facet normal -0.90482706 0.42577928 0
    outer loop
      vertex 2.3616323 -0.93503636 1
      vertex 2.3616323 -0.93503636 -1.6
      vertex 2.2258189 -1.2236544 1
    endloop
  endfacet
  facet normal -0.8443279 0.5358268 0
    outer loop
      vertex 2.0549033 -1.4929745 -1.6
      vertex 2.0549033 -1.4929745 1
      vertex 2.2258189 -1.2236544 -1.6
    endloop
  endfacet
  facet normal -0.8443279 0.5358268 0
    outer loop
      vertex 2.2258189 -1.2236544 1
      vertex 2.2258189 -1.2236544 -1.6
      vertex 2.0549033 -1.4929745 1
    endloop
  endfacet
  facet normal -0.77051324 0.637424 0
    outer loop
      vertex 1.8515803 -1.7387496 -1.6
      vertex 1.8515803 -1.7387496 1
      vertex 2.0549033 -1.4929745 -1.6
    endloop
  endfacet
  facet normal -0.77051324 0.637424 0
    outer loop
      vertex 2.0549033 -1.4929745 1
      vertex 2.0549033 -1.4929745 -1.6
      vertex 1.8515803 -1.7387496 1
    endloop
  endfacet
  facet normal -0.6845471 0.7289686 0
    outer loop
      vertex 1.6190569 -1.9571036 -1.6
      vertex 1.6190569 -1.9571036 1
      vertex 1.8515803 -1.7387496 -1.6
    endloop
  endfacet
  facet normal -0.6845471 0.7289686 0
    outer loop
      vertex 1.8515803 -1.7387496 1
      vertex 1.8515803 -1.7387496 -1.6
      vertex 1.6190569 -1.9571036 1
    endloop
  endfacet
  facet normal -0.58778524 0.809017 0
    outer loop
      vertex 1.3610001 -2.144593 -1.6
      vertex 1.3610001 -2.144593 1
      vertex 1.6190569 -1.9571036 -1.6
    endloop
  endfacet
  facet normal -0.58778524 0.809017 0
    outer loop
      vertex 1.6190569 -1.9571036 1
      vertex 1.6190569 -1.9571036 -1.6
      vertex 1.3610001 -2.144593 1
    endloop
  endfacet
  facet normal -0.48175368 0.87630665 0
    outer loop
      vertex 1.0814794 -2.2982607 -1.6
      vertex 1.0814794 -2.2982607 1
      vertex 1.3610001 -2.144593 -1.6
    endloop
  endfacet
  facet normal -0.48175368 0.87630665 0
    outer loop
      vertex 1.3610001 -2.144593 1
      vertex 1.3610001 -2.144593 -1.6
      vertex 1.0814794 -2.2982607 1
    endloop
  endfacet
  facet normal -0.36812454 0.9297765 0
    outer loop
      vertex 0.78490317 -2.4156835 -1.6
      vertex 0.78490317 -2.4156835 1
      vertex 1.0814794 -2.2982607 -1.6
    endloop
  endfacet
  facet normal -0.36812454 0.9297765 0
    outer loop
      vertex 1.0814794 -2.2982607 1
      vertex 1.0814794 -2.2982607 -1.6
      vertex 0.78490317 -2.4156835 1
    endloop
  endfacet
  facet normal -0.24868989 0.96858317 0
    outer loop
      vertex 0.47594854 -2.4950097 -1.6
      vertex 0.47594854 -2.4950097 1
      vertex 0.78490317 -2.4156835 -1.6
    endloop
  endfacet
  facet normal -0.24868989 0.96858317 0
    outer loop
      vertex 0.78490317 -2.4156835 1
      vertex 0.78490317 -2.4156835 -1.6
      vertex 0.47594854 -2.4950097 1
    endloop
  endfacet
  facet normal -0.12533323 0.9921147 0
    outer loop
      vertex 0.15948792 -2.534988 -1.6
      vertex 0.15948792 -2.534988 1
      vertex 0.47594854 -2.4950097 -1.6
    endloop
  endfacet
  facet normal -0.12533323 0.9921147 0
    outer loop
      vertex 0.47594854 -2.4950097 1
      vertex 0.47594854 -2.4950097 -1.6
      vertex 0.15948792 -2.534988 1
    endloop
  endfacet
  facet normal 0 1 0
    outer loop
      vertex -0.15948792 -2.534988 -1.6
      vertex -0.15948792 -2.534988 1
      vertex 0.15948792 -2.534988 -1.6
    endloop
  endfacet
  facet normal 0 1 0
    outer loop
      vertex 0.15948792 -2.534988 1
      vertex 0.15948792 -2.534988 -1.6
      vertex -0.15948792 -2.534988 1
    endloop
  endfacet
  facet normal 0.24868989 -0.96858317 0
    outer loop
      vertex 1.018211 -11.133731 -1.6
      vertex 0.61742145 -11.236636 1
      vertex 0.61742145 -11.236636 -1.6
    endloop
  endfacet
  facet normal 0.24868989 -0.96858317 0
    outer loop
      vertex 1.018211 -11.133731 -1.6
      vertex 1.018211 -11.133731 1
      vertex 0.61742145 -11.236636 1
    endloop
  endfacet
  facet normal 0.36812454 -0.9297765 0
    outer loop
      vertex 1.4029428 -10.981405 -1.6
      vertex 1.018211 -11.133731 1
      vertex 1.018211 -11.133731 -1.6
    endloop
  endfacet
  facet normal 0.36812454 -0.9297765 0
    outer loop
      vertex 1.4029428 -10.981405 -1.6
      vertex 1.4029428 -10.981405 1
      vertex 1.018211 -11.133731 1
    endloop
  endfacet
  facet normal 0.48175368 -0.87630665 0
    outer loop
      vertex 1.7655493 -10.782061 -1.6
      vertex 1.4029428 -10.981405 1
      vertex 1.4029428 -10.981405 -1.6
    endloop
  endfacet
  facet normal 0.48175368 -0.87630665 0
    outer loop
      vertex 1.7655493 -10.782061 -1.6
      vertex 1.7655493 -10.782061 1
      vertex 1.4029428 -10.981405 1
    endloop
  endfacet
  facet normal 0.58778524 -0.809017 0
    outer loop
      vertex 2.100312 -10.538841 -1.6
      vertex 1.7655493 -10.782061 1
      vertex 1.7655493 -10.782061 -1.6
    endloop
  endfacet
  facet normal 0.58778524 -0.809017 0
    outer loop
      vertex 2.100312 -10.538841 -1.6
      vertex 2.100312 -10.538841 1
      vertex 1.7655493 -10.782061 1
    endloop
  endfacet
  facet normal 0.6845471 -0.7289686 0
    outer loop
      vertex 2.4019516 -10.255583 -1.6
      vertex 2.100312 -10.538841 1
      vertex 2.100312 -10.538841 -1.6
    endloop
  endfacet
  facet normal 0.6845471 -0.7289686 0
    outer loop
      vertex 2.4019516 -10.255583 -1.6
      vertex 2.4019516 -10.255583 1
      vertex 2.100312 -10.538841 1
    endloop
  endfacet
  facet normal 0.77051324 -0.637424 0
    outer loop
      vertex 2.665711 -9.936752 -1.6
      vertex 2.4019516 -10.255583 1
      vertex 2.4019516 -10.255583 -1.6
    endloop
  endfacet
  facet normal 0.77051324 -0.637424 0
    outer loop
      vertex 2.665711 -9.936752 -1.6
      vertex 2.665711 -9.936752 1
      vertex 2.4019516 -10.255583 1
    endloop
  endfacet
  facet normal 0.8443279 -0.5358268 0
    outer loop
      vertex 2.8874304 -9.5873785 -1.6
      vertex 2.665711 -9.936752 1
      vertex 2.665711 -9.936752 -1.6
    endloop
  endfacet
  facet normal 0.8443279 -0.5358268 0
    outer loop
      vertex 2.8874304 -9.5873785 -1.6
      vertex 2.8874304 -9.5873785 1
      vertex 2.665711 -9.936752 1
    endloop
  endfacet
  facet normal 0.90482706 -0.42577928 0
    outer loop
      vertex 3.0636134 -9.212971 -1.6
      vertex 2.8874304 -9.5873785 1
      vertex 2.8874304 -9.5873785 -1.6
    endloop
  endfacet
  facet normal 0.90482706 -0.42577928 0
    outer loop
      vertex 3.0636134 -9.212971 -1.6
      vertex 3.0636134 -9.212971 1
      vertex 2.8874304 -9.5873785 1
    endloop
  endfacet
  facet normal 0.95105654 -0.309017 0
    outer loop
      vertex 3.1914816 -8.819433 -1.6
      vertex 3.0636134 -9.212971 1
      vertex 3.0636134 -9.212971 -1.6
    endloop
  endfacet
  facet normal 0.95105654 -0.309017 0
    outer loop
      vertex 3.1914816 -8.819433 -1.6
      vertex 3.1914816 -8.819433 1
      vertex 3.0636134 -9.212971 1
    endloop
  endfacet
  facet normal 0.9822872 -0.18738131 0
    outer loop
      vertex 3.269018 -8.412973 -1.6
      vertex 3.1914816 -8.819433 1
      vertex 3.1914816 -8.819433 -1.6
    endloop
  endfacet
  facet normal 0.9822872 -0.18738131 0
    outer loop
      vertex 3.269018 -8.412973 -1.6
      vertex 3.269018 -8.412973 1
      vertex 3.1914816 -8.819433 1
    endloop
  endfacet
  facet normal 0.9980267 -0.06279052 0
    outer loop
      vertex 3.295 -8 -1.6
      vertex 3.269018 -8.412973 1
      vertex 3.269018 -8.412973 -1.6
    endloop
  endfacet
  facet normal 0.9980267 -0.06279052 0
    outer loop
      vertex 3.295 -8 -1.6
      vertex 3.295 -8 1
      vertex 3.269018 -8.412973 1
    endloop
  endfacet
  facet normal 0.9980267 0.06279052 0
    outer loop
      vertex 3.269018 -7.587027 -1.6
      vertex 3.295 -8 1
      vertex 3.295 -8 -1.6
    endloop
  endfacet
  facet normal 0.9980267 0.06279052 0
    outer loop
      vertex 3.269018 -7.587027 -1.6
      vertex 3.269018 -7.587027 1
      vertex 3.295 -8 1
    endloop
  endfacet
  facet normal 0.9822872 0.18738131 0
    outer loop
      vertex 3.1914816 -7.180567 -1.6
      vertex 3.269018 -7.587027 1
      vertex 3.269018 -7.587027 -1.6
    endloop
  endfacet
  facet normal 0.9822872 0.18738131 0
    outer loop
      vertex 3.1914816 -7.180567 -1.6
      vertex 3.1914816 -7.180567 1
      vertex 3.269018 -7.587027 1
    endloop
  endfacet
  facet normal 0.95105654 0.309017 0
    outer loop
      vertex 3.0636134 -6.7870297 -1.6
      vertex 3.1914816 -7.180567 1
      vertex 3.1914816 -7.180567 -1.6
    endloop
  endfacet
  facet normal 0.95105654 0.309017 0
    outer loop
      vertex 3.0636134 -6.7870297 -1.6
      vertex 3.0636134 -6.7870297 1
      vertex 3.1914816 -7.180567 1
    endloop
  endfacet
  facet normal 0.90482706 0.42577928 0
    outer loop
      vertex 2.8874304 -6.4126215 -1.6
      vertex 3.0636134 -6.7870297 1
      vertex 3.0636134 -6.7870297 -1.6
    endloop
  endfacet
  facet normal 0.90482706 0.42577928 0
    outer loop
      vertex 2.8874304 -6.4126215 -1.6
      vertex 2.8874304 -6.4126215 1
      vertex 3.0636134 -6.7870297 1
    endloop
  endfacet
  facet normal 0.8443279 0.5358268 0
    outer loop
      vertex 2.665711 -6.0632477 -1.6
      vertex 2.8874304 -6.4126215 1
      vertex 2.8874304 -6.4126215 -1.6
    endloop
  endfacet
  facet normal 0.8443279 0.5358268 0
    outer loop
      vertex 2.665711 -6.0632477 -1.6
      vertex 2.665711 -6.0632477 1
      vertex 2.8874304 -6.4126215 1
    endloop
  endfacet
  facet normal 0.77051324 0.637424 0
    outer loop
      vertex 2.4019516 -5.744417 -1.6
      vertex 2.665711 -6.0632477 1
      vertex 2.665711 -6.0632477 -1.6
    endloop
  endfacet
  facet normal 0.77051324 0.637424 0
    outer loop
      vertex 2.4019516 -5.744417 -1.6
      vertex 2.4019516 -5.744417 1
      vertex 2.665711 -6.0632477 1
    endloop
  endfacet
  facet normal 0.6845471 0.7289686 0
    outer loop
      vertex 2.100312 -5.4611588 -1.6
      vertex 2.4019516 -5.744417 1
      vertex 2.4019516 -5.744417 -1.6
    endloop
  endfacet
  facet normal 0.6845471 0.7289686 0
    outer loop
      vertex 2.100312 -5.4611588 -1.6
      vertex 2.100312 -5.4611588 1
      vertex 2.4019516 -5.744417 1
    endloop
  endfacet
  facet normal 0.58778524 0.809017 0
    outer loop
      vertex 1.7655493 -5.2179394 -1.6
      vertex 2.100312 -5.4611588 1
      vertex 2.100312 -5.4611588 -1.6
    endloop
  endfacet
  facet normal 0.58778524 0.809017 0
    outer loop
      vertex 1.7655493 -5.2179394 -1.6
      vertex 1.7655493 -5.2179394 1
      vertex 2.100312 -5.4611588 1
    endloop
  endfacet
  facet normal 0.48175368 0.87630665 0
    outer loop
      vertex 1.4029428 -5.0185947 -1.6
      vertex 1.7655493 -5.2179394 1
      vertex 1.7655493 -5.2179394 -1.6
    endloop
  endfacet
  facet normal 0.48175368 0.87630665 0
    outer loop
      vertex 1.4029428 -5.0185947 -1.6
      vertex 1.4029428 -5.0185947 1
      vertex 1.7655493 -5.2179394 1
    endloop
  endfacet
  facet normal 0.36812454 0.9297765 0
    outer loop
      vertex 1.018211 -4.8662686 -1.6
      vertex 1.4029428 -5.0185947 1
      vertex 1.4029428 -5.0185947 -1.6
    endloop
  endfacet
  facet normal 0.36812454 0.9297765 0
    outer loop
      vertex 1.018211 -4.8662686 -1.6
      vertex 1.018211 -4.8662686 1
      vertex 1.4029428 -5.0185947 1
    endloop
  endfacet
  facet normal 0.24868989 0.96858317 0
    outer loop
      vertex 0.61742145 -4.7633634 -1.6
      vertex 1.018211 -4.8662686 1
      vertex 1.018211 -4.8662686 -1.6
    endloop
  endfacet
  facet normal 0.24868989 0.96858317 0
    outer loop
      vertex 0.61742145 -4.7633634 -1.6
      vertex 0.61742145 -4.7633634 1
      vertex 1.018211 -4.8662686 1
    endloop
  endfacet
  facet normal 0.12533323 0.9921147 0
    outer loop
      vertex 0.20689476 -4.711502 -1.6
      vertex 0.61742145 -4.7633634 1
      vertex 0.61742145 -4.7633634 -1.6
    endloop
  endfacet
  facet normal 0.12533323 0.9921147 0
    outer loop
      vertex 0.20689476 -4.711502 -1.6
      vertex 0.20689476 -4.711502 1
      vertex 0.61742145 -4.7633634 1
    endloop
  endfacet
  facet normal 0 1 0
    outer loop
      vertex -0.20689476 -4.711502 -1.6
      vertex 0.20689476 -4.711502 1
      vertex 0.20689476 -4.711502 -1.6
    endloop
  endfacet
  facet normal 0 1 0
    outer loop
      vertex -0.20689476 -4.711502 -1.6
      vertex -0.20689476 -4.711502 1
      vertex 0.20689476 -4.711502 1
    endloop
  endfacet
  facet normal -0.12533323 0.9921147 0
    outer loop
      vertex -0.61742145 -4.7633634 -1.6
      vertex -0.20689476 -4.711502 1
      vertex -0.20689476 -4.711502 -1.6
    endloop
  endfacet
  facet normal -0.12533323 0.9921147 0
    outer loop
      vertex -0.61742145 -4.7633634 -1.6
      vertex -0.61742145 -4.7633634 1
      vertex -0.20689476 -4.711502 1
    endloop
  endfacet
  facet normal -0.24868989 0.96858317 0
    outer loop
      vertex -1.018211 -4.8662686 -1.6
      vertex -0.61742145 -4.7633634 1
      vertex -0.61742145 -4.7633634 -1.6
    endloop
  endfacet
  facet normal -0.24868989 0.96858317 0
    outer loop
      vertex -1.018211 -4.8662686 -1.6
      vertex -1.018211 -4.8662686 1
      vertex -0.61742145 -4.7633634 1
    endloop
  endfacet
  facet normal -0.36812454 0.9297765 0
    outer loop
      vertex -1.4029428 -5.0185947 -1.6
      vertex -1.018211 -4.8662686 1
      vertex -1.018211 -4.8662686 -1.6
    endloop
  endfacet
  facet normal -0.36812454 0.9297765 0
    outer loop
      vertex -1.4029428 -5.0185947 -1.6
      vertex -1.4029428 -5.0185947 1
      vertex -1.018211 -4.8662686 1
    endloop
  endfacet
  facet normal -0.48175368 0.87630665 0
    outer loop
      vertex -1.7655493 -5.2179394 -1.6
      vertex -1.4029428 -5.0185947 1
      vertex -1.4029428 -5.0185947 -1.6
    endloop
  endfacet
  facet normal -0.48175368 0.87630665 0
    outer loop
      vertex -1.7655493 -5.2179394 -1.6
      vertex -1.7655493 -5.2179394 1
      vertex -1.4029428 -5.0185947 1
    endloop
  endfacet
  facet normal -0.58778524 0.809017 0
    outer loop
      vertex -2.100312 -5.4611588 -1.6
      vertex -1.7655493 -5.2179394 1
      vertex -1.7655493 -5.2179394 -1.6
    endloop
  endfacet
  facet normal -0.58778524 0.809017 0
    outer loop
      vertex -2.100312 -5.4611588 -1.6
      vertex -2.100312 -5.4611588 1
      vertex -1.7655493 -5.2179394 1
    endloop
  endfacet
  facet normal -0.6845471 0.7289686 0
    outer loop
      vertex -2.4019516 -5.744417 -1.6
      vertex -2.100312 -5.4611588 1
      vertex -2.100312 -5.4611588 -1.6
    endloop
  endfacet
  facet normal -0.6845471 0.7289686 0
    outer loop
      vertex -2.4019516 -5.744417 -1.6
      vertex -2.4019516 -5.744417 1
      vertex -2.100312 -5.4611588 1
    endloop
  endfacet
  facet normal -0.77051324 0.637424 0
    outer loop
      vertex -2.665711 -6.0632477 -1.6
      vertex -2.4019516 -5.744417 1
      vertex -2.4019516 -5.744417 -1.6
    endloop
  endfacet
  facet normal -0.77051324 0.637424 0
    outer loop
      vertex -2.665711 -6.0632477 -1.6
      vertex -2.665711 -6.0632477 1
      vertex -2.4019516 -5.744417 1
    endloop
  endfacet
  facet normal -0.8443279 0.5358268 0
    outer loop
      vertex -2.8874304 -6.4126215 -1.6
      vertex -2.665711 -6.0632477 1
      vertex -2.665711 -6.0632477 -1.6
    endloop
  endfacet
  facet normal -0.8443279 0.5358268 0
    outer loop
      vertex -2.8874304 -6.4126215 -1.6
      vertex -2.8874304 -6.4126215 1
      vertex -2.665711 -6.0632477 1
    endloop
  endfacet
  facet normal -0.90482706 0.42577928 0
    outer loop
      vertex -3.0636134 -6.7870297 -1.6
      vertex -2.8874304 -6.4126215 1
      vertex -2.8874304 -6.4126215 -1.6
    endloop
  endfacet
  facet normal -0.90482706 0.42577928 0
    outer loop
      vertex -3.0636134 -6.7870297 -1.6
      vertex -3.0636134 -6.7870297 1
      vertex -2.8874304 -6.4126215 1
    endloop
  endfacet
  facet normal -0.95105654 0.309017 0
    outer loop
      vertex -3.1914816 -7.180567 -1.6
      vertex -3.0636134 -6.7870297 1
      vertex -3.0636134 -6.7870297 -1.6
    endloop
  endfacet
  facet normal -0.95105654 0.309017 0
    outer loop
      vertex -3.1914816 -7.180567 -1.6
      vertex -3.1914816 -7.180567 1
      vertex -3.0636134 -6.7870297 1
    endloop
  endfacet
  facet normal -0.9822872 0.18738131 0
    outer loop
      vertex -3.269018 -7.587027 -1.6
      vertex -3.1914816 -7.180567 1
      vertex -3.1914816 -7.180567 -1.6
    endloop
  endfacet
  facet normal -0.9822872 0.18738131 0
    outer loop
      vertex -3.269018 -7.587027 -1.6
      vertex -3.269018 -7.587027 1
      vertex -3.1914816 -7.180567 1
    endloop
  endfacet
  facet normal -0.9980267 0.06279052 0
    outer loop
      vertex -3.295 -8 -1.6
      vertex -3.269018 -7.587027 1
      vertex -3.269018 -7.587027 -1.6
    endloop
  endfacet
  facet normal -0.9980267 0.06279052 0
    outer loop
      vertex -3.295 -8 -1.6
      vertex -3.295 -8 1
      vertex -3.269018 -7.587027 1
    endloop
  endfacet
  facet normal -0.9980267 -0.06279052 0
    outer loop
      vertex -3.269018 -8.412973 -1.6
      vertex -3.295 -8 1
      vertex -3.295 -8 -1.6
    endloop
  endfacet
  facet normal -0.9980267 -0.06279052 0
    outer loop
      vertex -3.269018 -8.412973 -1.6
      vertex -3.269018 -8.412973 1
      vertex -3.295 -8 1
    endloop
  endfacet
  facet normal -0.9822872 -0.18738131 0
    outer loop
      vertex -3.1914816 -8.819433 -1.6
      vertex -3.269018 -8.412973 1
      vertex -3.269018 -8.412973 -1.6
    endloop
  endfacet
  facet normal -0.9822872 -0.18738131 0
    outer loop
      vertex -3.1914816 -8.819433 -1.6
      vertex -3.1914816 -8.819433 1
      vertex -3.269018 -8.412973 1
    endloop
  endfacet
  facet normal -0.95105654 -0.309017 0
    outer loop
      vertex -3.0636134 -9.212971 -1.6
      vertex -3.1914816 -8.819433 1
      vertex -3.1914816 -8.819433 -1.6
    endloop
  endfacet
  facet normal -0.95105654 -0.309017 0
    outer loop
      vertex -3.0636134 -9.212971 -1.6
      vertex -3.0636134 -9.212971 1
      vertex -3.1914816 -8.819433 1
    endloop
  endfacet
  facet normal -0.90482706 -0.42577928 0
    outer loop
      vertex -2.8874304 -9.5873785 -1.6
      vertex -3.0636134 -9.212971 1
      vertex -3.0636134 -9.212971 -1.6
    endloop
  endfacet
  facet normal -0.90482706 -0.42577928 0
    outer loop
      vertex -2.8874304 -9.5873785 -1.6
      vertex -2.8874304 -9.5873785 1
      vertex -3.0636134 -9.212971 1
    endloop
  endfacet
  facet normal -0.8443279 -0.5358268 0
    outer loop
      vertex -2.665711 -9.936752 -1.6
      vertex -2.8874304 -9.5873785 1
      vertex -2.8874304 -9.5873785 -1.6
    endloop
  endfacet
  facet normal -0.8443279 -0.5358268 0
    outer loop
      vertex -2.665711 -9.936752 -1.6
      vertex -2.665711 -9.936752 1
      vertex -2.8874304 -9.5873785 1
    endloop
  endfacet
  facet normal -0.77051324 -0.637424 0
    outer loop
      vertex -2.4019516 -10.255583 -1.6
      vertex -2.665711 -9.936752 1
      vertex -2.665711 -9.936752 -1.6
    endloop
  endfacet
  facet normal -0.77051324 -0.637424 0
    outer loop
      vertex -2.4019516 -10.255583 -1.6
      vertex -2.4019516 -10.255583 1
      vertex -2.665711 -9.936752 1
    endloop
  endfacet
  facet normal -0.6845471 -0.7289686 0
    outer loop
      vertex -2.100312 -10.538841 -1.6
      vertex -2.4019516 -10.255583 1
      vertex -2.4019516 -10.255583 -1.6
    endloop
  endfacet
  facet normal -0.6845471 -0.7289686 0
    outer loop
      vertex -2.100312 -10.538841 -1.6
      vertex -2.100312 -10.538841 1
      vertex -2.4019516 -10.255583 1
    endloop
  endfacet
  facet normal -0.58778524 -0.809017 0
    outer loop
      vertex -1.7655493 -10.782061 -1.6
      vertex -2.100312 -10.538841 1
      vertex -2.100312 -10.538841 -1.6
    endloop
  endfacet
  facet normal -0.58778524 -0.809017 0
    outer loop
      vertex -1.7655493 -10.782061 -1.6
      vertex -1.7655493 -10.782061 1
      vertex -2.100312 -10.538841 1
    endloop
  endfacet
  facet normal -0.48175368 -0.87630665 0
    outer loop
      vertex -1.4029428 -10.981405 -1.6
      vertex -1.7655493 -10.782061 1
      vertex -1.7655493 -10.782061 -1.6
    endloop
  endfacet
  facet normal -0.48175368 -0.87630665 0
    outer loop
      vertex -1.4029428 -10.981405 -1.6
      vertex -1.4029428 -10.981405 1
      vertex -1.7655493 -10.782061 1
    endloop
  endfacet
  facet normal -0.36812454 -0.9297765 0
    outer loop
      vertex -1.018211 -11.133731 -1.6
      vertex -1.4029428 -10.981405 1
      vertex -1.4029428 -10.981405 -1.6
    endloop
  endfacet
  facet normal -0.36812454 -0.9297765 0
    outer loop
      vertex -1.018211 -11.133731 -1.6
      vertex -1.018211 -11.133731 1
      vertex -1.4029428 -10.981405 1
    endloop
  endfacet
  facet normal -0.24868989 -0.96858317 0
    outer loop
      vertex -0.61742145 -11.236636 -1.6
      vertex -1.018211 -11.133731 1
      vertex -1.018211 -11.133731 -1.6
    endloop
  endfacet
  facet normal -0.24868989 -0.96858317 0
    outer loop
      vertex -0.61742145 -11.236636 -1.6
      vertex -0.61742145 -11.236636 1
      vertex -1.018211 -11.133731 1
    endloop
  endfacet
  facet normal -0.12533323 -0.9921147 0
    outer loop
      vertex -0.20689476 -11.288498 -1.6
      vertex -0.61742145 -11.236636 1
      vertex -0.61742145 -11.236636 -1.6
    endloop
  endfacet
  facet normal -0.12533323 -0.9921147 0
    outer loop
      vertex -0.20689476 -11.288498 -1.6
      vertex -0.20689476 -11.288498 1
      vertex -0.61742145 -11.236636 1
    endloop
  endfacet
  facet normal 0 -1 0
    outer loop
      vertex 0.20689476 -11.288498 -1.6
      vertex -0.20689476 -11.288498 1
      vertex -0.20689476 -11.288498 -1.6
    endloop
  endfacet
  facet normal 0 -1 0
    outer loop
      vertex 0.20689476 -11.288498 -1.6
      vertex 0.20689476 -11.288498 1
      vertex -0.20689476 -11.288498 1
    endloop
  endfacet
  facet normal 0.12533323 -0.9921147 0
    outer loop
      vertex 0.61742145 -11.236636 -1.6
      vertex 0.20689476 -11.288498 1
      vertex 0.20689476 -11.288498 -1.6
    endloop
  endfacet
  facet normal 0.12533323 -0.9921147 0
    outer loop
      vertex 0.61742145 -11.236636 -1.6
      vertex 0.61742145 -11.236636 1
      vertex 0.20689476 -11.288498 1
    endloop
  endfacet
  facet normal 0.12533323 0.9921147 0
    outer loop
      vertex -0.47594854 -10.495009 -1.6
      vertex -0.47594854 -10.495009 1
      vertex -0.15948792 -10.534987 -1.6
    endloop
  endfacet
  facet normal 0.12533323 0.9921147 0
    outer loop
      vertex -0.15948792 -10.534987 1
      vertex -0.15948792 -10.534987 -1.6
      vertex -0.47594854 -10.495009 1
    endloop
  endfacet
  facet normal 0.24868989 0.96858317 0
    outer loop
      vertex -0.78490317 -10.415684 -1.6
      vertex -0.78490317 -10.415684 1
      vertex -0.47594854 -10.495009 -1.6
    endloop
  endfacet
  facet normal 0.24868989 0.96858317 0
    outer loop
      vertex -0.47594854 -10.495009 1
      vertex -0.47594854 -10.495009 -1.6
      vertex -0.78490317 -10.415684 1
    endloop
  endfacet
  facet normal 0.36812454 0.9297765 0
    outer loop
      vertex -1.0814794 -10.298261 -1.6
      vertex -1.0814794 -10.298261 1
      vertex -0.78490317 -10.415684 -1.6
    endloop
  endfacet
  facet normal 0.36812454 0.9297765 0
    outer loop
      vertex -0.78490317 -10.415684 1
      vertex -0.78490317 -10.415684 -1.6
      vertex -1.0814794 -10.298261 1
    endloop
  endfacet
  facet normal 0.48175368 0.87630665 0
    outer loop
      vertex -1.3610001 -10.144593 -1.6
      vertex -1.3610001 -10.144593 1
      vertex -1.0814794 -10.298261 -1.6
    endloop
  endfacet
  facet normal 0.48175368 0.87630665 0
    outer loop
      vertex -1.0814794 -10.298261 1
      vertex -1.0814794 -10.298261 -1.6
      vertex -1.3610001 -10.144593 1
    endloop
  endfacet
  facet normal 0.58778524 0.809017 0
    outer loop
      vertex -1.6190569 -9.957104 -1.6
      vertex -1.6190569 -9.957104 1
      vertex -1.3610001 -10.144593 -1.6
    endloop
  endfacet
  facet normal 0.58778524 0.809017 0
    outer loop
      vertex -1.3610001 -10.144593 1
      vertex -1.3610001 -10.144593 -1.6
      vertex -1.6190569 -9.957104 1
    endloop
  endfacet
  facet normal 0.6845471 0.7289686 0
    outer loop
      vertex -1.8515803 -9.7387495 -1.6
      vertex -1.8515803 -9.7387495 1
      vertex -1.6190569 -9.957104 -1.6
    endloop
  endfacet
  facet normal 0.6845471 0.7289686 0
    outer loop
      vertex -1.6190569 -9.957104 1
      vertex -1.6190569 -9.957104 -1.6
      vertex -1.8515803 -9.7387495 1
    endloop
  endfacet
  facet normal 0.77051324 0.637424 0
    outer loop
      vertex -2.0549033 -9.492974 -1.6
      vertex -2.0549033 -9.492974 1
      vertex -1.8515803 -9.7387495 -1.6
    endloop
  endfacet
  facet normal 0.77051324 0.637424 0
    outer loop
      vertex -1.8515803 -9.7387495 1
      vertex -1.8515803 -9.7387495 -1.6
      vertex -2.0549033 -9.492974 1
    endloop
  endfacet
  facet normal 0.8443279 0.5358268 0
    outer loop
      vertex -2.2258189 -9.223655 -1.6
      vertex -2.2258189 -9.223655 1
      vertex -2.0549033 -9.492974 -1.6
    endloop
  endfacet
  facet normal 0.8443279 0.5358268 0
    outer loop
      vertex -2.0549033 -9.492974 1
      vertex -2.0549033 -9.492974 -1.6
      vertex -2.2258189 -9.223655 1
    endloop
  endfacet
  facet normal 0.90482706 0.42577928 0
    outer loop
      vertex -2.3616323 -8.935037 -1.6
      vertex -2.3616323 -8.935037 1
      vertex -2.2258189 -9.223655 -1.6
    endloop
  endfacet
  facet normal 0.90482706 0.42577928 0
    outer loop
      vertex -2.2258189 -9.223655 1
      vertex -2.2258189 -9.223655 -1.6
      vertex -2.3616323 -8.935037 1
    endloop
  endfacet
  facet normal 0.95105654 0.309017 0
    outer loop
      vertex -2.4602013 -8.631672 -1.6
      vertex -2.4602013 -8.631672 1
      vertex -2.3616323 -8.935037 -1.6
    endloop
  endfacet
  facet normal 0.95105654 0.309017 0
    outer loop
      vertex -2.3616323 -8.935037 1
      vertex -2.3616323 -8.935037 -1.6
      vertex -2.4602013 -8.631672 1
    endloop
  endfacet
  facet normal 0.9822872 0.18738131 0
    outer loop
      vertex -2.5199714 -8.318346 -1.6
      vertex -2.5199714 -8.318346 1
      vertex -2.4602013 -8.631672 -1.6
    endloop
  endfacet
  facet normal 0.9822872 0.18738131 0
    outer loop
      vertex -2.4602013 -8.631672 1
      vertex -2.4602013 -8.631672 -1.6
      vertex -2.5199714 -8.318346 1
    endloop
  endfacet
  facet normal 0.9980267 0.06279052 0
    outer loop
      vertex -2.54 -8 -1.6
      vertex -2.54 -8 1
      vertex -2.5199714 -8.318346 -1.6
    endloop
  endfacet
  facet normal 0.9980267 0.06279052 0
    outer loop
      vertex -2.5199714 -8.318346 1
      vertex -2.5199714 -8.318346 -1.6
      vertex -2.54 -8 1
    endloop
  endfacet
  facet normal 0.9980267 -0.06279052 0
    outer loop
      vertex -2.5199714 -7.6816535 -1.6
      vertex -2.5199714 -7.6816535 1
      vertex -2.54 -8 -1.6
    endloop
  endfacet
  facet normal 0.9980267 -0.06279052 0
    outer loop
      vertex -2.54 -8 1
      vertex -2.54 -8 -1.6
      vertex -2.5199714 -7.6816535 1
    endloop
  endfacet
  facet normal 0.9822872 -0.18738131 0
    outer loop
      vertex -2.4602013 -7.3683276 -1.6
      vertex -2.4602013 -7.3683276 1
      vertex -2.5199714 -7.6816535 -1.6
    endloop
  endfacet
  facet normal 0.9822872 -0.18738131 0
    outer loop
      vertex -2.5199714 -7.6816535 1
      vertex -2.5199714 -7.6816535 -1.6
      vertex -2.4602013 -7.3683276 1
    endloop
  endfacet
  facet normal 0.95105654 -0.309017 0
    outer loop
      vertex -2.3616323 -7.064964 -1.6
      vertex -2.3616323 -7.064964 1
      vertex -2.4602013 -7.3683276 -1.6
    endloop
  endfacet
  facet normal 0.95105654 -0.309017 0
    outer loop
      vertex -2.4602013 -7.3683276 1
      vertex -2.4602013 -7.3683276 -1.6
      vertex -2.3616323 -7.064964 1
    endloop
  endfacet
  facet normal 0.90482706 -0.42577928 0
    outer loop
      vertex -2.2258189 -6.7763457 -1.6
      vertex -2.2258189 -6.7763457 1
      vertex -2.3616323 -7.064964 -1.6
    endloop
  endfacet
  facet normal 0.90482706 -0.42577928 0
    outer loop
      vertex -2.3616323 -7.064964 1
      vertex -2.3616323 -7.064964 -1.6
      vertex -2.2258189 -6.7763457 1
    endloop
  endfacet
  facet normal 0.8443279 -0.5358268 0
    outer loop
      vertex -2.0549033 -6.5070252 -1.6
      vertex -2.0549033 -6.5070252 1
      vertex -2.2258189 -6.7763457 -1.6
    endloop
  endfacet
  facet normal 0.8443279 -0.5358268 0
    outer loop
      vertex -2.2258189 -6.7763457 1
      vertex -2.2258189 -6.7763457 -1.6
      vertex -2.0549033 -6.5070252 1
    endloop
  endfacet
  facet normal 0.77051324 -0.637424 0
    outer loop
      vertex -1.8515803 -6.2612505 -1.6
      vertex -1.8515803 -6.2612505 1
      vertex -2.0549033 -6.5070252 -1.6
    endloop
  endfacet
  facet normal 0.77051324 -0.637424 0
    outer loop
      vertex -2.0549033 -6.5070252 1
      vertex -2.0549033 -6.5070252 -1.6
      vertex -1.8515803 -6.2612505 1
    endloop
  endfacet
  facet normal 0.6845471 -0.7289686 0
    outer loop
      vertex -1.6190569 -6.0428963 -1.6
      vertex -1.6190569 -6.0428963 1
      vertex -1.8515803 -6.2612505 -1.6
    endloop
  endfacet
  facet normal 0.6845471 -0.7289686 0
    outer loop
      vertex -1.8515803 -6.2612505 1
      vertex -1.8515803 -6.2612505 -1.6
      vertex -1.6190569 -6.0428963 1
    endloop
  endfacet
  facet normal 0.58778524 -0.809017 0
    outer loop
      vertex -1.3610001 -5.855407 -1.6
      vertex -1.3610001 -5.855407 1
      vertex -1.6190569 -6.0428963 -1.6
    endloop
  endfacet
  facet normal 0.58778524 -0.809017 0
    outer loop
      vertex -1.6190569 -6.0428963 1
      vertex -1.6190569 -6.0428963 -1.6
      vertex -1.3610001 -5.855407 1
    endloop
  endfacet
  facet normal 0.48175368 -0.87630665 0
    outer loop
      vertex -1.0814794 -5.7017393 -1.6
      vertex -1.0814794 -5.7017393 1
      vertex -1.3610001 -5.855407 -1.6
    endloop
  endfacet
  facet normal 0.48175368 -0.87630665 0
    outer loop
      vertex -1.3610001 -5.855407 1
      vertex -1.3610001 -5.855407 -1.6
      vertex -1.0814794 -5.7017393 1
    endloop
  endfacet
  facet normal 0.36812454 -0.9297765 0
    outer loop
      vertex -0.78490317 -5.5843163 -1.6
      vertex -0.78490317 -5.5843163 1
      vertex -1.0814794 -5.7017393 -1.6
    endloop
  endfacet
  facet normal 0.36812454 -0.9297765 0
    outer loop
      vertex -1.0814794 -5.7017393 1
      vertex -1.0814794 -5.7017393 -1.6
      vertex -0.78490317 -5.5843163 1
    endloop
  endfacet
  facet normal 0.24868989 -0.96858317 0
    outer loop
      vertex -0.47594854 -5.5049906 -1.6
      vertex -0.47594854 -5.5049906 1
      vertex -0.78490317 -5.5843163 -1.6
    endloop
  endfacet
  facet normal 0.24868989 -0.96858317 0
    outer loop
      vertex -0.78490317 -5.5843163 1
      vertex -0.78490317 -5.5843163 -1.6
      vertex -0.47594854 -5.5049906 1
    endloop
  endfacet
  facet normal 0.12533323 -0.9921147 0
    outer loop
      vertex -0.15948792 -5.465012 -1.6
      vertex -0.15948792 -5.465012 1
      vertex -0.47594854 -5.5049906 -1.6
    endloop
  endfacet
  facet normal 0.12533323 -0.9921147 0
    outer loop
      vertex -0.47594854 -5.5049906 1
      vertex -0.47594854 -5.5049906 -1.6
      vertex -0.15948792 -5.465012 1
    endloop
  endfacet
  facet normal 0 -1 0
    outer loop
      vertex 0.15948792 -5.465012 -1.6
      vertex 0.15948792 -5.465012 1
      vertex -0.15948792 -5.465012 -1.6
    endloop
  endfacet
  facet normal 0 -1 0
    outer loop
      vertex -0.15948792 -5.465012 1
      vertex -0.15948792 -5.465012 -1.6
      vertex 0.15948792 -5.465012 1
    endloop
  endfacet
  facet normal -0.12533323 -0.9921147 0
    outer loop
      vertex 0.47594854 -5.5049906 -1.6
      vertex 0.47594854 -5.5049906 1
      vertex 0.15948792 -5.465012 -1.6
    endloop
  endfacet
  facet normal -0.12533323 -0.9921147 0
    outer loop
      vertex 0.15948792 -5.465012 1
      vertex 0.15948792 -5.465012 -1.6
      vertex 0.47594854 -5.5049906 1
    endloop
  endfacet
  facet normal -0.24868989 -0.96858317 0
    outer loop
      vertex 0.78490317 -5.5843163 -1.6
      vertex 0.78490317 -5.5843163 1
      vertex 0.47594854 -5.5049906 -1.6
    endloop
  endfacet
  facet normal -0.24868989 -0.96858317 0
    outer loop
      vertex 0.47594854 -5.5049906 1
      vertex 0.47594854 -5.5049906 -1.6
      vertex 0.78490317 -5.5843163 1
    endloop
  endfacet
  facet normal -0.36812454 -0.9297765 0
    outer loop
      vertex 1.0814794 -5.7017393 -1.6
      vertex 1.0814794 -5.7017393 1
      vertex 0.78490317 -5.5843163 -1.6
    endloop
  endfacet
  facet normal -0.36812454 -0.9297765 0
    outer loop
      vertex 0.78490317 -5.5843163 1
      vertex 0.78490317 -5.5843163 -1.6
      vertex 1.0814794 -5.7017393 1
    endloop
  endfacet
  facet normal -0.48175368 -0.87630665 0
    outer loop
      vertex 1.3610001 -5.855407 -1.6
      vertex 1.3610001 -5.855407 1
      vertex 1.0814794 -5.7017393 -1.6
    endloop
  endfacet
  facet normal -0.48175368 -0.87630665 0
    outer loop
      vertex 1.0814794 -5.7017393 1
      vertex 1.0814794 -5.7017393 -1.6
      vertex 1.3610001 -5.855407 1
    endloop
  endfacet
  facet normal -0.58778524 -0.809017 0
    outer loop
      vertex 1.6190569 -6.0428963 -1.6
      vertex 1.6190569 -6.0428963 1
      vertex 1.3610001 -5.855407 -1.6
    endloop
  endfacet
  facet normal -0.58778524 -0.809017 0
    outer loop
      vertex 1.3610001 -5.855407 1
      vertex 1.3610001 -5.855407 -1.6
      vertex 1.6190569 -6.0428963 1
    endloop
  endfacet
  facet normal -0.6845471 -0.7289686 0
    outer loop
      vertex 1.8515803 -6.2612505 -1.6
      vertex 1.8515803 -6.2612505 1
      vertex 1.6190569 -6.0428963 -1.6
    endloop
  endfacet
  facet normal -0.6845471 -0.7289686 0
    outer loop
      vertex 1.6190569 -6.0428963 1
      vertex 1.6190569 -6.0428963 -1.6
      vertex 1.8515803 -6.2612505 1
    endloop
  endfacet
  facet normal -0.77051324 -0.637424 0
    outer loop
      vertex 2.0549033 -6.5070252 -1.6
      vertex 2.0549033 -6.5070252 1
      vertex 1.8515803 -6.2612505 -1.6
    endloop
  endfacet
  facet normal -0.77051324 -0.637424 0
    outer loop
      vertex 1.8515803 -6.2612505 1
      vertex 1.8515803 -6.2612505 -1.6
      vertex 2.0549033 -6.5070252 1
    endloop
  endfacet
  facet normal -0.8443279 -0.5358268 0
    outer loop
      vertex 2.2258189 -6.7763457 -1.6
      vertex 2.2258189 -6.7763457 1
      vertex 2.0549033 -6.5070252 -1.6
    endloop
  endfacet
  facet normal -0.8443279 -0.5358268 0
    outer loop
      vertex 2.0549033 -6.5070252 1
      vertex 2.0549033 -6.5070252 -1.6
      vertex 2.2258189 -6.7763457 1
    endloop
  endfacet
  facet normal -0.90482706 -0.42577928 0
    outer loop
      vertex 2.3616323 -7.064964 -1.6
      vertex 2.3616323 -7.064964 1
      vertex 2.2258189 -6.7763457 -1.6
    endloop
  endfacet
  facet normal -0.90482706 -0.42577928 0
    outer loop
      vertex 2.2258189 -6.7763457 1
      vertex 2.2258189 -6.7763457 -1.6
      vertex 2.3616323 -7.064964 1
    endloop
  endfacet
  facet normal -0.95105654 -0.309017 0
    outer loop
      vertex 2.4602013 -7.3683276 -1.6
      vertex 2.4602013 -7.3683276 1
      vertex 2.3616323 -7.064964 -1.6
    endloop
  endfacet
  facet normal -0.95105654 -0.309017 0
    outer loop
      vertex 2.3616323 -7.064964 1
      vertex 2.3616323 -7.064964 -1.6
      vertex 2.4602013 -7.3683276 1
    endloop
  endfacet
  facet normal -0.9822872 -0.18738131 0
    outer loop
      vertex 2.5199714 -7.6816535 -1.6
      vertex 2.5199714 -7.6816535 1
      vertex 2.4602013 -7.3683276 -1.6
    endloop
  endfacet
  facet normal -0.9822872 -0.18738131 0
    outer loop
      vertex 2.4602013 -7.3683276 1
      vertex 2.4602013 -7.3683276 -1.6
      vertex 2.5199714 -7.6816535 1
    endloop
  endfacet
  facet normal -0.9980267 -0.06279052 0
    outer loop
      vertex 2.54 -8 -1.6
      vertex 2.54 -8 1
      vertex 2.5199714 -7.6816535 -1.6
    endloop
  endfacet
  facet normal -0.9980267 -0.06279052 0
    outer loop
      vertex 2.5199714 -7.6816535 1
      vertex 2.5199714 -7.6816535 -1.6
      vertex 2.54 -8 1
    endloop
  endfacet
  facet normal -0.9980267 0.06279052 0
    outer loop
      vertex 2.5199714 -8.318346 -1.6
      vertex 2.5199714 -8.318346 1
      vertex 2.54 -8 -1.6
    endloop
  endfacet
  facet normal -0.9980267 0.06279052 0
    outer loop
      vertex 2.54 -8 1
      vertex 2.54 -8 -1.6
      vertex 2.5199714 -8.318346 1
    endloop
  endfacet
  facet normal -0.9822872 0.18738131 0
    outer loop
      vertex 2.4602013 -8.631672 -1.6
      vertex 2.4602013 -8.631672 1
      vertex 2.5199714 -8.318346 -1.6
    endloop
  endfacet
  facet normal -0.9822872 0.18738131 0
    outer loop
      vertex 2.5199714 -8.318346 1
      vertex 2.5199714 -8.318346 -1.6
      vertex 2.4602013 -8.631672 1
    endloop
  endfacet
  facet normal -0.95105654 0.309017 0
    outer loop
      vertex 2.3616323 -8.935037 -1.6
      vertex 2.3616323 -8.935037 1
      vertex 2.4602013 -8.631672 -1.6
    endloop
  endfacet
  facet normal -0.95105654 0.309017 0
    outer loop
      vertex 2.4602013 -8.631672 1
      vertex 2.4602013 -8.631672 -1.6
      vertex 2.3616323 -8.935037 1
    endloop
  endfacet
  facet normal -0.90482706 0.42577928 0
    outer loop
      vertex 2.2258189 -9.223655 -1.6
      vertex 2.2258189 -9.223655 1
      vertex 2.3616323 -8.935037 -1.6
    endloop
  endfacet
  facet normal -0.90482706 0.42577928 0
    outer loop
      vertex 2.3616323 -8.935037 1
      vertex 2.3616323 -8.935037 -1.6
      vertex 2.2258189 -9.223655 1
    endloop
  endfacet
  facet normal -0.8443279 0.5358268 0
    outer loop
      vertex 2.0549033 -9.492974 -1.6
      vertex 2.0549033 -9.492974 1
      vertex 2.2258189 -9.223655 -1.6
    endloop
  endfacet
  facet normal -0.8443279 0.5358268 0
    outer loop
      vertex 2.2258189 -9.223655 1
      vertex 2.2258189 -9.223655 -1.6
      vertex 2.0549033 -9.492974 1
    endloop
  endfacet
  facet normal -0.77051324 0.637424 0
    outer loop
      vertex 1.8515803 -9.7387495 -1.6
      vertex 1.8515803 -9.7387495 1
      vertex 2.0549033 -9.492974 -1.6
    endloop
  endfacet
  facet normal -0.77051324 0.637424 0
    outer loop
      vertex 2.0549033 -9.492974 1
      vertex 2.0549033 -9.492974 -1.6
      vertex 1.8515803 -9.7387495 1
    endloop
  endfacet
  facet normal -0.6845471 0.7289686 0
    outer loop
      vertex 1.6190569 -9.957104 -1.6
      vertex 1.6190569 -9.957104 1
      vertex 1.8515803 -9.7387495 -1.6
    endloop
  endfacet
  facet normal -0.6845471 0.7289686 0
    outer loop
      vertex 1.8515803 -9.7387495 1
      vertex 1.8515803 -9.7387495 -1.6
      vertex 1.6190569 -9.957104 1
    endloop
  endfacet
  facet normal -0.58778524 0.809017 0
    outer loop
      vertex 1.3610001 -10.144593 -1.6
      vertex 1.3610001 -10.144593 1
      vertex 1.6190569 -9.957104 -1.6
    endloop
  endfacet
  facet normal -0.58778524 0.809017 0
    outer loop
      vertex 1.6190569 -9.957104 1
      vertex 1.6190569 -9.957104 -1.6
      vertex 1.3610001 -10.144593 1
    endloop
  endfacet
  facet normal -0.48175368 0.87630665 0
    outer loop
      vertex 1.0814794 -10.298261 -1.6
      vertex 1.0814794 -10.298261 1
      vertex 1.3610001 -10.144593 -1.6
    endloop
  endfacet
  facet normal -0.48175368 0.87630665 0
    outer loop
      vertex 1.3610001 -10.144593 1
      vertex 1.3610001 -10.144593 -1.6
      vertex 1.0814794 -10.298261 1
    endloop
  endfacet
  facet normal -0.36812454 0.9297765 0
    outer loop
      vertex 0.78490317 -10.415684 -1.6
      vertex 0.78490317 -10.415684 1
      vertex 1.0814794 -10.298261 -1.6
    endloop
  endfacet
  facet normal -0.36812454 0.9297765 0
    outer loop
      vertex 1.0814794 -10.298261 1
      vertex 1.0814794 -10.298261 -1.6
      vertex 0.78490317 -10.415684 1
    endloop
  endfacet
  facet normal -0.24868989 0.96858317 0
    outer loop
      vertex 0.47594854 -10.495009 -1.6
      vertex 0.47594854 -10.495009 1
      vertex 0.78490317 -10.415684 -1.6
    endloop
  endfacet
  facet normal -0.24868989 0.96858317 0
    outer loop
      vertex 0.78490317 -10.415684 1
      vertex 0.78490317 -10.415684 -1.6
      vertex 0.47594854 -10.495009 1
    endloop
  endfacet
  facet normal -0.12533323 0.9921147 0
    outer loop
      vertex 0.15948792 -10.534987 -1.6
      vertex 0.15948792 -10.534987 1
      vertex 0.47594854 -10.495009 -1.6
    endloop
  endfacet
  facet normal -0.12533323 0.9921147 0
    outer loop
      vertex 0.47594854 -10.495009 1
      vertex 0.47594854 -10.495009 -1.6
      vertex 0.15948792 -10.534987 1
    endloop
  endfacet
  facet normal 0 1 0
    outer loop
      vertex -0.15948792 -10.534987 -1.6
      vertex -0.15948792 -10.534987 1
      vertex 0.15948792 -10.534987 -1.6
    endloop
  endfacet
  facet normal 0 1 0
    outer loop
      vertex 0.15948792 -10.534987 1
      vertex 0.15948792 -10.534987 -1.6
      vertex -0.15948792 -10.534987 1
    endloop
  endfacet
  facet normal 0 0 -1
    outer loop
      vertex 3.0636134 1.2129704 -1.6
      vertex 3.1914816 0.81943315 -1.6
      vertex 2.4602013 0.6316723 -1.6
    endloop
  endfacet
  facet normal 0 0 -1
    outer loop
      vertex 2.4019516 5.744417 -1.6
      vertex 1.8515803 6.2612505 -1.6
      vertex 2.665711 6.0632477 -1.6
    endloop
  endfacet
  facet normal 0 0 -1
    outer loop
      vertex 2.8874304 6.4126215 -1.6
      vertex 2.2258189 6.7763457 -1.6
      vertex 2.3616323 7.064964 -1.6
    endloop
  endfacet
  facet normal 0 0 -1
    outer loop
      vertex 1.0814794 -2.2982607 -1.6
      vertex 1.3610001 -2.144593 -1.6
      vertex 1.4029428 -2.981405 -1.6
    endloop
  endfacet
  facet normal 0 0 -1
    outer loop
      vertex 2.8874304 -1.5873784 -1.6
      vertex 2.0549033 -1.4929745 -1.6
      vertex 2.2258189 -1.2236544 -1.6
    endloop
  endfacet
  facet normal 0 0 -1
    outer loop
      vertex 2.4602013 -0.6316723 -1.6
      vertex 3.1914816 -0.81943315 -1.6
      vertex 3.0636134 -1.2129704 -1.6
    endloop
  endfacet
  facet normal 0 0 -1
    outer loop
      vertex 1.3610001 5.855407 -1.6
      vertex 1.6190569 6.0428963 -1.6
      vertex 2.100312 5.4611588 -1.6
    endloop
  endfacet
  facet normal 0 0 -1
    outer loop
      vertex 3.269018 -0.41297302 -1.6
      vertex 3.1914816 -0.81943315 -1.6
      vertex 2.4602013 -0.6316723 -1.6
    endloop
  endfacet
  facet normal 0 0 -1
    outer loop
      vertex 2.3616323 7.064964 -1.6
      vertex 2.4602013 7.3683276 -1.6
      vertex 3.0636134 6.7870297 -1.6
    endloop
  endfacet
  facet normal 0 0 -1
    outer loop
      vertex 2.5199714 0.3183464 -1.6
      vertex 3.269018 0.41297302 -1.6
      vertex 2.54 0 -1.6
    endloop
  endfacet
  facet normal 0 0 -1
    outer loop
      vertex 3.1914816 0.81943315 -1.6
      vertex 3.269018 0.41297302 -1.6
      vertex 2.5199714 0.3183464 -1.6
    endloop
  endfacet
  facet normal 0 0 -1
    outer loop
      vertex 2.4602013 8.631672 -1.6
      vertex 3.269018 8.412973 -1.6
      vertex 2.5199714 8.318346 -1.6
    endloop
  endfacet
  facet normal 0 0 -1
    outer loop
      vertex 2.2258189 1.2236544 -1.6
      vertex 2.8874304 1.5873784 -1.6
      vertex 3.0636134 1.2129704 -1.6
    endloop
  endfacet
  facet normal 0 0 -1
    outer loop
      vertex 2.5199714 8.318346 -1.6
      vertex 3.269018 8.412973 -1.6
      vertex 3.295 8 -1.6
    endloop
  endfacet
  facet normal 0 0 -1
    outer loop
      vertex 2.0549033 1.4929745 -1.6
      vertex 2.8874304 1.5873784 -1.6
      vertex 2.2258189 1.2236544 -1.6
    endloop
  endfacet
  facet normal 0 0 -1
    outer loop
      vertex 3.0636134 9.212971 -1.6
      vertex 3.1914816 8.819433 -1.6
      vertex 2.4602013 8.631672 -1.6
    endloop
  endfacet
  facet normal 0 0 -1
    outer loop
      vertex 0.78490317 2.4156835 -1.6
      vertex 1.018211 3.1337311 -1.6
      vertex 1.0814794 2.2982607 -1.6
    endloop
  endfacet
  facet normal 0 0 -1
    outer loop
      vertex 2.2258189 9.223655 -1.6
      vertex 3.0636134 9.212971 -1.6
      vertex 2.3616323 8.935037 -1.6
    endloop
  endfacet
  facet normal 0 0 -1
    outer loop
      vertex 2.4019516 10.255583 -1.6
      vertex 2.665711 9.936752 -1.6
      vertex 2.0549033 9.492974 -1.6
    endloop
  endfacet
  facet normal 0 0 -1
    outer loop
      vertex 0.78490317 10.415684 -1.6
      vertex 1.018211 11.133731 -1.6
      vertex 1.4029428 10.981405 -1.6
    endloop
  endfacet
  facet normal 0 0 -1
    outer loop
      vertex 1.3610001 10.144593 -1.6
      vertex 1.7655493 10.782061 -1.6
      vertex 1.6190569 9.957104 -1.6
    endloop
  endfacet
  facet normal 0 0 -1
    outer loop
      vertex 2.100312 10.538841 -1.6
      vertex 2.4019516 10.255583 -1.6
      vertex 1.8515803 9.7387495 -1.6
    endloop
  endfacet
  facet normal 0 0 -1
    outer loop
      vertex 0.61742145 11.236636 -1.6
      vertex 1.018211 11.133731 -1.6
      vertex 0.78490317 10.415684 -1.6
    endloop
  endfacet
  facet normal 0 0 -1
    outer loop
      vertex 0.20689476 11.288498 -1.6
      vertex 0.61742145 11.236636 -1.6
      vertex 0.47594854 10.495009 -1.6
    endloop
  endfacet
  facet normal 0 0 -1
    outer loop
      vertex -1.3610001 5.855407 -1.6
      vertex -1.7655493 5.2179394 -1.6
      vertex -1.6190569 6.0428963 -1.6
    endloop
  endfacet
  facet normal 0 0 -1
    outer loop
      vertex -0.15948792 10.534987 -1.6
      vertex -0.20689476 11.288498 -1.6
      vertex 0.15948792 10.534987 -1.6
    endloop
  endfacet
  facet normal 0 0 -1
    outer loop
      vertex -1.8515803 6.2612505 -1.6
      vertex -2.665711 6.0632477 -1.6
      vertex -2.0549033 6.5070252 -1.6
    endloop
  endfacet
  facet normal 0 0 -1
    outer loop
      vertex -0.78490317 10.415684 -1.6
      vertex -1.018211 11.133731 -1.6
      vertex -0.61742145 11.236636 -1.6
    endloop
  endfacet
  facet normal 0 0 -1
    outer loop
      vertex -1.3610001 10.144593 -1.6
      vertex -1.4029428 10.981405 -1.6
      vertex -1.0814794 10.298261 -1.6
    endloop
  endfacet
  facet normal 0 0 -1
    outer loop
      vertex -1.0814794 10.298261 -1.6
      vertex -1.4029428 10.981405 -1.6
      vertex -0.78490317 10.415684 -1.6
    endloop
  endfacet
  facet normal 0 0 -1
    outer loop
      vertex -1.6190569 9.957104 -1.6
      vertex -2.100312 10.538841 -1.6
      vertex -1.7655493 10.782061 -1.6
    endloop
  endfacet
  facet normal 0 0 -1
    outer loop
      vertex -2.2258189 9.223655 -1.6
      vertex -2.665711 9.936752 -1.6
      vertex -2.0549033 9.492974 -1.6
    endloop
  endfacet
  facet normal 0 0 -1
    outer loop
      vertex -2.0549033 9.492974 -1.6
      vertex -2.665711 9.936752 -1.6
      vertex -1.8515803 9.7387495 -1.6
    endloop
  endfacet
  facet normal 0 0 -1
    outer loop
      vertex -3.269018 8.412973 -1.6
      vertex -3.1914816 8.819433 -1.6
      vertex -2.4602013 8.631672 -1.6
    endloop
  endfacet
  facet normal 0 0 -1
    outer loop
      vertex -2.3616323 8.935037 -1.6
      vertex -3.0636134 9.212971 -1.6
      vertex -2.8874304 9.5873785 -1.6
    endloop
  endfacet
  facet normal 0 0 -1
    outer loop
      vertex -2.4602013 8.631672 -1.6
      vertex -3.1914816 8.819433 -1.6
      vertex -2.3616323 8.935037 -1.6
    endloop
  endfacet
  facet normal 0 0 -1
    outer loop
      vertex -2.0549033 6.5070252 -1.6
      vertex -2.665711 6.0632477 -1.6
      vertex -2.2258189 6.7763457 -1.6
    endloop
  endfacet
  facet normal 0 0 -1
    outer loop
      vertex -2.5199714 7.6816535 -1.6
      vertex -3.269018 7.587027 -1.6
      vertex -2.54 8 -1.6
    endloop
  endfacet
  facet normal 0 0 -1
    outer loop
      vertex -2.4602013 7.3683276 -1.6
      vertex -3.269018 7.587027 -1.6
      vertex -2.5199714 7.6816535 -1.6
    endloop
  endfacet
  facet normal 0 0 -1
    outer loop
      vertex -2.3616323 7.064964 -1.6
      vertex -3.0636134 6.7870297 -1.6
      vertex -3.1914816 7.180567 -1.6
    endloop
  endfacet
  facet normal 0 0 -1
    outer loop
      vertex 2.54 8 -1.6
      vertex 3.269018 7.587027 -1.6
      vertex 2.5199714 7.6816535 -1.6
    endloop
  endfacet
  facet normal 0 0 -1
    outer loop
      vertex -1.6190569 6.0428963 -1.6
      vertex -2.100312 5.4611588 -1.6
      vertex -2.4019516 5.744417 -1.6
    endloop
  endfacet
  facet normal 0 0 -1
    outer loop
      vertex 0.61742145 4.7633634 -1.6
      vertex 0.78490317 5.5843163 -1.6
      vertex 1.018211 4.8662686 -1.6
    endloop
  endfacet
  facet normal 0 0 -1
    outer loop
      vertex -1.0814794 5.7017393 -1.6
      vertex -1.4029428 5.0185947 -1.6
      vertex -1.3610001 5.855407 -1.6
    endloop
  endfacet
  facet normal 0 0 -1
    outer loop
      vertex -0.78490317 5.5843163 -1.6
      vertex -1.018211 4.8662686 -1.6
      vertex -1.0814794 5.7017393 -1.6
    endloop
  endfacet
  facet normal 0 0 -1
    outer loop
      vertex -0.78490317 5.5843163 -1.6
      vertex -0.61742145 4.7633634 -1.6
      vertex -1.018211 4.8662686 -1.6
    endloop
  endfacet
  facet normal 0 0 -1
    outer loop
      vertex -0.61742145 4.7633634 -1.6
      vertex -0.15948792 5.465012 -1.6
      vertex -0.20689476 4.711502 -1.6
    endloop
  endfacet
  facet normal 0 0 -1
    outer loop
      vertex -0.61742145 4.7633634 -1.6
      vertex -0.47594854 5.5049906 -1.6
      vertex -0.15948792 5.465012 -1.6
    endloop
  endfacet
  facet normal 0 0 -1
    outer loop
      vertex -1.6190569 1.9571036 -1.6
      vertex -2.100312 2.5388412 -1.6
      vertex -1.7655493 2.7820606 -1.6
    endloop
  endfacet
  facet normal 0 0 -1
    outer loop
      vertex -0.20689476 4.711502 -1.6
      vertex -0.15948792 5.465012 -1.6
      vertex 0.15948792 5.465012 -1.6
    endloop
  endfacet
  facet normal 0 0 -1
    outer loop
      vertex 0.61742145 4.7633634 -1.6
      vertex 0.20689476 4.711502 -1.6
      vertex 0.15948792 5.465012 -1.6
    endloop
  endfacet
  facet normal 0 0 -1
    outer loop
      vertex -0.78490317 2.4156835 -1.6
      vertex -1.018211 3.1337311 -1.6
      vertex -0.47594854 2.4950097 -1.6
    endloop
  endfacet
  facet normal 0 0 -1
    outer loop
      vertex 0.15948792 5.465012 -1.6
      vertex 0.20689476 4.711502 -1.6
      vertex -0.20689476 4.711502 -1.6
    endloop
  endfacet
  facet normal 0 0 -1
    outer loop
      vertex -0.15948792 2.534988 -1.6
      vertex -0.20689476 3.2884982 -1.6
      vertex 0.15948792 2.534988 -1.6
    endloop
  endfacet
  facet normal 0 0 -1
    outer loop
      vertex 2.100312 -2.5388412 -1.6
      vertex 1.7655493 -2.7820606 -1.6
      vertex 1.6190569 -1.9571036 -1.6
    endloop
  endfacet
  facet normal 0 0 -1
    outer loop
      vertex -0.61742145 4.7633634 -1.6
      vertex -0.78490317 5.5843163 -1.6
      vertex -0.47594854 5.5049906 -1.6
    endloop
  endfacet
  facet normal 0 0 -1
    outer loop
      vertex 1.7655493 5.2179394 -1.6
      vertex 1.4029428 5.0185947 -1.6
      vertex 1.0814794 5.7017393 -1.6
    endloop
  endfacet
  facet normal 0 0 -1
    outer loop
      vertex -1.0814794 5.7017393 -1.6
      vertex -1.018211 4.8662686 -1.6
      vertex -1.4029428 5.0185947 -1.6
    endloop
  endfacet
  facet normal 0 0 -1
    outer loop
      vertex -1.3610001 5.855407 -1.6
      vertex -1.4029428 5.0185947 -1.6
      vertex -1.7655493 5.2179394 -1.6
    endloop
  endfacet
  facet normal 0 0 -1
    outer loop
      vertex -1.6190569 6.0428963 -1.6
      vertex -1.7655493 5.2179394 -1.6
      vertex -2.100312 5.4611588 -1.6
    endloop
  endfacet
  facet normal 0 0 -1
    outer loop
      vertex -1.8515803 6.2612505 -1.6
      vertex -1.6190569 6.0428963 -1.6
      vertex -2.4019516 5.744417 -1.6
    endloop
  endfacet
  facet normal 0 0 -1
    outer loop
      vertex -2.4019516 5.744417 -1.6
      vertex -2.665711 6.0632477 -1.6
      vertex -1.8515803 6.2612505 -1.6
    endloop
  endfacet
  facet normal 0 0 -1
    outer loop
      vertex -2.2258189 6.7763457 -1.6
      vertex -2.665711 6.0632477 -1.6
      vertex -2.8874304 6.4126215 -1.6
    endloop
  endfacet
  facet normal 0 0 -1
    outer loop
      vertex -3.0636134 6.7870297 -1.6
      vertex -2.3616323 7.064964 -1.6
      vertex -2.8874304 6.4126215 -1.6
    endloop
  endfacet
  facet normal 0 0 -1
    outer loop
      vertex -2.3616323 7.064964 -1.6
      vertex -2.2258189 6.7763457 -1.6
      vertex -2.8874304 6.4126215 -1.6
    endloop
  endfacet
  facet normal 0 0 -1
    outer loop
      vertex -2.4602013 7.3683276 -1.6
      vertex -2.3616323 7.064964 -1.6
      vertex -3.1914816 7.180567 -1.6
    endloop
  endfacet
  facet normal 0 0 -1
    outer loop
      vertex -3.1914816 7.180567 -1.6
      vertex -3.269018 7.587027 -1.6
      vertex -2.4602013 7.3683276 -1.6
    endloop
  endfacet
  facet normal 0 0 -1
    outer loop
      vertex -2.54 8 -1.6
      vertex -3.269018 7.587027 -1.6
      vertex -3.295 8 -1.6
    endloop
  endfacet
  facet normal 0 0 -1
    outer loop
      vertex -3.269018 8.412973 -1.6
      vertex -2.5199714 8.318346 -1.6
      vertex -3.295 8 -1.6
    endloop
  endfacet
  facet normal 0 0 -1
    outer loop
      vertex -2.5199714 8.318346 -1.6
      vertex -2.54 8 -1.6
      vertex -3.295 8 -1.6
    endloop
  endfacet
  facet normal 0 0 -1
    outer loop
      vertex -3.269018 8.412973 -1.6
      vertex -2.4602013 8.631672 -1.6
      vertex -2.5199714 8.318346 -1.6
    endloop
  endfacet
  facet normal 0 0 -1
    outer loop
      vertex -2.3616323 8.935037 -1.6
      vertex -3.1914816 8.819433 -1.6
      vertex -3.0636134 9.212971 -1.6
    endloop
  endfacet
  facet normal 0 0 -1
    outer loop
      vertex -2.2258189 9.223655 -1.6
      vertex -2.3616323 8.935037 -1.6
      vertex -2.8874304 9.5873785 -1.6
    endloop
  endfacet
  facet normal 0 0 -1
    outer loop
      vertex -2.8874304 9.5873785 -1.6
      vertex -2.665711 9.936752 -1.6
      vertex -2.2258189 9.223655 -1.6
    endloop
  endfacet
  facet normal 0 0 -1
    outer loop
      vertex -1.8515803 9.7387495 -1.6
      vertex -2.665711 9.936752 -1.6
      vertex -2.4019516 10.255583 -1.6
    endloop
  endfacet
  facet normal 0 0 -1
    outer loop
      vertex -2.100312 10.538841 -1.6
      vertex -1.6190569 9.957104 -1.6
      vertex -2.4019516 10.255583 -1.6
    endloop
  endfacet
  facet normal 0 0 -1
    outer loop
      vertex -1.6190569 9.957104 -1.6
      vertex -1.8515803 9.7387495 -1.6
      vertex -2.4019516 10.255583 -1.6
    endloop
  endfacet
  facet normal 0 0 -1
    outer loop
      vertex -1.3610001 10.144593 -1.6
      vertex -1.6190569 9.957104 -1.6
      vertex -1.7655493 10.782061 -1.6
    endloop
  endfacet
  facet normal 0 0 -1
    outer loop
      vertex -1.7655493 10.782061 -1.6
      vertex -1.4029428 10.981405 -1.6
      vertex -1.3610001 10.144593 -1.6
    endloop
  endfacet
  facet normal 0 0 -1
    outer loop
      vertex -0.78490317 10.415684 -1.6
      vertex -1.4029428 10.981405 -1.6
      vertex -1.018211 11.133731 -1.6
    endloop
  endfacet
  facet normal 0 0 -1
    outer loop
      vertex -0.47594854 10.495009 -1.6
      vertex -0.78490317 10.415684 -1.6
      vertex -0.61742145 11.236636 -1.6
    endloop
  endfacet
  facet normal 0 0 -1
    outer loop
      vertex -0.20689476 11.288498 -1.6
      vertex -0.15948792 10.534987 -1.6
      vertex -0.47594854 10.495009 -1.6
    endloop
  endfacet
  facet normal 0 0 -1
    outer loop
      vertex -0.20689476 11.288498 -1.6
      vertex -0.47594854 10.495009 -1.6
      vertex -0.61742145 11.236636 -1.6
    endloop
  endfacet
  facet normal 0 0 -1
    outer loop
      vertex 0.15948792 10.534987 -1.6
      vertex -0.20689476 11.288498 -1.6
      vertex 0.20689476 11.288498 -1.6
    endloop
  endfacet
  facet normal 0 0 -1
    outer loop
      vertex 0.20689476 11.288498 -1.6
      vertex 0.47594854 10.495009 -1.6
      vertex 0.15948792 10.534987 -1.6
    endloop
  endfacet
  facet normal 0 0 -1
    outer loop
      vertex 0.61742145 11.236636 -1.6
      vertex 0.78490317 10.415684 -1.6
      vertex 0.47594854 10.495009 -1.6
    endloop
  endfacet
  facet normal 0 0 -1
    outer loop
      vertex 1.0814794 10.298261 -1.6
      vertex 0.78490317 10.415684 -1.6
      vertex 1.4029428 10.981405 -1.6
    endloop
  endfacet
  facet normal 0 0 -1
    outer loop
      vertex 1.7655493 10.782061 -1.6
      vertex 1.3610001 10.144593 -1.6
      vertex 1.4029428 10.981405 -1.6
    endloop
  endfacet
  facet normal 0 0 -1
    outer loop
      vertex 1.3610001 10.144593 -1.6
      vertex 1.0814794 10.298261 -1.6
      vertex 1.4029428 10.981405 -1.6
    endloop
  endfacet
  facet normal 0 0 -1
    outer loop
      vertex 1.6190569 9.957104 -1.6
      vertex 1.7655493 10.782061 -1.6
      vertex 2.100312 10.538841 -1.6
    endloop
  endfacet
  facet normal 0 0 -1
    outer loop
      vertex 2.100312 10.538841 -1.6
      vertex 1.8515803 9.7387495 -1.6
      vertex 1.6190569 9.957104 -1.6
    endloop
  endfacet
  facet normal 0 0 -1
    outer loop
      vertex 2.4019516 10.255583 -1.6
      vertex 2.0549033 9.492974 -1.6
      vertex 1.8515803 9.7387495 -1.6
    endloop
  endfacet
  facet normal 0 0 -1
    outer loop
      vertex 2.8874304 9.5873785 -1.6
      vertex 2.2258189 9.223655 -1.6
      vertex 2.665711 9.936752 -1.6
    endloop
  endfacet
  facet normal 0 0 -1
    outer loop
      vertex 2.2258189 9.223655 -1.6
      vertex 2.0549033 9.492974 -1.6
      vertex 2.665711 9.936752 -1.6
    endloop
  endfacet
  facet normal 0 0 -1
    outer loop
      vertex 2.8874304 9.5873785 -1.6
      vertex 3.0636134 9.212971 -1.6
      vertex 2.2258189 9.223655 -1.6
    endloop
  endfacet
  facet normal 0 0 -1
    outer loop
      vertex 3.0636134 9.212971 -1.6
      vertex 2.4602013 8.631672 -1.6
      vertex 2.3616323 8.935037 -1.6
    endloop
  endfacet
  facet normal 0 0 -1
    outer loop
      vertex 3.1914816 8.819433 -1.6
      vertex 3.269018 8.412973 -1.6
      vertex 2.4602013 8.631672 -1.6
    endloop
  endfacet
  facet normal 0 0 -1
    outer loop
      vertex 2.54 8 -1.6
      vertex 2.5199714 8.318346 -1.6
      vertex 3.295 8 -1.6
    endloop
  endfacet
  facet normal 0 0 -1
    outer loop
      vertex 3.295 8 -1.6
      vertex 3.269018 7.587027 -1.6
      vertex 2.54 8 -1.6
    endloop
  endfacet
  facet normal 0 0 -1
    outer loop
      vertex 3.1914816 7.180567 -1.6
      vertex 2.4602013 7.3683276 -1.6
      vertex 3.269018 7.587027 -1.6
    endloop
  endfacet
  facet normal 0 0 -1
    outer loop
      vertex 2.4602013 7.3683276 -1.6
      vertex 2.5199714 7.6816535 -1.6
      vertex 3.269018 7.587027 -1.6
    endloop
  endfacet
  facet normal 0 0 -1
    outer loop
      vertex 3.0636134 6.7870297 -1.6
      vertex 2.4602013 7.3683276 -1.6
      vertex 3.1914816 7.180567 -1.6
    endloop
  endfacet
  facet normal 0 0 -1
    outer loop
      vertex 2.8874304 6.4126215 -1.6
      vertex 2.3616323 7.064964 -1.6
      vertex 3.0636134 6.7870297 -1.6
    endloop
  endfacet
  facet normal 0 0 -1
    outer loop
      vertex 2.665711 6.0632477 -1.6
      vertex 2.2258189 6.7763457 -1.6
      vertex 2.8874304 6.4126215 -1.6
    endloop
  endfacet
  facet normal 0 0 -1
    outer loop
      vertex 2.665711 6.0632477 -1.6
      vertex 2.0549033 6.5070252 -1.6
      vertex 2.2258189 6.7763457 -1.6
    endloop
  endfacet
  facet normal 0 0 -1
    outer loop
      vertex 2.665711 6.0632477 -1.6
      vertex 1.8515803 6.2612505 -1.6
      vertex 2.0549033 6.5070252 -1.6
    endloop
  endfacet
  facet normal 0 0 -1
    outer loop
      vertex 2.4019516 5.744417 -1.6
      vertex 2.100312 5.4611588 -1.6
      vertex 1.8515803 6.2612505 -1.6
    endloop
  endfacet
  facet normal 0 0 -1
    outer loop
      vertex 1.8515803 6.2612505 -1.6
      vertex 2.100312 5.4611588 -1.6
      vertex 1.6190569 6.0428963 -1.6
    endloop
  endfacet
  facet normal 0 0 -1
    outer loop
      vertex 2.100312 5.4611588 -1.6
      vertex 1.7655493 5.2179394 -1.6
      vertex 1.3610001 5.855407 -1.6
    endloop
  endfacet
  facet normal 0 0 -1
    outer loop
      vertex 1.3610001 5.855407 -1.6
      vertex 1.7655493 5.2179394 -1.6
      vertex 1.0814794 5.7017393 -1.6
    endloop
  endfacet
  facet normal 0 0 -1
    outer loop
      vertex 1.0814794 5.7017393 -1.6
      vertex 1.4029428 5.0185947 -1.6
      vertex 1.018211 4.8662686 -1.6
    endloop
  endfacet
  facet normal 0 0 -1
    outer loop
      vertex 0.78490317 5.5843163 -1.6
      vertex 1.0814794 5.7017393 -1.6
      vertex 1.018211 4.8662686 -1.6
    endloop
  endfacet
  facet normal 0 0 -1
    outer loop
      vertex 0.15948792 5.465012 -1.6
      vertex 0.47594854 5.5049906 -1.6
      vertex 0.61742145 4.7633634 -1.6
    endloop
  endfacet
  facet normal 0 0 -1
    outer loop
      vertex 0.47594854 5.5049906 -1.6
      vertex 0.78490317 5.5843163 -1.6
      vertex 0.61742145 4.7633634 -1.6
    endloop
  endfacet
  facet normal 0 0 -1
    outer loop
      vertex 1.3610001 2.144593 -1.6
      vertex 1.7655493 2.7820606 -1.6
      vertex 2.100312 2.5388412 -1.6
    endloop
  endfacet
  facet normal 0 0 -1
    outer loop
      vertex 1.8515803 -9.7387495 -1.6
      vertex 2.665711 -9.936752 -1.6
      vertex 2.4019516 -10.255583 -1.6
    endloop
  endfacet
  facet normal 0 0 -1
    outer loop
      vertex 2.3616323 -8.935037 -1.6
      vertex 2.4602013 -8.631672 -1.6
      vertex 3.0636134 -9.212971 -1.6
    endloop
  endfacet
  facet normal 0 0 -1
    outer loop
      vertex 2.54 0 -1.6
      vertex 3.269018 -0.41297302 -1.6
      vertex 2.5199714 -0.3183464 -1.6
    endloop
  endfacet
  facet normal 0 0 -1
    outer loop
      vertex 2.2258189 -9.223655 -1.6
      vertex 2.3616323 -8.935037 -1.6
      vertex 2.8874304 -9.5873785 -1.6
    endloop
  endfacet
  facet normal 0 0 -1
    outer loop
      vertex -1.3610001 2.144593 -1.6
      vertex -1.7655493 2.7820606 -1.6
      vertex -1.4029428 2.981405 -1.6
    endloop
  endfacet
  facet normal 0 0 -1
    outer loop
      vertex 3.269018 -8.412973 -1.6
      vertex 3.1914816 -8.819433 -1.6
      vertex 2.4602013 -8.631672 -1.6
    endloop
  endfacet
  facet normal 0 0 -1
    outer loop
      vertex 2.5199714 -7.6816535 -1.6
      vertex 3.269018 -7.587027 -1.6
      vertex 2.54 -8 -1.6
    endloop
  endfacet
  facet normal 0 0 -1
    outer loop
      vertex 2.2258189 -6.7763457 -1.6
      vertex 2.8874304 -6.4126215 -1.6
      vertex 3.0636134 -6.7870297 -1.6
    endloop
  endfacet
  facet normal 0 0 -1
    outer loop
      vertex 1.6190569 -6.0428963 -1.6
      vertex 2.100312 -5.4611588 -1.6
      vertex 1.8515803 -6.2612505 -1.6
    endloop
  endfacet
  facet normal 0 0 -1
    outer loop
      vertex 2.100312 -10.538841 -1.6
      vertex 1.6190569 -9.957104 -1.6
      vertex 1.8515803 -9.7387495 -1.6
    endloop
  endfacet
  facet normal 0 0 -1
    outer loop
      vertex -2.2258189 1.2236544 -1.6
      vertex -2.8874304 1.5873784 -1.6
      vertex -2.0549033 1.4929745 -1.6
    endloop
  endfacet
  facet normal 0 0 -1
    outer loop
      vertex -2.3616323 0.93503636 -1.6
      vertex -3.0636134 1.2129704 -1.6
      vertex -2.8874304 1.5873784 -1.6
    endloop
  endfacet
  facet normal 0 0 -1
    outer loop
      vertex -1.8515803 -1.7387496 -1.6
      vertex -2.4019516 -2.2555828 -1.6
      vertex -2.0549033 -1.4929745 -1.6
    endloop
  endfacet
  facet normal 0 0 -1
    outer loop
      vertex -2.5199714 0.3183464 -1.6
      vertex -3.269018 0.41297302 -1.6
      vertex -2.4602013 0.6316723 -1.6
    endloop
  endfacet
  facet normal 0 0 -1
    outer loop
      vertex -2.0549033 -1.4929745 -1.6
      vertex -2.665711 -1.9367524 -1.6
      vertex -2.8874304 -1.5873784 -1.6
    endloop
  endfacet
  facet normal 0 0 -1
    outer loop
      vertex -2.5199714 -0.3183464 -1.6
      vertex -3.269018 -0.41297302 -1.6
      vertex -2.54 0 -1.6
    endloop
  endfacet
  facet normal 0 0 -1
    outer loop
      vertex -2.8874304 -1.5873784 -1.6
      vertex -3.0636134 -1.2129704 -1.6
      vertex -2.3616323 -0.93503636 -1.6
    endloop
  endfacet
  facet normal 0 0 -1
    outer loop
      vertex 0.47594854 2.4950097 -1.6
      vertex 1.018211 3.1337311 -1.6
      vertex 0.78490317 2.4156835 -1.6
    endloop
  endfacet
  facet normal 0 0 -1
    outer loop
      vertex -1.7655493 -2.7820606 -1.6
      vertex -2.100312 -2.5388412 -1.6
      vertex -1.6190569 -1.9571036 -1.6
    endloop
  endfacet
  facet normal 0 0 -1
    outer loop
      vertex -1.6190569 -1.9571036 -1.6
      vertex -2.100312 -2.5388412 -1.6
      vertex -2.4019516 -2.2555828 -1.6
    endloop
  endfacet
  facet normal 0 0 -1
    outer loop
      vertex -2.3616323 -7.064964 -1.6
      vertex -2.8874304 -6.4126215 -1.6
      vertex -2.2258189 -6.7763457 -1.6
    endloop
  endfacet
  facet normal 0 0 -1
    outer loop
      vertex -0.61742145 -3.2366364 -1.6
      vertex -0.47594854 -2.4950097 -1.6
      vertex -0.15948792 -2.534988 -1.6
    endloop
  endfacet
  facet normal 0 0 -1
    outer loop
      vertex -1.0814794 -2.2982607 -1.6
      vertex -1.4029428 -2.981405 -1.6
      vertex -1.3610001 -2.144593 -1.6
    endloop
  endfacet
  facet normal 0 0 -1
    outer loop
      vertex -0.61742145 -3.2366364 -1.6
      vertex -1.018211 -3.1337311 -1.6
      vertex -0.47594854 -2.4950097 -1.6
    endloop
  endfacet
  facet normal 0 0 -1
    outer loop
      vertex -0.78490317 -2.4156835 -1.6
      vertex -0.47594854 -2.4950097 -1.6
      vertex -1.018211 -3.1337311 -1.6
    endloop
  endfacet
  facet normal 0 0 -1
    outer loop
      vertex -0.61742145 -11.236636 -1.6
      vertex -0.47594854 -10.495009 -1.6
      vertex -0.15948792 -10.534987 -1.6
    endloop
  endfacet
  facet normal 0 0 -1
    outer loop
      vertex -0.15948792 -2.534988 -1.6
      vertex -0.20689476 -3.2884982 -1.6
      vertex -0.61742145 -3.2366364 -1.6
    endloop
  endfacet
  facet normal 0 0 -1
    outer loop
      vertex -2.665711 -6.0632477 -1.6
      vertex -2.4019516 -5.744417 -1.6
      vertex -1.8515803 -6.2612505 -1.6
    endloop
  endfacet
  facet normal 0 0 -1
    outer loop
      vertex -0.15948792 -2.534988 -1.6
      vertex 0.15948792 -2.534988 -1.6
      vertex -0.20689476 -3.2884982 -1.6
    endloop
  endfacet
  facet normal 0 0 -1
    outer loop
      vertex -0.20689476 -4.711502 -1.6
      vertex 0.20689476 -4.711502 -1.6
      vertex 0.15948792 -5.465012 -1.6
    endloop
  endfacet
  facet normal 0 0 -1
    outer loop
      vertex 0.47594854 -2.4950097 -1.6
      vertex 0.78490317 -2.4156835 -1.6
      vertex 1.018211 -3.1337311 -1.6
    endloop
  endfacet
  facet normal 0 0 -1
    outer loop
      vertex -1.6190569 -6.0428963 -1.6
      vertex -1.7655493 -5.2179394 -1.6
      vertex -1.3610001 -5.855407 -1.6
    endloop
  endfacet
  facet normal 0 0 -1
    outer loop
      vertex 0.61742145 -3.2366364 -1.6
      vertex 0.20689476 -3.2884982 -1.6
      vertex 0.15948792 -2.534988 -1.6
    endloop
  endfacet
  facet normal 0 0 -1
    outer loop
      vertex -1.8515803 -6.2612505 -1.6
      vertex -2.4019516 -5.744417 -1.6
      vertex -1.6190569 -6.0428963 -1.6
    endloop
  endfacet
  facet normal 0 0 -1
    outer loop
      vertex 0.15948792 -2.534988 -1.6
      vertex 0.20689476 -3.2884982 -1.6
      vertex -0.20689476 -3.2884982 -1.6
    endloop
  endfacet
  facet normal 0 0 -1
    outer loop
      vertex 3.295 -8 -1.6
      vertex 3.269018 -8.412973 -1.6
      vertex 2.5199714 -8.318346 -1.6
    endloop
  endfacet
  facet normal 0 0 -1
    outer loop
      vertex 1.8515803 -6.2612505 -1.6
      vertex 2.4019516 -5.744417 -1.6
      vertex 2.0549033 -6.5070252 -1.6
    endloop
  endfacet
  facet normal 0 0 -1
    outer loop
      vertex 0.61742145 -3.2366364 -1.6
      vertex 0.15948792 -2.534988 -1.6
      vertex 0.47594854 -2.4950097 -1.6
    endloop
  endfacet
  facet normal 0 0 -1
    outer loop
      vertex 2.4019516 -2.2555828 -1.6
      vertex 2.0549033 -1.4929745 -1.6
      vertex 2.665711 -1.9367524 -1.6
    endloop
  endfacet
  facet normal 0 0 -1
    outer loop
      vertex -1.4029428 -2.981405 -1.6
      vertex -1.0814794 -2.2982607 -1.6
      vertex -1.018211 -3.1337311 -1.6
    endloop
  endfacet
  facet normal 0 0 -1
    outer loop
      vertex -1.0814794 -2.2982607 -1.6
      vertex -0.78490317 -2.4156835 -1.6
      vertex -1.018211 -3.1337311 -1.6
    endloop
  endfacet
  facet normal 0 0 -1
    outer loop
      vertex -1.3610001 -2.144593 -1.6
      vertex -1.4029428 -2.981405 -1.6
      vertex -1.7655493 -2.7820606 -1.6
    endloop
  endfacet
  facet normal 0 0 -1
    outer loop
      vertex -1.7655493 -2.7820606 -1.6
      vertex -1.6190569 -1.9571036 -1.6
      vertex -1.3610001 -2.144593 -1.6
    endloop
  endfacet
  facet normal 0 0 -1
    outer loop
      vertex -1.8515803 -1.7387496 -1.6
      vertex -1.6190569 -1.9571036 -1.6
      vertex -2.4019516 -2.2555828 -1.6
    endloop
  endfacet
  facet normal 0 0 -1
    outer loop
      vertex -2.0549033 -1.4929745 -1.6
      vertex -2.4019516 -2.2555828 -1.6
      vertex -2.665711 -1.9367524 -1.6
    endloop
  endfacet
  facet normal 0 0 -1
    outer loop
      vertex -2.2258189 -1.2236544 -1.6
      vertex -2.0549033 -1.4929745 -1.6
      vertex -2.8874304 -1.5873784 -1.6
    endloop
  endfacet
  facet normal 0 0 -1
    outer loop
      vertex -2.8874304 -1.5873784 -1.6
      vertex -2.3616323 -0.93503636 -1.6
      vertex -2.2258189 -1.2236544 -1.6
    endloop
  endfacet
  facet normal 0 0 -1
    outer loop
      vertex -3.1914816 -0.81943315 -1.6
      vertex -2.4602013 -0.6316723 -1.6
      vertex -2.3616323 -0.93503636 -1.6
    endloop
  endfacet
  facet normal 0 0 -1
    outer loop
      vertex -3.1914816 -0.81943315 -1.6
      vertex -2.3616323 -0.93503636 -1.6
      vertex -3.0636134 -1.2129704 -1.6
    endloop
  endfacet
  facet normal 0 0 -1
    outer loop
      vertex -3.269018 -0.41297302 -1.6
      vertex -2.5199714 -0.3183464 -1.6
      vertex -2.4602013 -0.6316723 -1.6
    endloop
  endfacet
  facet normal 0 0 -1
    outer loop
      vertex -3.269018 -0.41297302 -1.6
      vertex -2.4602013 -0.6316723 -1.6
      vertex -3.1914816 -0.81943315 -1.6
    endloop
  endfacet
  facet normal 0 0 -1
    outer loop
      vertex -2.54 0 -1.6
      vertex -3.269018 -0.41297302 -1.6
      vertex -3.295 0 -1.6
    endloop
  endfacet
  facet normal 0 0 -1
    outer loop
      vertex -3.269018 0.41297302 -1.6
      vertex -2.5199714 0.3183464 -1.6
      vertex -2.54 0 -1.6
    endloop
  endfacet
  facet normal 0 0 -1
    outer loop
      vertex -3.269018 0.41297302 -1.6
      vertex -2.54 0 -1.6
      vertex -3.295 0 -1.6
    endloop
  endfacet
  facet normal 0 0 -1
    outer loop
      vertex -2.4602013 0.6316723 -1.6
      vertex -3.269018 0.41297302 -1.6
      vertex -3.1914816 0.81943315 -1.6
    endloop
  endfacet
  facet normal 0 0 -1
    outer loop
      vertex -3.0636134 1.2129704 -1.6
      vertex -2.3616323 0.93503636 -1.6
      vertex -3.1914816 0.81943315 -1.6
    endloop
  endfacet
  facet normal 0 0 -1
    outer loop
      vertex -2.3616323 0.93503636 -1.6
      vertex -2.4602013 0.6316723 -1.6
      vertex -3.1914816 0.81943315 -1.6
    endloop
  endfacet
  facet normal 0 0 -1
    outer loop
      vertex -2.2258189 1.2236544 -1.6
      vertex -2.3616323 0.93503636 -1.6
      vertex -2.8874304 1.5873784 -1.6
    endloop
  endfacet
  facet normal 0 0 -1
    outer loop
      vertex -2.0549033 1.4929745 -1.6
      vertex -2.8874304 1.5873784 -1.6
      vertex -2.665711 1.9367524 -1.6
    endloop
  endfacet
  facet normal 0 0 -1
    outer loop
      vertex -2.4019516 2.2555828 -1.6
      vertex -1.8515803 1.7387496 -1.6
      vertex -2.0549033 1.4929745 -1.6
    endloop
  endfacet
  facet normal 0 0 -1
    outer loop
      vertex -2.4019516 2.2555828 -1.6
      vertex -2.0549033 1.4929745 -1.6
      vertex -2.665711 1.9367524 -1.6
    endloop
  endfacet
  facet normal 0 0 -1
    outer loop
      vertex -2.100312 2.5388412 -1.6
      vertex -1.6190569 1.9571036 -1.6
      vertex -2.4019516 2.2555828 -1.6
    endloop
  endfacet
  facet normal 0 0 -1
    outer loop
      vertex -1.6190569 1.9571036 -1.6
      vertex -1.8515803 1.7387496 -1.6
      vertex -2.4019516 2.2555828 -1.6
    endloop
  endfacet
  facet normal 0 0 -1
    outer loop
      vertex -1.3610001 2.144593 -1.6
      vertex -1.6190569 1.9571036 -1.6
      vertex -1.7655493 2.7820606 -1.6
    endloop
  endfacet
  facet normal 0 0 -1
    outer loop
      vertex -1.0814794 2.2982607 -1.6
      vertex -1.3610001 2.144593 -1.6
      vertex -1.4029428 2.981405 -1.6
    endloop
  endfacet
  facet normal 0 0 -1
    outer loop
      vertex -1.018211 3.1337311 -1.6
      vertex -0.78490317 2.4156835 -1.6
      vertex -1.0814794 2.2982607 -1.6
    endloop
  endfacet
  facet normal 0 0 -1
    outer loop
      vertex -1.018211 3.1337311 -1.6
      vertex -1.0814794 2.2982607 -1.6
      vertex -1.4029428 2.981405 -1.6
    endloop
  endfacet
  facet normal 0 0 -1
    outer loop
      vertex -0.47594854 2.4950097 -1.6
      vertex -1.018211 3.1337311 -1.6
      vertex -0.61742145 3.2366364 -1.6
    endloop
  endfacet
  facet normal 0 0 -1
    outer loop
      vertex -0.20689476 3.2884982 -1.6
      vertex -0.15948792 2.534988 -1.6
      vertex -0.47594854 2.4950097 -1.6
    endloop
  endfacet
  facet normal 0 0 -1
    outer loop
      vertex -0.20689476 3.2884982 -1.6
      vertex -0.47594854 2.4950097 -1.6
      vertex -0.61742145 3.2366364 -1.6
    endloop
  endfacet
  facet normal 0 0 -1
    outer loop
      vertex 0.15948792 2.534988 -1.6
      vertex -0.20689476 3.2884982 -1.6
      vertex 0.20689476 3.2884982 -1.6
    endloop
  endfacet
  facet normal 0 0 -1
    outer loop
      vertex 0.61742145 3.2366364 -1.6
      vertex 0.47594854 2.4950097 -1.6
      vertex 0.20689476 3.2884982 -1.6
    endloop
  endfacet
  facet normal 0 0 -1
    outer loop
      vertex 0.47594854 2.4950097 -1.6
      vertex 0.15948792 2.534988 -1.6
      vertex 0.20689476 3.2884982 -1.6
    endloop
  endfacet
  facet normal 0 0 -1
    outer loop
      vertex 0.61742145 3.2366364 -1.6
      vertex 1.018211 3.1337311 -1.6
      vertex 0.47594854 2.4950097 -1.6
    endloop
  endfacet
  facet normal 0 0 -1
    outer loop
      vertex 1.0814794 2.2982607 -1.6
      vertex 1.018211 3.1337311 -1.6
      vertex 1.4029428 2.981405 -1.6
    endloop
  endfacet
  facet normal 0 0 -1
    outer loop
      vertex 1.7655493 2.7820606 -1.6
      vertex 1.3610001 2.144593 -1.6
      vertex 1.4029428 2.981405 -1.6
    endloop
  endfacet
  facet normal 0 0 -1
    outer loop
      vertex 1.3610001 2.144593 -1.6
      vertex 1.0814794 2.2982607 -1.6
      vertex 1.4029428 2.981405 -1.6
    endloop
  endfacet
  facet normal 0 0 -1
    outer loop
      vertex 1.6190569 1.9571036 -1.6
      vertex 1.3610001 2.144593 -1.6
      vertex 2.100312 2.5388412 -1.6
    endloop
  endfacet
  facet normal 0 0 -1
    outer loop
      vertex 2.4019516 2.2555828 -1.6
      vertex 1.8515803 1.7387496 -1.6
      vertex 2.100312 2.5388412 -1.6
    endloop
  endfacet
  facet normal 0 0 -1
    outer loop
      vertex 1.8515803 1.7387496 -1.6
      vertex 1.6190569 1.9571036 -1.6
      vertex 2.100312 2.5388412 -1.6
    endloop
  endfacet
  facet normal 0 0 -1
    outer loop
      vertex 2.665711 1.9367524 -1.6
      vertex 2.0549033 1.4929745 -1.6
      vertex 1.8515803 1.7387496 -1.6
    endloop
  endfacet
  facet normal 0 0 -1
    outer loop
      vertex 2.665711 1.9367524 -1.6
      vertex 1.8515803 1.7387496 -1.6
      vertex 2.4019516 2.2555828 -1.6
    endloop
  endfacet
  facet normal 0 0 -1
    outer loop
      vertex 2.665711 1.9367524 -1.6
      vertex 2.8874304 1.5873784 -1.6
      vertex 2.0549033 1.4929745 -1.6
    endloop
  endfacet
  facet normal 0 0 -1
    outer loop
      vertex 2.3616323 0.93503636 -1.6
      vertex 2.2258189 1.2236544 -1.6
      vertex 3.0636134 1.2129704 -1.6
    endloop
  endfacet
  facet normal 0 0 -1
    outer loop
      vertex 3.0636134 1.2129704 -1.6
      vertex 2.4602013 0.6316723 -1.6
      vertex 2.3616323 0.93503636 -1.6
    endloop
  endfacet
  facet normal 0 0 -1
    outer loop
      vertex 3.1914816 0.81943315 -1.6
      vertex 2.5199714 0.3183464 -1.6
      vertex 2.4602013 0.6316723 -1.6
    endloop
  endfacet
  facet normal 0 0 -1
    outer loop
      vertex 2.54 0 -1.6
      vertex 3.269018 0.41297302 -1.6
      vertex 3.295 0 -1.6
    endloop
  endfacet
  facet normal 0 0 -1
    outer loop
      vertex 3.295 0 -1.6
      vertex 3.269018 -0.41297302 -1.6
      vertex 2.54 0 -1.6
    endloop
  endfacet
  facet normal 0 0 -1
    outer loop
      vertex 3.269018 -0.41297302 -1.6
      vertex 2.4602013 -0.6316723 -1.6
      vertex 2.5199714 -0.3183464 -1.6
    endloop
  endfacet
  facet normal 0 0 -1
    outer loop
      vertex 2.3616323 -0.93503636 -1.6
      vertex 2.4602013 -0.6316723 -1.6
      vertex 3.0636134 -1.2129704 -1.6
    endloop
  endfacet
  facet normal 0 0 -1
    outer loop
      vertex 3.0636134 -1.2129704 -1.6
      vertex 2.8874304 -1.5873784 -1.6
      vertex 2.3616323 -0.93503636 -1.6
    endloop
  endfacet
  facet normal 0 0 -1
    outer loop
      vertex 2.3616323 -0.93503636 -1.6
      vertex 2.8874304 -1.5873784 -1.6
      vertex 2.2258189 -1.2236544 -1.6
    endloop
  endfacet
  facet normal 0 0 -1
    outer loop
      vertex 2.8874304 -1.5873784 -1.6
      vertex 2.665711 -1.9367524 -1.6
      vertex 2.0549033 -1.4929745 -1.6
    endloop
  endfacet
  facet normal 0 0 -1
    outer loop
      vertex 2.0549033 -1.4929745 -1.6
      vertex 2.4019516 -2.2555828 -1.6
      vertex 1.8515803 -1.7387496 -1.6
    endloop
  endfacet
  facet normal 0 0 -1
    outer loop
      vertex 1.8515803 -1.7387496 -1.6
      vertex 2.4019516 -2.2555828 -1.6
      vertex 1.6190569 -1.9571036 -1.6
    endloop
  endfacet
  facet normal 0 0 -1
    outer loop
      vertex 1.6190569 -1.9571036 -1.6
      vertex 2.4019516 -2.2555828 -1.6
      vertex 2.100312 -2.5388412 -1.6
    endloop
  endfacet
  facet normal 0 0 -1
    outer loop
      vertex 1.3610001 -2.144593 -1.6
      vertex 1.6190569 -1.9571036 -1.6
      vertex 1.7655493 -2.7820606 -1.6
    endloop
  endfacet
  facet normal 0 0 -1
    outer loop
      vertex 1.4029428 -2.981405 -1.6
      vertex 1.3610001 -2.144593 -1.6
      vertex 1.7655493 -2.7820606 -1.6
    endloop
  endfacet
  facet normal 0 0 -1
    outer loop
      vertex 1.018211 -3.1337311 -1.6
      vertex 1.0814794 -2.2982607 -1.6
      vertex 1.4029428 -2.981405 -1.6
    endloop
  endfacet
  facet normal 0 0 -1
    outer loop
      vertex 1.018211 -3.1337311 -1.6
      vertex 0.78490317 -2.4156835 -1.6
      vertex 1.0814794 -2.2982607 -1.6
    endloop
  endfacet
  facet normal 0 0 -1
    outer loop
      vertex 0.61742145 -3.2366364 -1.6
      vertex 0.47594854 -2.4950097 -1.6
      vertex 1.018211 -3.1337311 -1.6
    endloop
  endfacet
  facet normal 0 0 -1
    outer loop
      vertex -0.47594854 -5.5049906 -1.6
      vertex -0.20689476 -4.711502 -1.6
      vertex -0.15948792 -5.465012 -1.6
    endloop
  endfacet
  facet normal 0 0 -1
    outer loop
      vertex 1.0814794 -5.7017393 -1.6
      vertex 1.4029428 -5.0185947 -1.6
      vertex 1.3610001 -5.855407 -1.6
    endloop
  endfacet
  facet normal 0 0 -1
    outer loop
      vertex 0.78490317 -5.5843163 -1.6
      vertex 1.018211 -4.8662686 -1.6
      vertex 1.4029428 -5.0185947 -1.6
    endloop
  endfacet
  facet normal 0 0 -1
    outer loop
      vertex 1.3610001 -5.855407 -1.6
      vertex 2.100312 -5.4611588 -1.6
      vertex 1.6190569 -6.0428963 -1.6
    endloop
  endfacet
  facet normal 0 0 -1
    outer loop
      vertex -2.2258189 -6.7763457 -1.6
      vertex -2.665711 -6.0632477 -1.6
      vertex -2.0549033 -6.5070252 -1.6
    endloop
  endfacet
  facet normal 0 0 -1
    outer loop
      vertex 0.15948792 -5.465012 -1.6
      vertex 0.20689476 -4.711502 -1.6
      vertex 0.47594854 -5.5049906 -1.6
    endloop
  endfacet
  facet normal 0 0 -1
    outer loop
      vertex -1.018211 -4.8662686 -1.6
      vertex -0.61742145 -4.7633634 -1.6
      vertex -0.47594854 -5.5049906 -1.6
    endloop
  endfacet
  facet normal 0 0 -1
    outer loop
      vertex -3.1914816 -7.180567 -1.6
      vertex -3.0636134 -6.7870297 -1.6
      vertex -2.3616323 -7.064964 -1.6
    endloop
  endfacet
  facet normal 0 0 -1
    outer loop
      vertex -3.269018 -7.587027 -1.6
      vertex -3.1914816 -7.180567 -1.6
      vertex -2.4602013 -7.3683276 -1.6
    endloop
  endfacet
  facet normal 0 0 -1
    outer loop
      vertex -2.5199714 -8.318346 -1.6
      vertex -3.295 -8 -1.6
      vertex -2.54 -8 -1.6
    endloop
  endfacet
  facet normal 0 0 -1
    outer loop
      vertex -2.4602013 -8.631672 -1.6
      vertex -3.269018 -8.412973 -1.6
      vertex -2.5199714 -8.318346 -1.6
    endloop
  endfacet
  facet normal 0 0 -1
    outer loop
      vertex -2.3616323 -8.935037 -1.6
      vertex -3.1914816 -8.819433 -1.6
      vertex -2.4602013 -8.631672 -1.6
    endloop
  endfacet
  facet normal 0 0 -1
    outer loop
      vertex -1.6190569 -9.957104 -1.6
      vertex -2.4019516 -10.255583 -1.6
      vertex -1.8515803 -9.7387495 -1.6
    endloop
  endfacet
  facet normal 0 0 -1
    outer loop
      vertex -1.7655493 -10.782061 -1.6
      vertex -2.100312 -10.538841 -1.6
      vertex -1.6190569 -9.957104 -1.6
    endloop
  endfacet
  facet normal 0 0 -1
    outer loop
      vertex -0.61742145 -11.236636 -1.6
      vertex -0.78490317 -10.415684 -1.6
      vertex -0.47594854 -10.495009 -1.6
    endloop
  endfacet
  facet normal 0 0 -1
    outer loop
      vertex -1.018211 -11.133731 -1.6
      vertex -1.4029428 -10.981405 -1.6
      vertex -1.0814794 -10.298261 -1.6
    endloop
  endfacet
  facet normal 0 0 -1
    outer loop
      vertex -0.61742145 -11.236636 -1.6
      vertex -1.018211 -11.133731 -1.6
      vertex -0.78490317 -10.415684 -1.6
    endloop
  endfacet
  facet normal 0 0 -1
    outer loop
      vertex -1.4029428 -10.981405 -1.6
      vertex -1.7655493 -10.782061 -1.6
      vertex -1.3610001 -10.144593 -1.6
    endloop
  endfacet
  facet normal 0 0 -1
    outer loop
      vertex 0.47594854 -5.5049906 -1.6
      vertex 1.018211 -4.8662686 -1.6
      vertex 0.78490317 -5.5843163 -1.6
    endloop
  endfacet
  facet normal 0 0 -1
    outer loop
      vertex 0.78490317 -10.415684 -1.6
      vertex 1.0814794 -10.298261 -1.6
      vertex 1.018211 -11.133731 -1.6
    endloop
  endfacet
  facet normal 0 0 -1
    outer loop
      vertex -0.20689476 -11.288498 -1.6
      vertex -0.15948792 -10.534987 -1.6
      vertex 0.15948792 -10.534987 -1.6
    endloop
  endfacet
  facet normal 0 0 -1
    outer loop
      vertex 0.61742145 -11.236636 -1.6
      vertex 0.20689476 -11.288498 -1.6
      vertex 0.15948792 -10.534987 -1.6
    endloop
  endfacet
  facet normal 0 0 -1
    outer loop
      vertex 0.15948792 -10.534987 -1.6
      vertex 0.20689476 -11.288498 -1.6
      vertex -0.20689476 -11.288498 -1.6
    endloop
  endfacet
  facet normal 0 0 -1
    outer loop
      vertex -0.15948792 -10.534987 -1.6
      vertex -0.20689476 -11.288498 -1.6
      vertex -0.61742145 -11.236636 -1.6
    endloop
  endfacet
  facet normal 0 0 -1
    outer loop
      vertex 1.7655493 -10.782061 -1.6
      vertex 1.4029428 -10.981405 -1.6
      vertex 1.0814794 -10.298261 -1.6
    endloop
  endfacet
  facet normal 0 0 -1
    outer loop
      vertex -1.018211 -11.133731 -1.6
      vertex -1.0814794 -10.298261 -1.6
      vertex -0.78490317 -10.415684 -1.6
    endloop
  endfacet
  facet normal 0 0 -1
    outer loop
      vertex 2.4602013 -8.631672 -1.6
      vertex 3.1914816 -8.819433 -1.6
      vertex 3.0636134 -9.212971 -1.6
    endloop
  endfacet
  facet normal 0 0 -1
    outer loop
      vertex -1.4029428 -10.981405 -1.6
      vertex -1.3610001 -10.144593 -1.6
      vertex -1.0814794 -10.298261 -1.6
    endloop
  endfacet
  facet normal 0 0 -1
    outer loop
      vertex -1.7655493 -10.782061 -1.6
      vertex -1.6190569 -9.957104 -1.6
      vertex -1.3610001 -10.144593 -1.6
    endloop
  endfacet
  facet normal 0 0 -1
    outer loop
      vertex -2.100312 -10.538841 -1.6
      vertex -2.4019516 -10.255583 -1.6
      vertex -1.6190569 -9.957104 -1.6
    endloop
  endfacet
  facet normal 0 0 -1
    outer loop
      vertex -2.665711 -9.936752 -1.6
      vertex -2.0549033 -9.492974 -1.6
      vertex -1.8515803 -9.7387495 -1.6
    endloop
  endfacet
  facet normal 0 0 -1
    outer loop
      vertex -2.665711 -9.936752 -1.6
      vertex -1.8515803 -9.7387495 -1.6
      vertex -2.4019516 -10.255583 -1.6
    endloop
  endfacet
  facet normal 0 0 -1
    outer loop
      vertex -2.8874304 -9.5873785 -1.6
      vertex -2.2258189 -9.223655 -1.6
      vertex -2.665711 -9.936752 -1.6
    endloop
  endfacet
  facet normal 0 0 -1
    outer loop
      vertex -2.2258189 -9.223655 -1.6
      vertex -2.0549033 -9.492974 -1.6
      vertex -2.665711 -9.936752 -1.6
    endloop
  endfacet
  facet normal 0 0 -1
    outer loop
      vertex -3.0636134 -9.212971 -1.6
      vertex -2.3616323 -8.935037 -1.6
      vertex -2.8874304 -9.5873785 -1.6
    endloop
  endfacet
  facet normal 0 0 -1
    outer loop
      vertex -2.3616323 -8.935037 -1.6
      vertex -2.2258189 -9.223655 -1.6
      vertex -2.8874304 -9.5873785 -1.6
    endloop
  endfacet
  facet normal 0 0 -1
    outer loop
      vertex -3.0636134 -9.212971 -1.6
      vertex -3.1914816 -8.819433 -1.6
      vertex -2.3616323 -8.935037 -1.6
    endloop
  endfacet
  facet normal 0 0 -1
    outer loop
      vertex -3.1914816 -8.819433 -1.6
      vertex -3.269018 -8.412973 -1.6
      vertex -2.4602013 -8.631672 -1.6
    endloop
  endfacet
  facet normal 0 0 -1
    outer loop
      vertex -3.269018 -8.412973 -1.6
      vertex -3.295 -8 -1.6
      vertex -2.5199714 -8.318346 -1.6
    endloop
  endfacet
  facet normal 0 0 -1
    outer loop
      vertex -3.269018 -7.587027 -1.6
      vertex -2.5199714 -7.6816535 -1.6
      vertex -2.54 -8 -1.6
    endloop
  endfacet
  facet normal 0 0 -1
    outer loop
      vertex -3.269018 -7.587027 -1.6
      vertex -2.54 -8 -1.6
      vertex -3.295 -8 -1.6
    endloop
  endfacet
  facet normal 0 0 -1
    outer loop
      vertex -3.269018 -7.587027 -1.6
      vertex -2.4602013 -7.3683276 -1.6
      vertex -2.5199714 -7.6816535 -1.6
    endloop
  endfacet
  facet normal 0 0 -1
    outer loop
      vertex -3.1914816 -7.180567 -1.6
      vertex -2.3616323 -7.064964 -1.6
      vertex -2.4602013 -7.3683276 -1.6
    endloop
  endfacet
  facet normal 0 0 -1
    outer loop
      vertex -3.0636134 -6.7870297 -1.6
      vertex -2.8874304 -6.4126215 -1.6
      vertex -2.3616323 -7.064964 -1.6
    endloop
  endfacet
  facet normal 0 0 -1
    outer loop
      vertex -2.8874304 -6.4126215 -1.6
      vertex -2.665711 -6.0632477 -1.6
      vertex -2.2258189 -6.7763457 -1.6
    endloop
  endfacet
  facet normal 0 0 -1
    outer loop
      vertex -2.665711 -6.0632477 -1.6
      vertex -1.8515803 -6.2612505 -1.6
      vertex -2.0549033 -6.5070252 -1.6
    endloop
  endfacet
  facet normal 0 0 -1
    outer loop
      vertex -1.6190569 -6.0428963 -1.6
      vertex -2.4019516 -5.744417 -1.6
      vertex -2.100312 -5.4611588 -1.6
    endloop
  endfacet
  facet normal 0 0 -1
    outer loop
      vertex -2.100312 -5.4611588 -1.6
      vertex -1.7655493 -5.2179394 -1.6
      vertex -1.6190569 -6.0428963 -1.6
    endloop
  endfacet
  facet normal 0 0 -1
    outer loop
      vertex -1.4029428 -5.0185947 -1.6
      vertex -1.0814794 -5.7017393 -1.6
      vertex -1.3610001 -5.855407 -1.6
    endloop
  endfacet
  facet normal 0 0 -1
    outer loop
      vertex -1.4029428 -5.0185947 -1.6
      vertex -1.3610001 -5.855407 -1.6
      vertex -1.7655493 -5.2179394 -1.6
    endloop
  endfacet
  facet normal 0 0 -1
    outer loop
      vertex -1.018211 -4.8662686 -1.6
      vertex -0.78490317 -5.5843163 -1.6
      vertex -1.4029428 -5.0185947 -1.6
    endloop
  endfacet
  facet normal 0 0 -1
    outer loop
      vertex -0.78490317 -5.5843163 -1.6
      vertex -1.0814794 -5.7017393 -1.6
      vertex -1.4029428 -5.0185947 -1.6
    endloop
  endfacet
  facet normal 0 0 -1
    outer loop
      vertex -1.018211 -4.8662686 -1.6
      vertex -0.47594854 -5.5049906 -1.6
      vertex -0.78490317 -5.5843163 -1.6
    endloop
  endfacet
  facet normal 0 0 -1
    outer loop
      vertex -0.61742145 -4.7633634 -1.6
      vertex -0.20689476 -4.711502 -1.6
      vertex -0.47594854 -5.5049906 -1.6
    endloop
  endfacet
  facet normal 0 0 -1
    outer loop
      vertex -0.20689476 -4.711502 -1.6
      vertex 0.15948792 -5.465012 -1.6
      vertex -0.15948792 -5.465012 -1.6
    endloop
  endfacet
  facet normal 0 0 -1
    outer loop
      vertex 0.47594854 -5.5049906 -1.6
      vertex 0.20689476 -4.711502 -1.6
      vertex 0.61742145 -4.7633634 -1.6
    endloop
  endfacet
  facet normal 0 0 -1
    outer loop
      vertex 0.61742145 -4.7633634 -1.6
      vertex 1.018211 -4.8662686 -1.6
      vertex 0.47594854 -5.5049906 -1.6
    endloop
  endfacet
  facet normal 0 0 -1
    outer loop
      vertex 1.0814794 -5.7017393 -1.6
      vertex 0.78490317 -5.5843163 -1.6
      vertex 1.4029428 -5.0185947 -1.6
    endloop
  endfacet
  facet normal 0 0 -1
    outer loop
      vertex 1.3610001 -5.855407 -1.6
      vertex 1.4029428 -5.0185947 -1.6
      vertex 1.7655493 -5.2179394 -1.6
    endloop
  endfacet
  facet normal 0 0 -1
    outer loop
      vertex 1.7655493 -5.2179394 -1.6
      vertex 2.100312 -5.4611588 -1.6
      vertex 1.3610001 -5.855407 -1.6
    endloop
  endfacet
  facet normal 0 0 -1
    outer loop
      vertex 1.8515803 -6.2612505 -1.6
      vertex 2.100312 -5.4611588 -1.6
      vertex 2.4019516 -5.744417 -1.6
    endloop
  endfacet
  facet normal 0 0 -1
    outer loop
      vertex 2.0549033 -6.5070252 -1.6
      vertex 2.4019516 -5.744417 -1.6
      vertex 2.665711 -6.0632477 -1.6
    endloop
  endfacet
  facet normal 0 0 -1
    outer loop
      vertex 2.8874304 -6.4126215 -1.6
      vertex 2.2258189 -6.7763457 -1.6
      vertex 2.665711 -6.0632477 -1.6
    endloop
  endfacet
  facet normal 0 0 -1
    outer loop
      vertex 2.2258189 -6.7763457 -1.6
      vertex 2.0549033 -6.5070252 -1.6
      vertex 2.665711 -6.0632477 -1.6
    endloop
  endfacet
  facet normal 0 0 -1
    outer loop
      vertex 2.3616323 -7.064964 -1.6
      vertex 2.2258189 -6.7763457 -1.6
      vertex 3.0636134 -6.7870297 -1.6
    endloop
  endfacet
  facet normal 0 0 -1
    outer loop
      vertex 3.1914816 -7.180567 -1.6
      vertex 2.4602013 -7.3683276 -1.6
      vertex 3.0636134 -6.7870297 -1.6
    endloop
  endfacet
  facet normal 0 0 -1
    outer loop
      vertex 2.4602013 -7.3683276 -1.6
      vertex 2.3616323 -7.064964 -1.6
      vertex 3.0636134 -6.7870297 -1.6
    endloop
  endfacet
  facet normal 0 0 -1
    outer loop
      vertex 3.269018 -7.587027 -1.6
      vertex 2.5199714 -7.6816535 -1.6
      vertex 2.4602013 -7.3683276 -1.6
    endloop
  endfacet
  facet normal 0 0 -1
    outer loop
      vertex 3.269018 -7.587027 -1.6
      vertex 2.4602013 -7.3683276 -1.6
      vertex 3.1914816 -7.180567 -1.6
    endloop
  endfacet
  facet normal 0 0 -1
    outer loop
      vertex 2.54 -8 -1.6
      vertex 3.269018 -7.587027 -1.6
      vertex 3.295 -8 -1.6
    endloop
  endfacet
  facet normal 0 0 -1
    outer loop
      vertex 3.295 -8 -1.6
      vertex 2.5199714 -8.318346 -1.6
      vertex 2.54 -8 -1.6
    endloop
  endfacet
  facet normal 0 0 -1
    outer loop
      vertex 3.269018 -8.412973 -1.6
      vertex 2.4602013 -8.631672 -1.6
      vertex 2.5199714 -8.318346 -1.6
    endloop
  endfacet
  facet normal 0 0 -1
    outer loop
      vertex 2.3616323 -8.935037 -1.6
      vertex 3.0636134 -9.212971 -1.6
      vertex 2.8874304 -9.5873785 -1.6
    endloop
  endfacet
  facet normal 0 0 -1
    outer loop
      vertex 2.2258189 -9.223655 -1.6
      vertex 2.8874304 -9.5873785 -1.6
      vertex 2.665711 -9.936752 -1.6
    endloop
  endfacet
  facet normal 0 0 -1
    outer loop
      vertex 2.0549033 -9.492974 -1.6
      vertex 2.2258189 -9.223655 -1.6
      vertex 2.665711 -9.936752 -1.6
    endloop
  endfacet
  facet normal 0 0 -1
    outer loop
      vertex 1.8515803 -9.7387495 -1.6
      vertex 2.0549033 -9.492974 -1.6
      vertex 2.665711 -9.936752 -1.6
    endloop
  endfacet
  facet normal 0 0 -1
    outer loop
      vertex 2.100312 -10.538841 -1.6
      vertex 1.8515803 -9.7387495 -1.6
      vertex 2.4019516 -10.255583 -1.6
    endloop
  endfacet
  facet normal 0 0 -1
    outer loop
      vertex 1.7655493 -10.782061 -1.6
      vertex 1.6190569 -9.957104 -1.6
      vertex 2.100312 -10.538841 -1.6
    endloop
  endfacet
  facet normal 0 0 -1
    outer loop
      vertex 1.7655493 -10.782061 -1.6
      vertex 1.3610001 -10.144593 -1.6
      vertex 1.6190569 -9.957104 -1.6
    endloop
  endfacet
  facet normal 0 0 -1
    outer loop
      vertex 1.7655493 -10.782061 -1.6
      vertex 1.0814794 -10.298261 -1.6
      vertex 1.3610001 -10.144593 -1.6
    endloop
  endfacet
  facet normal 0 0 -1
    outer loop
      vertex 1.4029428 -10.981405 -1.6
      vertex 1.018211 -11.133731 -1.6
      vertex 1.0814794 -10.298261 -1.6
    endloop
  endfacet
  facet normal 0 0 -1
    outer loop
      vertex 1.018211 -11.133731 -1.6
      vertex 0.61742145 -11.236636 -1.6
      vertex 0.78490317 -10.415684 -1.6
    endloop
  endfacet
  facet normal 0 0 -1
    outer loop
      vertex 0.78490317 -10.415684 -1.6
      vertex 0.61742145 -11.236636 -1.6
      vertex 0.47594854 -10.495009 -1.6
    endloop
  endfacet
  facet normal 0 0 -1
    outer loop
      vertex 0.47594854 -10.495009 -1.6
      vertex 0.61742145 -11.236636 -1.6
      vertex 0.15948792 -10.534987 -1.6
    endloop
  endfacet
  facet normal 0 0 1
    outer loop
      vertex 2.4602013 0.6316723 1
      vertex 3.1914816 0.81943315 1
      vertex 3.0636134 1.2129704 1
    endloop
  endfacet
  facet normal 0 0 1
    outer loop
      vertex 2.665711 6.0632477 1
      vertex 1.8515803 6.2612505 1
      vertex 2.4019516 5.744417 1
    endloop
  endfacet
  facet normal 0 0 1
    outer loop
      vertex 2.3616323 7.064964 1
      vertex 2.2258189 6.7763457 1
      vertex 2.8874304 6.4126215 1
    endloop
  endfacet
  facet normal 0 0 1
    outer loop
      vertex 1.4029428 -2.981405 1
      vertex 1.3610001 -2.144593 1
      vertex 1.0814794 -2.2982607 1
    endloop
  endfacet
  facet normal 0 0 1
    outer loop
      vertex 2.2258189 -1.2236544 1
      vertex 2.0549033 -1.4929745 1
      vertex 2.8874304 -1.5873784 1
    endloop
  endfacet
  facet normal 0 0 1
    outer loop
      vertex 3.0636134 -1.2129704 1
      vertex 3.1914816 -0.81943315 1
      vertex 2.4602013 -0.6316723 1
    endloop
  endfacet
  facet normal 0 0 1
    outer loop
      vertex 2.100312 5.4611588 1
      vertex 1.6190569 6.0428963 1
      vertex 1.3610001 5.855407 1
    endloop
  endfacet
  facet normal 0 0 1
    outer loop
      vertex 2.4602013 -0.6316723 1
      vertex 3.1914816 -0.81943315 1
      vertex 3.269018 -0.41297302 1
    endloop
  endfacet
  facet normal 0 0 1
    outer loop
      vertex 3.0636134 6.7870297 1
      vertex 2.4602013 7.3683276 1
      vertex 2.3616323 7.064964 1
    endloop
  endfacet
  facet normal 0 0 1
    outer loop
      vertex 2.54 0 1
      vertex 3.269018 0.41297302 1
      vertex 2.5199714 0.3183464 1
    endloop
  endfacet
  facet normal 0 0 1
    outer loop
      vertex 2.5199714 0.3183464 1
      vertex 3.269018 0.41297302 1
      vertex 3.1914816 0.81943315 1
    endloop
  endfacet
  facet normal 0 0 1
    outer loop
      vertex 2.5199714 8.318346 1
      vertex 3.269018 8.412973 1
      vertex 2.4602013 8.631672 1
    endloop
  endfacet
  facet normal 0 0 1
    outer loop
      vertex 3.0636134 1.2129704 1
      vertex 2.8874304 1.5873784 1
      vertex 2.2258189 1.2236544 1
    endloop
  endfacet
  facet normal 0 0 1
    outer loop
      vertex 3.295 8 1
      vertex 3.269018 8.412973 1
      vertex 2.5199714 8.318346 1
    endloop
  endfacet
  facet normal 0 0 1
    outer loop
      vertex 2.2258189 1.2236544 1
      vertex 2.8874304 1.5873784 1
      vertex 2.0549033 1.4929745 1
    endloop
  endfacet
  facet normal 0 0 1
    outer loop
      vertex 2.4602013 8.631672 1
      vertex 3.1914816 8.819433 1
      vertex 3.0636134 9.212971 1
    endloop
  endfacet
  facet normal 0 0 1
    outer loop
      vertex 1.0814794 2.2982607 1
      vertex 1.018211 3.1337311 1
      vertex 0.78490317 2.4156835 1
    endloop
  endfacet
  facet normal 0 0 1
    outer loop
      vertex 2.3616323 8.935037 1
      vertex 3.0636134 9.212971 1
      vertex 2.2258189 9.223655 1
    endloop
  endfacet
  facet normal 0 0 1
    outer loop
      vertex 2.0549033 9.492974 1
      vertex 2.665711 9.936752 1
      vertex 2.4019516 10.255583 1
    endloop
  endfacet
  facet normal 0 0 1
    outer loop
      vertex 1.4029428 10.981405 1
      vertex 1.018211 11.133731 1
      vertex 0.78490317 10.415684 1
    endloop
  endfacet
  facet normal 0 0 1
    outer loop
      vertex 1.6190569 9.957104 1
      vertex 1.7655493 10.782061 1
      vertex 1.3610001 10.144593 1
    endloop
  endfacet
  facet normal 0 0 1
    outer loop
      vertex 1.8515803 9.7387495 1
      vertex 2.4019516 10.255583 1
      vertex 2.100312 10.538841 1
    endloop
  endfacet
  facet normal 0 0 1
    outer loop
      vertex 0.78490317 10.415684 1
      vertex 1.018211 11.133731 1
      vertex 0.61742145 11.236636 1
    endloop
  endfacet
  facet normal 0 0 1
    outer loop
      vertex 0.47594854 10.495009 1
      vertex 0.61742145 11.236636 1
      vertex 0.20689476 11.288498 1
    endloop
  endfacet
  facet normal 0 0 1
    outer loop
      vertex -1.6190569 6.0428963 1
      vertex -1.7655493 5.2179394 1
      vertex -1.3610001 5.855407 1
    endloop
  endfacet
  facet normal 0 0 1
    outer loop
      vertex 0.15948792 10.534987 1
      vertex -0.20689476 11.288498 1
      vertex -0.15948792 10.534987 1
    endloop
  endfacet
  facet normal 0 0 1
    outer loop
      vertex -2.0549033 6.5070252 1
      vertex -2.665711 6.0632477 1
      vertex -1.8515803 6.2612505 1
    endloop
  endfacet
  facet normal 0 0 1
    outer loop
      vertex -0.61742145 11.236636 1
      vertex -1.018211 11.133731 1
      vertex -0.78490317 10.415684 1
    endloop
  endfacet
  facet normal 0 0 1
    outer loop
      vertex -1.0814794 10.298261 1
      vertex -1.4029428 10.981405 1
      vertex -1.3610001 10.144593 1
    endloop
  endfacet
  facet normal 0 0 1
    outer loop
      vertex -0.78490317 10.415684 1
      vertex -1.4029428 10.981405 1
      vertex -1.0814794 10.298261 1
    endloop
  endfacet
  facet normal 0 0 1
    outer loop
      vertex -1.7655493 10.782061 1
      vertex -2.100312 10.538841 1
      vertex -1.6190569 9.957104 1
    endloop
  endfacet
  facet normal 0 0 1
    outer loop
      vertex -2.0549033 9.492974 1
      vertex -2.665711 9.936752 1
      vertex -2.2258189 9.223655 1
    endloop
  endfacet
  facet normal 0 0 1
    outer loop
      vertex -1.8515803 9.7387495 1
      vertex -2.665711 9.936752 1
      vertex -2.0549033 9.492974 1
    endloop
  endfacet
  facet normal 0 0 1
    outer loop
      vertex -2.4602013 8.631672 1
      vertex -3.1914816 8.819433 1
      vertex -3.269018 8.412973 1
    endloop
  endfacet
  facet normal 0 0 1
    outer loop
      vertex -2.8874304 9.5873785 1
      vertex -3.0636134 9.212971 1
      vertex -2.3616323 8.935037 1
    endloop
  endfacet
  facet normal 0 0 1
    outer loop
      vertex -2.3616323 8.935037 1
      vertex -3.1914816 8.819433 1
      vertex -2.4602013 8.631672 1
    endloop
  endfacet
  facet normal 0 0 1
    outer loop
      vertex -2.2258189 6.7763457 1
      vertex -2.665711 6.0632477 1
      vertex -2.0549033 6.5070252 1
    endloop
  endfacet
  facet normal 0 0 1
    outer loop
      vertex -2.54 8 1
      vertex -3.269018 7.587027 1
      vertex -2.5199714 7.6816535 1
    endloop
  endfacet
  facet normal 0 0 1
    outer loop
      vertex -2.5199714 7.6816535 1
      vertex -3.269018 7.587027 1
      vertex -2.4602013 7.3683276 1
    endloop
  endfacet
  facet normal 0 0 1
    outer loop
      vertex -3.1914816 7.180567 1
      vertex -3.0636134 6.7870297 1
      vertex -2.3616323 7.064964 1
    endloop
  endfacet
  facet normal 0 0 1
    outer loop
      vertex 2.5199714 7.6816535 1
      vertex 3.269018 7.587027 1
      vertex 2.54 8 1
    endloop
  endfacet
  facet normal 0 0 1
    outer loop
      vertex -2.4019516 5.744417 1
      vertex -2.100312 5.4611588 1
      vertex -1.6190569 6.0428963 1
    endloop
  endfacet
  facet normal 0 0 1
    outer loop
      vertex 1.018211 4.8662686 1
      vertex 0.78490317 5.5843163 1
      vertex 0.61742145 4.7633634 1
    endloop
  endfacet
  facet normal 0 0 1
    outer loop
      vertex -1.3610001 5.855407 1
      vertex -1.4029428 5.0185947 1
      vertex -1.0814794 5.7017393 1
    endloop
  endfacet
  facet normal 0 0 1
    outer loop
      vertex -1.0814794 5.7017393 1
      vertex -1.018211 4.8662686 1
      vertex -0.78490317 5.5843163 1
    endloop
  endfacet
  facet normal 0 0 1
    outer loop
      vertex -1.018211 4.8662686 1
      vertex -0.61742145 4.7633634 1
      vertex -0.78490317 5.5843163 1
    endloop
  endfacet
  facet normal 0 0 1
    outer loop
      vertex -0.20689476 4.711502 1
      vertex -0.15948792 5.465012 1
      vertex -0.61742145 4.7633634 1
    endloop
  endfacet
  facet normal 0 0 1
    outer loop
      vertex -0.15948792 5.465012 1
      vertex -0.47594854 5.5049906 1
      vertex -0.61742145 4.7633634 1
    endloop
  endfacet
  facet normal 0 0 1
    outer loop
      vertex -1.7655493 2.7820606 1
      vertex -2.100312 2.5388412 1
      vertex -1.6190569 1.9571036 1
    endloop
  endfacet
  facet normal 0 0 1
    outer loop
      vertex 0.15948792 5.465012 1
      vertex -0.15948792 5.465012 1
      vertex -0.20689476 4.711502 1
    endloop
  endfacet
  facet normal 0 0 1
    outer loop
      vertex 0.15948792 5.465012 1
      vertex 0.20689476 4.711502 1
      vertex 0.61742145 4.7633634 1
    endloop
  endfacet
  facet normal 0 0 1
    outer loop
      vertex -0.47594854 2.4950097 1
      vertex -1.018211 3.1337311 1
      vertex -0.78490317 2.4156835 1
    endloop
  endfacet
  facet normal 0 0 1
    outer loop
      vertex -0.20689476 4.711502 1
      vertex 0.20689476 4.711502 1
      vertex 0.15948792 5.465012 1
    endloop
  endfacet
  facet normal 0 0 1
    outer loop
      vertex 0.15948792 2.534988 1
      vertex -0.20689476 3.2884982 1
      vertex -0.15948792 2.534988 1
    endloop
  endfacet
  facet normal 0 0 1
    outer loop
      vertex 1.6190569 -1.9571036 1
      vertex 1.7655493 -2.7820606 1
      vertex 2.100312 -2.5388412 1
    endloop
  endfacet
  facet normal 0 0 1
    outer loop
      vertex -0.47594854 5.5049906 1
      vertex -0.78490317 5.5843163 1
      vertex -0.61742145 4.7633634 1
    endloop
  endfacet
  facet normal 0 0 1
    outer loop
      vertex 1.0814794 5.7017393 1
      vertex 1.4029428 5.0185947 1
      vertex 1.7655493 5.2179394 1
    endloop
  endfacet
  facet normal 0 0 1
    outer loop
      vertex -1.4029428 5.0185947 1
      vertex -1.018211 4.8662686 1
      vertex -1.0814794 5.7017393 1
    endloop
  endfacet
  facet normal 0 0 1
    outer loop
      vertex -1.7655493 5.2179394 1
      vertex -1.4029428 5.0185947 1
      vertex -1.3610001 5.855407 1
    endloop
  endfacet
  facet normal 0 0 1
    outer loop
      vertex -2.100312 5.4611588 1
      vertex -1.7655493 5.2179394 1
      vertex -1.6190569 6.0428963 1
    endloop
  endfacet
  facet normal 0 0 1
    outer loop
      vertex -2.4019516 5.744417 1
      vertex -1.6190569 6.0428963 1
      vertex -1.8515803 6.2612505 1
    endloop
  endfacet
  facet normal 0 0 1
    outer loop
      vertex -1.8515803 6.2612505 1
      vertex -2.665711 6.0632477 1
      vertex -2.4019516 5.744417 1
    endloop
  endfacet
  facet normal 0 0 1
    outer loop
      vertex -2.8874304 6.4126215 1
      vertex -2.665711 6.0632477 1
      vertex -2.2258189 6.7763457 1
    endloop
  endfacet
  facet normal 0 0 1
    outer loop
      vertex -2.8874304 6.4126215 1
      vertex -2.3616323 7.064964 1
      vertex -3.0636134 6.7870297 1
    endloop
  endfacet
  facet normal 0 0 1
    outer loop
      vertex -2.8874304 6.4126215 1
      vertex -2.2258189 6.7763457 1
      vertex -2.3616323 7.064964 1
    endloop
  endfacet
  facet normal 0 0 1
    outer loop
      vertex -3.1914816 7.180567 1
      vertex -2.3616323 7.064964 1
      vertex -2.4602013 7.3683276 1
    endloop
  endfacet
  facet normal 0 0 1
    outer loop
      vertex -2.4602013 7.3683276 1
      vertex -3.269018 7.587027 1
      vertex -3.1914816 7.180567 1
    endloop
  endfacet
  facet normal 0 0 1
    outer loop
      vertex -3.295 8 1
      vertex -3.269018 7.587027 1
      vertex -2.54 8 1
    endloop
  endfacet
  facet normal 0 0 1
    outer loop
      vertex -3.295 8 1
      vertex -2.5199714 8.318346 1
      vertex -3.269018 8.412973 1
    endloop
  endfacet
  facet normal 0 0 1
    outer loop
      vertex -3.295 8 1
      vertex -2.54 8 1
      vertex -2.5199714 8.318346 1
    endloop
  endfacet
  facet normal 0 0 1
    outer loop
      vertex -2.5199714 8.318346 1
      vertex -2.4602013 8.631672 1
      vertex -3.269018 8.412973 1
    endloop
  endfacet
  facet normal 0 0 1
    outer loop
      vertex -3.0636134 9.212971 1
      vertex -3.1914816 8.819433 1
      vertex -2.3616323 8.935037 1
    endloop
  endfacet
  facet normal 0 0 1
    outer loop
      vertex -2.8874304 9.5873785 1
      vertex -2.3616323 8.935037 1
      vertex -2.2258189 9.223655 1
    endloop
  endfacet
  facet normal 0 0 1
    outer loop
      vertex -2.2258189 9.223655 1
      vertex -2.665711 9.936752 1
      vertex -2.8874304 9.5873785 1
    endloop
  endfacet
  facet normal 0 0 1
    outer loop
      vertex -2.4019516 10.255583 1
      vertex -2.665711 9.936752 1
      vertex -1.8515803 9.7387495 1
    endloop
  endfacet
  facet normal 0 0 1
    outer loop
      vertex -2.4019516 10.255583 1
      vertex -1.6190569 9.957104 1
      vertex -2.100312 10.538841 1
    endloop
  endfacet
  facet normal 0 0 1
    outer loop
      vertex -2.4019516 10.255583 1
      vertex -1.8515803 9.7387495 1
      vertex -1.6190569 9.957104 1
    endloop
  endfacet
  facet normal 0 0 1
    outer loop
      vertex -1.7655493 10.782061 1
      vertex -1.6190569 9.957104 1
      vertex -1.3610001 10.144593 1
    endloop
  endfacet
  facet normal 0 0 1
    outer loop
      vertex -1.3610001 10.144593 1
      vertex -1.4029428 10.981405 1
      vertex -1.7655493 10.782061 1
    endloop
  endfacet
  facet normal 0 0 1
    outer loop
      vertex -1.018211 11.133731 1
      vertex -1.4029428 10.981405 1
      vertex -0.78490317 10.415684 1
    endloop
  endfacet
  facet normal 0 0 1
    outer loop
      vertex -0.61742145 11.236636 1
      vertex -0.78490317 10.415684 1
      vertex -0.47594854 10.495009 1
    endloop
  endfacet
  facet normal 0 0 1
    outer loop
      vertex -0.47594854 10.495009 1
      vertex -0.15948792 10.534987 1
      vertex -0.20689476 11.288498 1
    endloop
  endfacet
  facet normal 0 0 1
    outer loop
      vertex -0.61742145 11.236636 1
      vertex -0.47594854 10.495009 1
      vertex -0.20689476 11.288498 1
    endloop
  endfacet
  facet normal 0 0 1
    outer loop
      vertex 0.20689476 11.288498 1
      vertex -0.20689476 11.288498 1
      vertex 0.15948792 10.534987 1
    endloop
  endfacet
  facet normal 0 0 1
    outer loop
      vertex 0.15948792 10.534987 1
      vertex 0.47594854 10.495009 1
      vertex 0.20689476 11.288498 1
    endloop
  endfacet
  facet normal 0 0 1
    outer loop
      vertex 0.47594854 10.495009 1
      vertex 0.78490317 10.415684 1
      vertex 0.61742145 11.236636 1
    endloop
  endfacet
  facet normal 0 0 1
    outer loop
      vertex 1.4029428 10.981405 1
      vertex 0.78490317 10.415684 1
      vertex 1.0814794 10.298261 1
    endloop
  endfacet
  facet normal 0 0 1
    outer loop
      vertex 1.4029428 10.981405 1
      vertex 1.3610001 10.144593 1
      vertex 1.7655493 10.782061 1
    endloop
  endfacet
  facet normal 0 0 1
    outer loop
      vertex 1.4029428 10.981405 1
      vertex 1.0814794 10.298261 1
      vertex 1.3610001 10.144593 1
    endloop
  endfacet
  facet normal 0 0 1
    outer loop
      vertex 2.100312 10.538841 1
      vertex 1.7655493 10.782061 1
      vertex 1.6190569 9.957104 1
    endloop
  endfacet
  facet normal 0 0 1
    outer loop
      vertex 1.6190569 9.957104 1
      vertex 1.8515803 9.7387495 1
      vertex 2.100312 10.538841 1
    endloop
  endfacet
  facet normal 0 0 1
    outer loop
      vertex 1.8515803 9.7387495 1
      vertex 2.0549033 9.492974 1
      vertex 2.4019516 10.255583 1
    endloop
  endfacet
  facet normal 0 0 1
    outer loop
      vertex 2.665711 9.936752 1
      vertex 2.2258189 9.223655 1
      vertex 2.8874304 9.5873785 1
    endloop
  endfacet
  facet normal 0 0 1
    outer loop
      vertex 2.665711 9.936752 1
      vertex 2.0549033 9.492974 1
      vertex 2.2258189 9.223655 1
    endloop
  endfacet
  facet normal 0 0 1
    outer loop
      vertex 2.2258189 9.223655 1
      vertex 3.0636134 9.212971 1
      vertex 2.8874304 9.5873785 1
    endloop
  endfacet
  facet normal 0 0 1
    outer loop
      vertex 2.3616323 8.935037 1
      vertex 2.4602013 8.631672 1
      vertex 3.0636134 9.212971 1
    endloop
  endfacet
  facet normal 0 0 1
    outer loop
      vertex 2.4602013 8.631672 1
      vertex 3.269018 8.412973 1
      vertex 3.1914816 8.819433 1
    endloop
  endfacet
  facet normal 0 0 1
    outer loop
      vertex 3.295 8 1
      vertex 2.5199714 8.318346 1
      vertex 2.54 8 1
    endloop
  endfacet
  facet normal 0 0 1
    outer loop
      vertex 2.54 8 1
      vertex 3.269018 7.587027 1
      vertex 3.295 8 1
    endloop
  endfacet
  facet normal 0 0 1
    outer loop
      vertex 3.269018 7.587027 1
      vertex 2.4602013 7.3683276 1
      vertex 3.1914816 7.180567 1
    endloop
  endfacet
  facet normal 0 0 1
    outer loop
      vertex 3.269018 7.587027 1
      vertex 2.5199714 7.6816535 1
      vertex 2.4602013 7.3683276 1
    endloop
  endfacet
  facet normal 0 0 1
    outer loop
      vertex 3.1914816 7.180567 1
      vertex 2.4602013 7.3683276 1
      vertex 3.0636134 6.7870297 1
    endloop
  endfacet
  facet normal 0 0 1
    outer loop
      vertex 3.0636134 6.7870297 1
      vertex 2.3616323 7.064964 1
      vertex 2.8874304 6.4126215 1
    endloop
  endfacet
  facet normal 0 0 1
    outer loop
      vertex 2.8874304 6.4126215 1
      vertex 2.2258189 6.7763457 1
      vertex 2.665711 6.0632477 1
    endloop
  endfacet
  facet normal 0 0 1
    outer loop
      vertex 2.2258189 6.7763457 1
      vertex 2.0549033 6.5070252 1
      vertex 2.665711 6.0632477 1
    endloop
  endfacet
  facet normal 0 0 1
    outer loop
      vertex 2.0549033 6.5070252 1
      vertex 1.8515803 6.2612505 1
      vertex 2.665711 6.0632477 1
    endloop
  endfacet
  facet normal 0 0 1
    outer loop
      vertex 1.8515803 6.2612505 1
      vertex 2.100312 5.4611588 1
      vertex 2.4019516 5.744417 1
    endloop
  endfacet
  facet normal 0 0 1
    outer loop
      vertex 1.6190569 6.0428963 1
      vertex 2.100312 5.4611588 1
      vertex 1.8515803 6.2612505 1
    endloop
  endfacet
  facet normal 0 0 1
    outer loop
      vertex 1.3610001 5.855407 1
      vertex 1.7655493 5.2179394 1
      vertex 2.100312 5.4611588 1
    endloop
  endfacet
  facet normal 0 0 1
    outer loop
      vertex 1.0814794 5.7017393 1
      vertex 1.7655493 5.2179394 1
      vertex 1.3610001 5.855407 1
    endloop
  endfacet
  facet normal 0 0 1
    outer loop
      vertex 1.018211 4.8662686 1
      vertex 1.4029428 5.0185947 1
      vertex 1.0814794 5.7017393 1
    endloop
  endfacet
  facet normal 0 0 1
    outer loop
      vertex 1.018211 4.8662686 1
      vertex 1.0814794 5.7017393 1
      vertex 0.78490317 5.5843163 1
    endloop
  endfacet
  facet normal 0 0 1
    outer loop
      vertex 0.61742145 4.7633634 1
      vertex 0.47594854 5.5049906 1
      vertex 0.15948792 5.465012 1
    endloop
  endfacet
  facet normal 0 0 1
    outer loop
      vertex 0.61742145 4.7633634 1
      vertex 0.78490317 5.5843163 1
      vertex 0.47594854 5.5049906 1
    endloop
  endfacet
  facet normal 0 0 1
    outer loop
      vertex 2.100312 2.5388412 1
      vertex 1.7655493 2.7820606 1
      vertex 1.3610001 2.144593 1
    endloop
  endfacet
  facet normal 0 0 1
    outer loop
      vertex 2.4019516 -10.255583 1
      vertex 2.665711 -9.936752 1
      vertex 1.8515803 -9.7387495 1
    endloop
  endfacet
  facet normal 0 0 1
    outer loop
      vertex 3.0636134 -9.212971 1
      vertex 2.4602013 -8.631672 1
      vertex 2.3616323 -8.935037 1
    endloop
  endfacet
  facet normal 0 0 1
    outer loop
      vertex 2.5199714 -0.3183464 1
      vertex 3.269018 -0.41297302 1
      vertex 2.54 0 1
    endloop
  endfacet
  facet normal 0 0 1
    outer loop
      vertex 2.8874304 -9.5873785 1
      vertex 2.3616323 -8.935037 1
      vertex 2.2258189 -9.223655 1
    endloop
  endfacet
  facet normal 0 0 1
    outer loop
      vertex -1.4029428 2.981405 1
      vertex -1.7655493 2.7820606 1
      vertex -1.3610001 2.144593 1
    endloop
  endfacet
  facet normal 0 0 1
    outer loop
      vertex 2.4602013 -8.631672 1
      vertex 3.1914816 -8.819433 1
      vertex 3.269018 -8.412973 1
    endloop
  endfacet
  facet normal 0 0 1
    outer loop
      vertex 2.54 -8 1
      vertex 3.269018 -7.587027 1
      vertex 2.5199714 -7.6816535 1
    endloop
  endfacet
  facet normal 0 0 1
    outer loop
      vertex 3.0636134 -6.7870297 1
      vertex 2.8874304 -6.4126215 1
      vertex 2.2258189 -6.7763457 1
    endloop
  endfacet
  facet normal 0 0 1
    outer loop
      vertex 1.8515803 -6.2612505 1
      vertex 2.100312 -5.4611588 1
      vertex 1.6190569 -6.0428963 1
    endloop
  endfacet
  facet normal 0 0 1
    outer loop
      vertex 1.8515803 -9.7387495 1
      vertex 1.6190569 -9.957104 1
      vertex 2.100312 -10.538841 1
    endloop
  endfacet
  facet normal 0 0 1
    outer loop
      vertex -2.0549033 1.4929745 1
      vertex -2.8874304 1.5873784 1
      vertex -2.2258189 1.2236544 1
    endloop
  endfacet
  facet normal 0 0 1
    outer loop
      vertex -2.8874304 1.5873784 1
      vertex -3.0636134 1.2129704 1
      vertex -2.3616323 0.93503636 1
    endloop
  endfacet
  facet normal 0 0 1
    outer loop
      vertex -2.0549033 -1.4929745 1
      vertex -2.4019516 -2.2555828 1
      vertex -1.8515803 -1.7387496 1
    endloop
  endfacet
  facet normal 0 0 1
    outer loop
      vertex -2.4602013 0.6316723 1
      vertex -3.269018 0.41297302 1
      vertex -2.5199714 0.3183464 1
    endloop
  endfacet
  facet normal 0 0 1
    outer loop
      vertex -2.8874304 -1.5873784 1
      vertex -2.665711 -1.9367524 1
      vertex -2.0549033 -1.4929745 1
    endloop
  endfacet
  facet normal 0 0 1
    outer loop
      vertex -2.54 0 1
      vertex -3.269018 -0.41297302 1
      vertex -2.5199714 -0.3183464 1
    endloop
  endfacet
  facet normal 0 0 1
    outer loop
      vertex -2.3616323 -0.93503636 1
      vertex -3.0636134 -1.2129704 1
      vertex -2.8874304 -1.5873784 1
    endloop
  endfacet
  facet normal 0 0 1
    outer loop
      vertex 0.78490317 2.4156835 1
      vertex 1.018211 3.1337311 1
      vertex 0.47594854 2.4950097 1
    endloop
  endfacet
  facet normal 0 0 1
    outer loop
      vertex -1.6190569 -1.9571036 1
      vertex -2.100312 -2.5388412 1
      vertex -1.7655493 -2.7820606 1
    endloop
  endfacet
  facet normal 0 0 1
    outer loop
      vertex -2.4019516 -2.2555828 1
      vertex -2.100312 -2.5388412 1
      vertex -1.6190569 -1.9571036 1
    endloop
  endfacet
  facet normal 0 0 1
    outer loop
      vertex -2.2258189 -6.7763457 1
      vertex -2.8874304 -6.4126215 1
      vertex -2.3616323 -7.064964 1
    endloop
  endfacet
  facet normal 0 0 1
    outer loop
      vertex -0.15948792 -2.534988 1
      vertex -0.47594854 -2.4950097 1
      vertex -0.61742145 -3.2366364 1
    endloop
  endfacet
  facet normal 0 0 1
    outer loop
      vertex -1.3610001 -2.144593 1
      vertex -1.4029428 -2.981405 1
      vertex -1.0814794 -2.2982607 1
    endloop
  endfacet
  facet normal 0 0 1
    outer loop
      vertex -0.47594854 -2.4950097 1
      vertex -1.018211 -3.1337311 1
      vertex -0.61742145 -3.2366364 1
    endloop
  endfacet
  facet normal 0 0 1
    outer loop
      vertex -1.018211 -3.1337311 1
      vertex -0.47594854 -2.4950097 1
      vertex -0.78490317 -2.4156835 1
    endloop
  endfacet
  facet normal 0 0 1
    outer loop
      vertex -0.15948792 -10.534987 1
      vertex -0.47594854 -10.495009 1
      vertex -0.61742145 -11.236636 1
    endloop
  endfacet
  facet normal 0 0 1
    outer loop
      vertex -0.61742145 -3.2366364 1
      vertex -0.20689476 -3.2884982 1
      vertex -0.15948792 -2.534988 1
    endloop
  endfacet
  facet normal 0 0 1
    outer loop
      vertex -1.8515803 -6.2612505 1
      vertex -2.4019516 -5.744417 1
      vertex -2.665711 -6.0632477 1
    endloop
  endfacet
  facet normal 0 0 1
    outer loop
      vertex -0.20689476 -3.2884982 1
      vertex 0.15948792 -2.534988 1
      vertex -0.15948792 -2.534988 1
    endloop
  endfacet
  facet normal 0 0 1
    outer loop
      vertex 0.15948792 -5.465012 1
      vertex 0.20689476 -4.711502 1
      vertex -0.20689476 -4.711502 1
    endloop
  endfacet
  facet normal 0 0 1
    outer loop
      vertex 1.018211 -3.1337311 1
      vertex 0.78490317 -2.4156835 1
      vertex 0.47594854 -2.4950097 1
    endloop
  endfacet
  facet normal 0 0 1
    outer loop
      vertex -1.3610001 -5.855407 1
      vertex -1.7655493 -5.2179394 1
      vertex -1.6190569 -6.0428963 1
    endloop
  endfacet
  facet normal 0 0 1
    outer loop
      vertex 0.15948792 -2.534988 1
      vertex 0.20689476 -3.2884982 1
      vertex 0.61742145 -3.2366364 1
    endloop
  endfacet
  facet normal 0 0 1
    outer loop
      vertex -1.6190569 -6.0428963 1
      vertex -2.4019516 -5.744417 1
      vertex -1.8515803 -6.2612505 1
    endloop
  endfacet
  facet normal 0 0 1
    outer loop
      vertex -0.20689476 -3.2884982 1
      vertex 0.20689476 -3.2884982 1
      vertex 0.15948792 -2.534988 1
    endloop
  endfacet
  facet normal 0 0 1
    outer loop
      vertex 2.5199714 -8.318346 1
      vertex 3.269018 -8.412973 1
      vertex 3.295 -8 1
    endloop
  endfacet
  facet normal 0 0 1
    outer loop
      vertex 2.0549033 -6.5070252 1
      vertex 2.4019516 -5.744417 1
      vertex 1.8515803 -6.2612505 1
    endloop
  endfacet
  facet normal 0 0 1
    outer loop
      vertex 0.47594854 -2.4950097 1
      vertex 0.15948792 -2.534988 1
      vertex 0.61742145 -3.2366364 1
    endloop
  endfacet
  facet normal 0 0 1
    outer loop
      vertex 2.665711 -1.9367524 1
      vertex 2.0549033 -1.4929745 1
      vertex 2.4019516 -2.2555828 1
    endloop
  endfacet
  facet normal 0 0 1
    outer loop
      vertex -1.018211 -3.1337311 1
      vertex -1.0814794 -2.2982607 1
      vertex -1.4029428 -2.981405 1
    endloop
  endfacet
  facet normal 0 0 1
    outer loop
      vertex -1.018211 -3.1337311 1
      vertex -0.78490317 -2.4156835 1
      vertex -1.0814794 -2.2982607 1
    endloop
  endfacet
  facet normal 0 0 1
    outer loop
      vertex -1.7655493 -2.7820606 1
      vertex -1.4029428 -2.981405 1
      vertex -1.3610001 -2.144593 1
    endloop
  endfacet
  facet normal 0 0 1
    outer loop
      vertex -1.3610001 -2.144593 1
      vertex -1.6190569 -1.9571036 1
      vertex -1.7655493 -2.7820606 1
    endloop
  endfacet
  facet normal 0 0 1
    outer loop
      vertex -2.4019516 -2.2555828 1
      vertex -1.6190569 -1.9571036 1
      vertex -1.8515803 -1.7387496 1
    endloop
  endfacet
  facet normal 0 0 1
    outer loop
      vertex -2.665711 -1.9367524 1
      vertex -2.4019516 -2.2555828 1
      vertex -2.0549033 -1.4929745 1
    endloop
  endfacet
  facet normal 0 0 1
    outer loop
      vertex -2.8874304 -1.5873784 1
      vertex -2.0549033 -1.4929745 1
      vertex -2.2258189 -1.2236544 1
    endloop
  endfacet
  facet normal 0 0 1
    outer loop
      vertex -2.2258189 -1.2236544 1
      vertex -2.3616323 -0.93503636 1
      vertex -2.8874304 -1.5873784 1
    endloop
  endfacet
  facet normal 0 0 1
    outer loop
      vertex -2.3616323 -0.93503636 1
      vertex -2.4602013 -0.6316723 1
      vertex -3.1914816 -0.81943315 1
    endloop
  endfacet
  facet normal 0 0 1
    outer loop
      vertex -3.0636134 -1.2129704 1
      vertex -2.3616323 -0.93503636 1
      vertex -3.1914816 -0.81943315 1
    endloop
  endfacet
  facet normal 0 0 1
    outer loop
      vertex -2.4602013 -0.6316723 1
      vertex -2.5199714 -0.3183464 1
      vertex -3.269018 -0.41297302 1
    endloop
  endfacet
  facet normal 0 0 1
    outer loop
      vertex -3.1914816 -0.81943315 1
      vertex -2.4602013 -0.6316723 1
      vertex -3.269018 -0.41297302 1
    endloop
  endfacet
  facet normal 0 0 1
    outer loop
      vertex -3.295 0 1
      vertex -3.269018 -0.41297302 1
      vertex -2.54 0 1
    endloop
  endfacet
  facet normal 0 0 1
    outer loop
      vertex -2.54 0 1
      vertex -2.5199714 0.3183464 1
      vertex -3.269018 0.41297302 1
    endloop
  endfacet
  facet normal 0 0 1
    outer loop
      vertex -3.295 0 1
      vertex -2.54 0 1
      vertex -3.269018 0.41297302 1
    endloop
  endfacet
  facet normal 0 0 1
    outer loop
      vertex -3.1914816 0.81943315 1
      vertex -3.269018 0.41297302 1
      vertex -2.4602013 0.6316723 1
    endloop
  endfacet
  facet normal 0 0 1
    outer loop
      vertex -3.1914816 0.81943315 1
      vertex -2.3616323 0.93503636 1
      vertex -3.0636134 1.2129704 1
    endloop
  endfacet
  facet normal 0 0 1
    outer loop
      vertex -3.1914816 0.81943315 1
      vertex -2.4602013 0.6316723 1
      vertex -2.3616323 0.93503636 1
    endloop
  endfacet
  facet normal 0 0 1
    outer loop
      vertex -2.8874304 1.5873784 1
      vertex -2.3616323 0.93503636 1
      vertex -2.2258189 1.2236544 1
    endloop
  endfacet
  facet normal 0 0 1
    outer loop
      vertex -2.665711 1.9367524 1
      vertex -2.8874304 1.5873784 1
      vertex -2.0549033 1.4929745 1
    endloop
  endfacet
  facet normal 0 0 1
    outer loop
      vertex -2.0549033 1.4929745 1
      vertex -1.8515803 1.7387496 1
      vertex -2.4019516 2.2555828 1
    endloop
  endfacet
  facet normal 0 0 1
    outer loop
      vertex -2.665711 1.9367524 1
      vertex -2.0549033 1.4929745 1
      vertex -2.4019516 2.2555828 1
    endloop
  endfacet
  facet normal 0 0 1
    outer loop
      vertex -2.4019516 2.2555828 1
      vertex -1.6190569 1.9571036 1
      vertex -2.100312 2.5388412 1
    endloop
  endfacet
  facet normal 0 0 1
    outer loop
      vertex -2.4019516 2.2555828 1
      vertex -1.8515803 1.7387496 1
      vertex -1.6190569 1.9571036 1
    endloop
  endfacet
  facet normal 0 0 1
    outer loop
      vertex -1.7655493 2.7820606 1
      vertex -1.6190569 1.9571036 1
      vertex -1.3610001 2.144593 1
    endloop
  endfacet
  facet normal 0 0 1
    outer loop
      vertex -1.4029428 2.981405 1
      vertex -1.3610001 2.144593 1
      vertex -1.0814794 2.2982607 1
    endloop
  endfacet
  facet normal 0 0 1
    outer loop
      vertex -1.0814794 2.2982607 1
      vertex -0.78490317 2.4156835 1
      vertex -1.018211 3.1337311 1
    endloop
  endfacet
  facet normal 0 0 1
    outer loop
      vertex -1.4029428 2.981405 1
      vertex -1.0814794 2.2982607 1
      vertex -1.018211 3.1337311 1
    endloop
  endfacet
  facet normal 0 0 1
    outer loop
      vertex -0.61742145 3.2366364 1
      vertex -1.018211 3.1337311 1
      vertex -0.47594854 2.4950097 1
    endloop
  endfacet
  facet normal 0 0 1
    outer loop
      vertex -0.47594854 2.4950097 1
      vertex -0.15948792 2.534988 1
      vertex -0.20689476 3.2884982 1
    endloop
  endfacet
  facet normal 0 0 1
    outer loop
      vertex -0.61742145 3.2366364 1
      vertex -0.47594854 2.4950097 1
      vertex -0.20689476 3.2884982 1
    endloop
  endfacet
  facet normal 0 0 1
    outer loop
      vertex 0.20689476 3.2884982 1
      vertex -0.20689476 3.2884982 1
      vertex 0.15948792 2.534988 1
    endloop
  endfacet
  facet normal 0 0 1
    outer loop
      vertex 0.20689476 3.2884982 1
      vertex 0.47594854 2.4950097 1
      vertex 0.61742145 3.2366364 1
    endloop
  endfacet
  facet normal 0 0 1
    outer loop
      vertex 0.20689476 3.2884982 1
      vertex 0.15948792 2.534988 1
      vertex 0.47594854 2.4950097 1
    endloop
  endfacet
  facet normal 0 0 1
    outer loop
      vertex 0.47594854 2.4950097 1
      vertex 1.018211 3.1337311 1
      vertex 0.61742145 3.2366364 1
    endloop
  endfacet
  facet normal 0 0 1
    outer loop
      vertex 1.4029428 2.981405 1
      vertex 1.018211 3.1337311 1
      vertex 1.0814794 2.2982607 1
    endloop
  endfacet
  facet normal 0 0 1
    outer loop
      vertex 1.4029428 2.981405 1
      vertex 1.3610001 2.144593 1
      vertex 1.7655493 2.7820606 1
    endloop
  endfacet
  facet normal 0 0 1
    outer loop
      vertex 1.4029428 2.981405 1
      vertex 1.0814794 2.2982607 1
      vertex 1.3610001 2.144593 1
    endloop
  endfacet
  facet normal 0 0 1
    outer loop
      vertex 2.100312 2.5388412 1
      vertex 1.3610001 2.144593 1
      vertex 1.6190569 1.9571036 1
    endloop
  endfacet
  facet normal 0 0 1
    outer loop
      vertex 2.100312 2.5388412 1
      vertex 1.8515803 1.7387496 1
      vertex 2.4019516 2.2555828 1
    endloop
  endfacet
  facet normal 0 0 1
    outer loop
      vertex 2.100312 2.5388412 1
      vertex 1.6190569 1.9571036 1
      vertex 1.8515803 1.7387496 1
    endloop
  endfacet
  facet normal 0 0 1
    outer loop
      vertex 1.8515803 1.7387496 1
      vertex 2.0549033 1.4929745 1
      vertex 2.665711 1.9367524 1
    endloop
  endfacet
  facet normal 0 0 1
    outer loop
      vertex 2.4019516 2.2555828 1
      vertex 1.8515803 1.7387496 1
      vertex 2.665711 1.9367524 1
    endloop
  endfacet
  facet normal 0 0 1
    outer loop
      vertex 2.0549033 1.4929745 1
      vertex 2.8874304 1.5873784 1
      vertex 2.665711 1.9367524 1
    endloop
  endfacet
  facet normal 0 0 1
    outer loop
      vertex 3.0636134 1.2129704 1
      vertex 2.2258189 1.2236544 1
      vertex 2.3616323 0.93503636 1
    endloop
  endfacet
  facet normal 0 0 1
    outer loop
      vertex 2.3616323 0.93503636 1
      vertex 2.4602013 0.6316723 1
      vertex 3.0636134 1.2129704 1
    endloop
  endfacet
  facet normal 0 0 1
    outer loop
      vertex 2.4602013 0.6316723 1
      vertex 2.5199714 0.3183464 1
      vertex 3.1914816 0.81943315 1
    endloop
  endfacet
  facet normal 0 0 1
    outer loop
      vertex 3.295 0 1
      vertex 3.269018 0.41297302 1
      vertex 2.54 0 1
    endloop
  endfacet
  facet normal 0 0 1
    outer loop
      vertex 2.54 0 1
      vertex 3.269018 -0.41297302 1
      vertex 3.295 0 1
    endloop
  endfacet
  facet normal 0 0 1
    outer loop
      vertex 2.5199714 -0.3183464 1
      vertex 2.4602013 -0.6316723 1
      vertex 3.269018 -0.41297302 1
    endloop
  endfacet
  facet normal 0 0 1
    outer loop
      vertex 3.0636134 -1.2129704 1
      vertex 2.4602013 -0.6316723 1
      vertex 2.3616323 -0.93503636 1
    endloop
  endfacet
  facet normal 0 0 1
    outer loop
      vertex 2.3616323 -0.93503636 1
      vertex 2.8874304 -1.5873784 1
      vertex 3.0636134 -1.2129704 1
    endloop
  endfacet
  facet normal 0 0 1
    outer loop
      vertex 2.2258189 -1.2236544 1
      vertex 2.8874304 -1.5873784 1
      vertex 2.3616323 -0.93503636 1
    endloop
  endfacet
  facet normal 0 0 1
    outer loop
      vertex 2.0549033 -1.4929745 1
      vertex 2.665711 -1.9367524 1
      vertex 2.8874304 -1.5873784 1
    endloop
  endfacet
  facet normal 0 0 1
    outer loop
      vertex 1.8515803 -1.7387496 1
      vertex 2.4019516 -2.2555828 1
      vertex 2.0549033 -1.4929745 1
    endloop
  endfacet
  facet normal 0 0 1
    outer loop
      vertex 1.6190569 -1.9571036 1
      vertex 2.4019516 -2.2555828 1
      vertex 1.8515803 -1.7387496 1
    endloop
  endfacet
  facet normal 0 0 1
    outer loop
      vertex 2.100312 -2.5388412 1
      vertex 2.4019516 -2.2555828 1
      vertex 1.6190569 -1.9571036 1
    endloop
  endfacet
  facet normal 0 0 1
    outer loop
      vertex 1.7655493 -2.7820606 1
      vertex 1.6190569 -1.9571036 1
      vertex 1.3610001 -2.144593 1
    endloop
  endfacet
  facet normal 0 0 1
    outer loop
      vertex 1.7655493 -2.7820606 1
      vertex 1.3610001 -2.144593 1
      vertex 1.4029428 -2.981405 1
    endloop
  endfacet
  facet normal 0 0 1
    outer loop
      vertex 1.4029428 -2.981405 1
      vertex 1.0814794 -2.2982607 1
      vertex 1.018211 -3.1337311 1
    endloop
  endfacet
  facet normal 0 0 1
    outer loop
      vertex 1.0814794 -2.2982607 1
      vertex 0.78490317 -2.4156835 1
      vertex 1.018211 -3.1337311 1
    endloop
  endfacet
  facet normal 0 0 1
    outer loop
      vertex 1.018211 -3.1337311 1
      vertex 0.47594854 -2.4950097 1
      vertex 0.61742145 -3.2366364 1
    endloop
  endfacet
  facet normal 0 0 1
    outer loop
      vertex -0.15948792 -5.465012 1
      vertex -0.20689476 -4.711502 1
      vertex -0.47594854 -5.5049906 1
    endloop
  endfacet
  facet normal 0 0 1
    outer loop
      vertex 1.3610001 -5.855407 1
      vertex 1.4029428 -5.0185947 1
      vertex 1.0814794 -5.7017393 1
    endloop
  endfacet
  facet normal 0 0 1
    outer loop
      vertex 1.4029428 -5.0185947 1
      vertex 1.018211 -4.8662686 1
      vertex 0.78490317 -5.5843163 1
    endloop
  endfacet
  facet normal 0 0 1
    outer loop
      vertex 1.6190569 -6.0428963 1
      vertex 2.100312 -5.4611588 1
      vertex 1.3610001 -5.855407 1
    endloop
  endfacet
  facet normal 0 0 1
    outer loop
      vertex -2.0549033 -6.5070252 1
      vertex -2.665711 -6.0632477 1
      vertex -2.2258189 -6.7763457 1
    endloop
  endfacet
  facet normal 0 0 1
    outer loop
      vertex 0.47594854 -5.5049906 1
      vertex 0.20689476 -4.711502 1
      vertex 0.15948792 -5.465012 1
    endloop
  endfacet
  facet normal 0 0 1
    outer loop
      vertex -0.47594854 -5.5049906 1
      vertex -0.61742145 -4.7633634 1
      vertex -1.018211 -4.8662686 1
    endloop
  endfacet
  facet normal 0 0 1
    outer loop
      vertex -2.3616323 -7.064964 1
      vertex -3.0636134 -6.7870297 1
      vertex -3.1914816 -7.180567 1
    endloop
  endfacet
  facet normal 0 0 1
    outer loop
      vertex -2.4602013 -7.3683276 1
      vertex -3.1914816 -7.180567 1
      vertex -3.269018 -7.587027 1
    endloop
  endfacet
  facet normal 0 0 1
    outer loop
      vertex -2.54 -8 1
      vertex -3.295 -8 1
      vertex -2.5199714 -8.318346 1
    endloop
  endfacet
  facet normal 0 0 1
    outer loop
      vertex -2.5199714 -8.318346 1
      vertex -3.269018 -8.412973 1
      vertex -2.4602013 -8.631672 1
    endloop
  endfacet
  facet normal 0 0 1
    outer loop
      vertex -2.4602013 -8.631672 1
      vertex -3.1914816 -8.819433 1
      vertex -2.3616323 -8.935037 1
    endloop
  endfacet
  facet normal 0 0 1
    outer loop
      vertex -1.8515803 -9.7387495 1
      vertex -2.4019516 -10.255583 1
      vertex -1.6190569 -9.957104 1
    endloop
  endfacet
  facet normal 0 0 1
    outer loop
      vertex -1.6190569 -9.957104 1
      vertex -2.100312 -10.538841 1
      vertex -1.7655493 -10.782061 1
    endloop
  endfacet
  facet normal 0 0 1
    outer loop
      vertex -0.47594854 -10.495009 1
      vertex -0.78490317 -10.415684 1
      vertex -0.61742145 -11.236636 1
    endloop
  endfacet
  facet normal 0 0 1
    outer loop
      vertex -1.0814794 -10.298261 1
      vertex -1.4029428 -10.981405 1
      vertex -1.018211 -11.133731 1
    endloop
  endfacet
  facet normal 0 0 1
    outer loop
      vertex -0.78490317 -10.415684 1
      vertex -1.018211 -11.133731 1
      vertex -0.61742145 -11.236636 1
    endloop
  endfacet
  facet normal 0 0 1
    outer loop
      vertex -1.3610001 -10.144593 1
      vertex -1.7655493 -10.782061 1
      vertex -1.4029428 -10.981405 1
    endloop
  endfacet
  facet normal 0 0 1
    outer loop
      vertex 0.78490317 -5.5843163 1
      vertex 1.018211 -4.8662686 1
      vertex 0.47594854 -5.5049906 1
    endloop
  endfacet
  facet normal 0 0 1
    outer loop
      vertex 1.018211 -11.133731 1
      vertex 1.0814794 -10.298261 1
      vertex 0.78490317 -10.415684 1
    endloop
  endfacet
  facet normal 0 0 1
    outer loop
      vertex 0.15948792 -10.534987 1
      vertex -0.15948792 -10.534987 1
      vertex -0.20689476 -11.288498 1
    endloop
  endfacet
  facet normal 0 0 1
    outer loop
      vertex 0.15948792 -10.534987 1
      vertex 0.20689476 -11.288498 1
      vertex 0.61742145 -11.236636 1
    endloop
  endfacet
  facet normal 0 0 1
    outer loop
      vertex -0.20689476 -11.288498 1
      vertex 0.20689476 -11.288498 1
      vertex 0.15948792 -10.534987 1
    endloop
  endfacet
  facet normal 0 0 1
    outer loop
      vertex -0.61742145 -11.236636 1
      vertex -0.20689476 -11.288498 1
      vertex -0.15948792 -10.534987 1
    endloop
  endfacet
  facet normal 0 0 1
    outer loop
      vertex 1.0814794 -10.298261 1
      vertex 1.4029428 -10.981405 1
      vertex 1.7655493 -10.782061 1
    endloop
  endfacet
  facet normal 0 0 1
    outer loop
      vertex -0.78490317 -10.415684 1
      vertex -1.0814794 -10.298261 1
      vertex -1.018211 -11.133731 1
    endloop
  endfacet
  facet normal 0 0 1
    outer loop
      vertex 3.0636134 -9.212971 1
      vertex 3.1914816 -8.819433 1
      vertex 2.4602013 -8.631672 1
    endloop
  endfacet
  facet normal 0 0 1
    outer loop
      vertex -1.0814794 -10.298261 1
      vertex -1.3610001 -10.144593 1
      vertex -1.4029428 -10.981405 1
    endloop
  endfacet
  facet normal 0 0 1
    outer loop
      vertex -1.3610001 -10.144593 1
      vertex -1.6190569 -9.957104 1
      vertex -1.7655493 -10.782061 1
    endloop
  endfacet
  facet normal 0 0 1
    outer loop
      vertex -1.6190569 -9.957104 1
      vertex -2.4019516 -10.255583 1
      vertex -2.100312 -10.538841 1
    endloop
  endfacet
  facet normal 0 0 1
    outer loop
      vertex -1.8515803 -9.7387495 1
      vertex -2.0549033 -9.492974 1
      vertex -2.665711 -9.936752 1
    endloop
  endfacet
  facet normal 0 0 1
    outer loop
      vertex -2.4019516 -10.255583 1
      vertex -1.8515803 -9.7387495 1
      vertex -2.665711 -9.936752 1
    endloop
  endfacet
  facet normal 0 0 1
    outer loop
      vertex -2.665711 -9.936752 1
      vertex -2.2258189 -9.223655 1
      vertex -2.8874304 -9.5873785 1
    endloop
  endfacet
  facet normal 0 0 1
    outer loop
      vertex -2.665711 -9.936752 1
      vertex -2.0549033 -9.492974 1
      vertex -2.2258189 -9.223655 1
    endloop
  endfacet
  facet normal 0 0 1
    outer loop
      vertex -2.8874304 -9.5873785 1
      vertex -2.3616323 -8.935037 1
      vertex -3.0636134 -9.212971 1
    endloop
  endfacet
  facet normal 0 0 1
    outer loop
      vertex -2.8874304 -9.5873785 1
      vertex -2.2258189 -9.223655 1
      vertex -2.3616323 -8.935037 1
    endloop
  endfacet
  facet normal 0 0 1
    outer loop
      vertex -2.3616323 -8.935037 1
      vertex -3.1914816 -8.819433 1
      vertex -3.0636134 -9.212971 1
    endloop
  endfacet
  facet normal 0 0 1
    outer loop
      vertex -2.4602013 -8.631672 1
      vertex -3.269018 -8.412973 1
      vertex -3.1914816 -8.819433 1
    endloop
  endfacet
  facet normal 0 0 1
    outer loop
      vertex -2.5199714 -8.318346 1
      vertex -3.295 -8 1
      vertex -3.269018 -8.412973 1
    endloop
  endfacet
  facet normal 0 0 1
    outer loop
      vertex -2.54 -8 1
      vertex -2.5199714 -7.6816535 1
      vertex -3.269018 -7.587027 1
    endloop
  endfacet
  facet normal 0 0 1
    outer loop
      vertex -3.295 -8 1
      vertex -2.54 -8 1
      vertex -3.269018 -7.587027 1
    endloop
  endfacet
  facet normal 0 0 1
    outer loop
      vertex -2.5199714 -7.6816535 1
      vertex -2.4602013 -7.3683276 1
      vertex -3.269018 -7.587027 1
    endloop
  endfacet
  facet normal 0 0 1
    outer loop
      vertex -2.4602013 -7.3683276 1
      vertex -2.3616323 -7.064964 1
      vertex -3.1914816 -7.180567 1
    endloop
  endfacet
  facet normal 0 0 1
    outer loop
      vertex -2.3616323 -7.064964 1
      vertex -2.8874304 -6.4126215 1
      vertex -3.0636134 -6.7870297 1
    endloop
  endfacet
  facet normal 0 0 1
    outer loop
      vertex -2.2258189 -6.7763457 1
      vertex -2.665711 -6.0632477 1
      vertex -2.8874304 -6.4126215 1
    endloop
  endfacet
  facet normal 0 0 1
    outer loop
      vertex -2.0549033 -6.5070252 1
      vertex -1.8515803 -6.2612505 1
      vertex -2.665711 -6.0632477 1
    endloop
  endfacet
  facet normal 0 0 1
    outer loop
      vertex -2.100312 -5.4611588 1
      vertex -2.4019516 -5.744417 1
      vertex -1.6190569 -6.0428963 1
    endloop
  endfacet
  facet normal 0 0 1
    outer loop
      vertex -1.6190569 -6.0428963 1
      vertex -1.7655493 -5.2179394 1
      vertex -2.100312 -5.4611588 1
    endloop
  endfacet
  facet normal 0 0 1
    outer loop
      vertex -1.3610001 -5.855407 1
      vertex -1.0814794 -5.7017393 1
      vertex -1.4029428 -5.0185947 1
    endloop
  endfacet
  facet normal 0 0 1
    outer loop
      vertex -1.7655493 -5.2179394 1
      vertex -1.3610001 -5.855407 1
      vertex -1.4029428 -5.0185947 1
    endloop
  endfacet
  facet normal 0 0 1
    outer loop
      vertex -1.4029428 -5.0185947 1
      vertex -0.78490317 -5.5843163 1
      vertex -1.018211 -4.8662686 1
    endloop
  endfacet
  facet normal 0 0 1
    outer loop
      vertex -1.4029428 -5.0185947 1
      vertex -1.0814794 -5.7017393 1
      vertex -0.78490317 -5.5843163 1
    endloop
  endfacet
  facet normal 0 0 1
    outer loop
      vertex -0.78490317 -5.5843163 1
      vertex -0.47594854 -5.5049906 1
      vertex -1.018211 -4.8662686 1
    endloop
  endfacet
  facet normal 0 0 1
    outer loop
      vertex -0.47594854 -5.5049906 1
      vertex -0.20689476 -4.711502 1
      vertex -0.61742145 -4.7633634 1
    endloop
  endfacet
  facet normal 0 0 1
    outer loop
      vertex -0.15948792 -5.465012 1
      vertex 0.15948792 -5.465012 1
      vertex -0.20689476 -4.711502 1
    endloop
  endfacet
  facet normal 0 0 1
    outer loop
      vertex 0.61742145 -4.7633634 1
      vertex 0.20689476 -4.711502 1
      vertex 0.47594854 -5.5049906 1
    endloop
  endfacet
  facet normal 0 0 1
    outer loop
      vertex 0.47594854 -5.5049906 1
      vertex 1.018211 -4.8662686 1
      vertex 0.61742145 -4.7633634 1
    endloop
  endfacet
  facet normal 0 0 1
    outer loop
      vertex 1.4029428 -5.0185947 1
      vertex 0.78490317 -5.5843163 1
      vertex 1.0814794 -5.7017393 1
    endloop
  endfacet
  facet normal 0 0 1
    outer loop
      vertex 1.7655493 -5.2179394 1
      vertex 1.4029428 -5.0185947 1
      vertex 1.3610001 -5.855407 1
    endloop
  endfacet
  facet normal 0 0 1
    outer loop
      vertex 1.3610001 -5.855407 1
      vertex 2.100312 -5.4611588 1
      vertex 1.7655493 -5.2179394 1
    endloop
  endfacet
  facet normal 0 0 1
    outer loop
      vertex 2.4019516 -5.744417 1
      vertex 2.100312 -5.4611588 1
      vertex 1.8515803 -6.2612505 1
    endloop
  endfacet
  facet normal 0 0 1
    outer loop
      vertex 2.665711 -6.0632477 1
      vertex 2.4019516 -5.744417 1
      vertex 2.0549033 -6.5070252 1
    endloop
  endfacet
  facet normal 0 0 1
    outer loop
      vertex 2.665711 -6.0632477 1
      vertex 2.2258189 -6.7763457 1
      vertex 2.8874304 -6.4126215 1
    endloop
  endfacet
  facet normal 0 0 1
    outer loop
      vertex 2.665711 -6.0632477 1
      vertex 2.0549033 -6.5070252 1
      vertex 2.2258189 -6.7763457 1
    endloop
  endfacet
  facet normal 0 0 1
    outer loop
      vertex 3.0636134 -6.7870297 1
      vertex 2.2258189 -6.7763457 1
      vertex 2.3616323 -7.064964 1
    endloop
  endfacet
  facet normal 0 0 1
    outer loop
      vertex 3.0636134 -6.7870297 1
      vertex 2.4602013 -7.3683276 1
      vertex 3.1914816 -7.180567 1
    endloop
  endfacet
  facet normal 0 0 1
    outer loop
      vertex 3.0636134 -6.7870297 1
      vertex 2.3616323 -7.064964 1
      vertex 2.4602013 -7.3683276 1
    endloop
  endfacet
  facet normal 0 0 1
    outer loop
      vertex 2.4602013 -7.3683276 1
      vertex 2.5199714 -7.6816535 1
      vertex 3.269018 -7.587027 1
    endloop
  endfacet
  facet normal 0 0 1
    outer loop
      vertex 3.1914816 -7.180567 1
      vertex 2.4602013 -7.3683276 1
      vertex 3.269018 -7.587027 1
    endloop
  endfacet
  facet normal 0 0 1
    outer loop
      vertex 3.295 -8 1
      vertex 3.269018 -7.587027 1
      vertex 2.54 -8 1
    endloop
  endfacet
  facet normal 0 0 1
    outer loop
      vertex 2.54 -8 1
      vertex 2.5199714 -8.318346 1
      vertex 3.295 -8 1
    endloop
  endfacet
  facet normal 0 0 1
    outer loop
      vertex 2.5199714 -8.318346 1
      vertex 2.4602013 -8.631672 1
      vertex 3.269018 -8.412973 1
    endloop
  endfacet
  facet normal 0 0 1
    outer loop
      vertex 2.8874304 -9.5873785 1
      vertex 3.0636134 -9.212971 1
      vertex 2.3616323 -8.935037 1
    endloop
  endfacet
  facet normal 0 0 1
    outer loop
      vertex 2.665711 -9.936752 1
      vertex 2.8874304 -9.5873785 1
      vertex 2.2258189 -9.223655 1
    endloop
  endfacet
  facet normal 0 0 1
    outer loop
      vertex 2.665711 -9.936752 1
      vertex 2.2258189 -9.223655 1
      vertex 2.0549033 -9.492974 1
    endloop
  endfacet
  facet normal 0 0 1
    outer loop
      vertex 2.665711 -9.936752 1
      vertex 2.0549033 -9.492974 1
      vertex 1.8515803 -9.7387495 1
    endloop
  endfacet
  facet normal 0 0 1
    outer loop
      vertex 2.4019516 -10.255583 1
      vertex 1.8515803 -9.7387495 1
      vertex 2.100312 -10.538841 1
    endloop
  endfacet
  facet normal 0 0 1
    outer loop
      vertex 2.100312 -10.538841 1
      vertex 1.6190569 -9.957104 1
      vertex 1.7655493 -10.782061 1
    endloop
  endfacet
  facet normal 0 0 1
    outer loop
      vertex 1.6190569 -9.957104 1
      vertex 1.3610001 -10.144593 1
      vertex 1.7655493 -10.782061 1
    endloop
  endfacet
  facet normal 0 0 1
    outer loop
      vertex 1.3610001 -10.144593 1
      vertex 1.0814794 -10.298261 1
      vertex 1.7655493 -10.782061 1
    endloop
  endfacet
  facet normal 0 0 1
    outer loop
      vertex 1.0814794 -10.298261 1
      vertex 1.018211 -11.133731 1
      vertex 1.4029428 -10.981405 1
    endloop
  endfacet
  facet normal 0 0 1
    outer loop
      vertex 0.78490317 -10.415684 1
      vertex 0.61742145 -11.236636 1
      vertex 1.018211 -11.133731 1
    endloop
  endfacet
  facet normal 0 0 1
    outer loop
      vertex 0.47594854 -10.495009 1
      vertex 0.61742145 -11.236636 1
      vertex 0.78490317 -10.415684 1
    endloop
  endfacet
  facet normal 0 0 1
    outer loop
      vertex 0.15948792 -10.534987 1
      vertex 0.61742145 -11.236636 1
      vertex 0.47594854 -10.495009 1
    endloop
  endfacet
  facet normal 1 0 0
    outer loop
      vertex 7.8999996 -15.9 1.5999994
      vertex 7.8999996 15.9 -1.5999994
      vertex 7.8999996 15.9 1.5999994
    endloop
  endfacet
  facet normal 1 0 0
    outer loop
      vertex 7.8999996 15.9 -1.5999994
      vertex 7.8999996 -15.9 1.5999994
      vertex 7.8999996 -15.9 -1.5999994
    endloop
  endfacet
  facet normal 0 0 1
    outer loop
      vertex -7.8999996 15.9 1.5999994
      vertex 7.8999996 -15.9 1.5999994
      vertex 7.8999996 15.9 1.5999994
    endloop
  endfacet
  facet normal 0 0 1
    outer loop
      vertex 7.8999996 -15.9 1.5999994
      vertex -7.8999996 15.9 1.5999994
      vertex -7.8999996 -15.9 1.5999994
    endloop
  endfacet
  facet normal 0 0 -1
    outer loop
      vertex 7.8999996 -15.9 -1.5999994
      vertex 6.5 -14.5 -1.5999994
      vertex 7.8999996 15.9 -1.5999994
    endloop
  endfacet
  facet normal 0 0 -1
    outer loop
      vertex 7.8999996 -15.9 -1.5999994
      vertex -6.5 -14.5 -1.5999994
      vertex 6.5 -14.5 -1.5999994
    endloop
  endfacet
  facet normal 0 0 -1
    outer loop
      vertex -6.5 -14.5 -1.5999994
      vertex -7.8999996 -15.9 -1.5999994
      vertex -6.5 14.5 -1.5999994
    endloop
  endfacet
  facet normal 0 0 -1
    outer loop
      vertex -7.8999996 -15.9 -1.5999994
      vertex -6.5 -14.5 -1.5999994
      vertex 7.8999996 -15.9 -1.5999994
    endloop
  endfacet
  facet normal 0 0 -1
    outer loop
      vertex 6.5 14.5 -1.5999994
      vertex 7.8999996 15.9 -1.5999994
      vertex 6.5 -14.5 -1.5999994
    endloop
  endfacet
  facet normal 0 0 -1
    outer loop
      vertex -6.5 14.5 -1.5999994
      vertex 7.8999996 15.9 -1.5999994
      vertex 6.5 14.5 -1.5999994
    endloop
  endfacet
  facet normal 0 0 -1
    outer loop
      vertex -6.5 14.5 -1.5999994
      vertex -7.8999996 15.9 -1.5999994
      vertex 7.8999996 15.9 -1.5999994
    endloop
  endfacet
  facet normal 0 0 -1
    outer loop
      vertex -7.8999996 15.9 -1.5999994
      vertex -6.5 14.5 -1.5999994
      vertex -7.8999996 -15.9 -1.5999994
    endloop
  endfacet
  facet normal -1 0 0
    outer loop
      vertex -7.8999996 -15.9 -1.5999994
      vertex -7.8999996 15.9 1.5999994
      vertex -7.8999996 15.9 -1.5999994
    endloop
  endfacet
  facet normal -1 0 0
    outer loop
      vertex -7.8999996 15.9 1.5999994
      vertex -7.8999996 -15.9 -1.5999994
      vertex -7.8999996 -15.9 1.5999994
    endloop
  endfacet
  facet normal 0 1 0
    outer loop
      vertex 7.8999996 15.9 -1.5999994
      vertex -7.8999996 15.9 1.5999994
      vertex 7.8999996 15.9 1.5999994
    endloop
  endfacet
  facet normal 0 1 0
    outer loop
      vertex -7.8999996 15.9 1.5999994
      vertex 7.8999996 15.9 -1.5999994
      vertex -7.8999996 15.9 -1.5999994
    endloop
  endfacet
  facet normal 0 -1 0
    outer loop
      vertex -7.8999996 -15.9 -1.5999994
      vertex 7.8999996 -15.9 1.5999994
      vertex -7.8999996 -15.9 1.5999994
    endloop
  endfacet
  facet normal 0 -1 0
    outer loop
      vertex 7.8999996 -15.9 1.5999994
      vertex -7.8999996 -15.9 -1.5999994
      vertex 7.8999996 -15.9 -1.5999994
    endloop
  endfacet
  facet normal -1 0 0
    outer loop
      vertex 6.5 -14.5 -1.5999994
      vertex 6.5 14.5 1
      vertex 6.5 14.5 -1.5999994
    endloop
  endfacet
  facet normal -1 0 0
    outer loop
      vertex 6.5 14.5 1
      vertex 6.5 -14.5 -1.5999994
      vertex 6.5 -14.5 1
    endloop
  endfacet
  facet normal 0 0 -1
    outer loop
      vertex -6.5 -14.5 1
      vertex 6.5 14.5 1
      vertex 6.5 -14.5 1
    endloop
  endfacet
  facet normal 0 0 -1
    outer loop
      vertex 6.5 14.5 1
      vertex -6.5 -14.5 1
      vertex -6.5 14.5 1
    endloop
  endfacet
  facet normal 1 0 0
    outer loop
      vertex -6.5 -14.5 1
      vertex -6.5 14.5 -1.5999994
      vertex -6.5 14.5 1
    endloop
  endfacet
  facet normal 1 0 0
    outer loop
      vertex -6.5 14.5 -1.5999994
      vertex -6.5 -14.5 1
      vertex -6.5 -14.5 -1.5999994
    endloop
  endfacet
  facet normal 0 -1 0
    outer loop
      vertex -6.5 14.5 -1.5999994
      vertex 6.5 14.5 1
      vertex -6.5 14.5 1
    endloop
  endfacet
  facet normal 0 -1 0
    outer loop
      vertex 6.5 14.5 1
      vertex -6.5 14.5 -1.5999994
      vertex 6.5 14.5 -1.5999994
    endloop
  endfacet
  facet normal 0 1 0
    outer loop
      vertex 6.5 -14.5 -1.5999994
      vertex -6.5 -14.5 1
      vertex 6.5 -14.5 1
    endloop
  endfacet
  facet normal 0 1 0
    outer loop
      vertex -6.5 -14.5 1
      vertex 6.5 -14.5 -1.5999994
      vertex -6.5 -14.5 -1.5999994
    endloop
  endfacet
endsolid OpenSCAD_Model
